Build lock acquired. Persistent log: D:\Arcade\AI\s32\build-20260728-113143-41088.log
s32Alien3.qsf is current.
[0/4] Validating toolchain, active revision, resources, and exclusivity...
Build preflight passed.
  Project root:     D:\Arcade\AI\s32
  Quartus:          D:\Q17 (17.0.2.602)
  Project/revision: s32Alien3 / s32Alien3
  Release:          s32Alien3.rbf
  Seeds:            2
  Retries:          map=1, fit-crash=1
  Resume fit:       1
  Free disk:        1507.7 GiB
[1/4] Smart Recompile flow compile; preserving db, incremental_db, and output caches...
Info: *******************************************************************
Info: Running Quartus Prime Shell
    Info: Version 17.0.2 Build 602 07/19/2017 SJ Lite Edition
    Info: Copyright (C) 2017  Intel Corporation. All rights reserved.
    Info: Your use of Intel Corporation's design tools, logic functions 
    Info: and other software and tools, and its AMPP partner logic 
    Info: functions, and any output files from any of the foregoing 
    Info: (including device programming or simulation files), and any 
    Info: associated documentation or information are expressly subject 
    Info: to the terms and conditions of the Intel Program License 
    Info: Subscription Agreement, the Intel Quartus Prime License Agreement,
    Info: the Intel MegaCore Function License Agreement, or other 
    Info: applicable license agreement, including, without limitation, 
    Info: that your use is for the sole purpose of programming logic 
    Info: devices manufactured by Intel and sold by Intel or its 
    Info: authorized distributors.  Please refer to the applicable 
    Info: agreement for further details.
    Info: Processing started: Tue Jul 28 11:31:44 2026
Info: Command: quartus_sh --flow compile s32Alien3 -c s32Alien3
Info: Quartus(args): compile s32Alien3 -c s32Alien3
Info: Project Name = D:/Arcade/AI/s32/s32Alien3
Info: Revision Name = s32Alien3
Info (293032): Detected changes in source files.
    Info (293027): Source file: D:/Arcade/AI/s32/sys/sys_top.v has changed.
    Info (293027): Source file: D:/Arcade/AI/s32/Arcade-SegaSystem32.sv has changed.
    Info (293027): Source file: D:/Arcade/AI/s32/rtl/s32_core.sv has changed.
    Info (293027): Source file: D:/Arcade/AI/s32/rtl/audio/s32_audio_mix.sv has changed.
    Info (293027): Source file: D:/Arcade/AI/s32/rtl/io/s32_io.sv has changed.
    Info (293027): Source file: D:/Arcade/AI/s32/rtl/mem/s32_fb_if.sv has changed.
Info (293032): Detected changes in source files.
    Info (293027): Source file: D:/Arcade/AI/s32/sys/sys_top.v has changed.
    Info (293027): Source file: D:/Arcade/AI/s32/Arcade-SegaSystem32.sv has changed.
    Info (293027): Source file: D:/Arcade/AI/s32/rtl/s32_core.sv has changed.
    Info (293027): Source file: D:/Arcade/AI/s32/rtl/audio/s32_audio_mix.sv has changed.
    Info (293027): Source file: D:/Arcade/AI/s32/rtl/io/s32_io.sv has changed.
    Info (293027): Source file: D:/Arcade/AI/s32/rtl/mem/s32_fb_if.sv has changed.
Info (293032): Detected changes in source files.
    Info (293027): Source file: D:/Arcade/AI/s32/sys/sys_top.v has changed.
    Info (293027): Source file: D:/Arcade/AI/s32/Arcade-SegaSystem32.sv has changed.
    Info (293027): Source file: D:/Arcade/AI/s32/rtl/s32_core.sv has changed.
    Info (293027): Source file: D:/Arcade/AI/s32/rtl/audio/s32_audio_mix.sv has changed.
    Info (293027): Source file: D:/Arcade/AI/s32/rtl/io/s32_io.sv has changed.
    Info (293027): Source file: D:/Arcade/AI/s32/rtl/mem/s32_fb_if.sv has changed.
Info: *******************************************************************
Info: Running Quartus Prime Shell
    Info: Version 17.0.2 Build 602 07/19/2017 SJ Lite Edition
    Info: Processing started: Tue Jul 28 11:31:48 2026
Info: Command: quartus_sh -t sys/build_id.tcl compile s32Alien3 s32Alien3
Info: Quartus(args): compile s32Alien3 s32Alien3
Info (23030): Evaluation of Tcl script sys/build_id.tcl was successful
Info: Quartus Prime Shell was successful. 0 errors, 0 warnings
    Info: Peak virtual memory: 4763 megabytes
    Info: Processing ended: Tue Jul 28 11:31:49 2026
    Info: Elapsed time: 00:00:01
    Info: Total CPU time (on all processors): 00:00:00
Info: *******************************************************************
Info: Running Quartus Prime Analysis & Synthesis
    Info: Version 17.0.2 Build 602 07/19/2017 SJ Lite Edition
    Info: Processing started: Tue Jul 28 11:31:50 2026
Info: Command: quartus_map --read_settings_files=on --write_settings_files=off s32Alien3 -c s32Alien3
Info (20032): Parallel compilation is enabled and will use up to 6 processors
Info (12021): Found 1 design units, including 1 entities, in source file sys/pll_hdmi.v
    Info (12023): Found entity 1: pll_hdmi File: D:/Arcade/AI/s32/sys/pll_hdmi.v Line: 8
Info (12021): Found 1 design units, including 1 entities, in source file sys/pll_hdmi/pll_hdmi_0002.v
    Info (12023): Found entity 1: pll_hdmi_0002 File: D:/Arcade/AI/s32/sys/pll_hdmi/pll_hdmi_0002.v Line: 2
Info (12021): Found 1 design units, including 1 entities, in source file sys/pll_audio.v
    Info (12023): Found entity 1: pll_audio File: D:/Arcade/AI/s32/sys/pll_audio.v Line: 8
Info (12021): Found 1 design units, including 1 entities, in source file sys/pll_audio/pll_audio_0002.v
    Info (12023): Found entity 1: pll_audio_0002 File: D:/Arcade/AI/s32/sys/pll_audio/pll_audio_0002.v Line: 2
Info (12021): Found 1 design units, including 1 entities, in source file sys/pll_cfg/pll_cfg.v
    Info (12023): Found entity 1: pll_cfg File: D:/Arcade/AI/s32/sys/pll_cfg/pll_cfg.v Line: 8
Info (12021): Found 1 design units, including 1 entities, in source file sys/pll_cfg/pll_cfg_hdmi.v
    Info (12023): Found entity 1: pll_cfg_hdmi File: D:/Arcade/AI/s32/sys/pll_cfg/pll_cfg_hdmi.v Line: 16
Info (12021): Found 1 design units, including 1 entities, in source file sys/pll_cfg/altera_pll_reconfig_top.v
    Info (12023): Found entity 1: altera_pll_reconfig_top File: D:/Arcade/AI/s32/sys/pll_cfg/altera_pll_reconfig_top.v Line: 16
Info (12021): Found 6 design units, including 6 entities, in source file sys/pll_cfg/altera_pll_reconfig_core.v
    Info (12023): Found entity 1: altera_pll_reconfig_core File: D:/Arcade/AI/s32/sys/pll_cfg/altera_pll_reconfig_core.v Line: 16
    Info (12023): Found entity 2: self_reset File: D:/Arcade/AI/s32/sys/pll_cfg/altera_pll_reconfig_core.v Line: 1691
    Info (12023): Found entity 3: dprio_mux File: D:/Arcade/AI/s32/sys/pll_cfg/altera_pll_reconfig_core.v Line: 1739
    Info (12023): Found entity 4: fpll_dprio_init File: D:/Arcade/AI/s32/sys/pll_cfg/altera_pll_reconfig_core.v Line: 1789
    Info (12023): Found entity 5: dyn_phase_shift File: D:/Arcade/AI/s32/sys/pll_cfg/altera_pll_reconfig_core.v Line: 1884
    Info (12023): Found entity 6: generic_lcell_comb File: D:/Arcade/AI/s32/sys/pll_cfg/altera_pll_reconfig_core.v Line: 2112
Info (12021): Found 3 design units, including 3 entities, in source file sys/sys_top.v
    Info (12023): Found entity 1: sys_top File: D:/Arcade/AI/s32/sys/sys_top.v Line: 22
    Info (12023): Found entity 2: sync_fix File: D:/Arcade/AI/s32/sys/sys_top.v Line: 1927
    Info (12023): Found entity 3: csync File: D:/Arcade/AI/s32/sys/sys_top.v Line: 1959
Info (12021): Found 2 design units, including 1 entities, in source file sys/ascal.vhd
    Info (12022): Found design unit 1: ascal-rtl File: D:/Arcade/AI/s32/sys/ascal.vhd Line: 269
    Info (12023): Found entity 1: ascal File: D:/Arcade/AI/s32/sys/ascal.vhd Line: 114
Info (12021): Found 2 design units, including 1 entities, in source file sys/pll_hdmi_adj.vhd
    Info (12022): Found design unit 1: pll_hdmi_adj-rtl File: D:/Arcade/AI/s32/sys/pll_hdmi_adj.vhd Line: 53
    Info (12023): Found entity 1: pll_hdmi_adj File: D:/Arcade/AI/s32/sys/pll_hdmi_adj.vhd Line: 21
Info (12021): Found 3 design units, including 3 entities, in source file sys/math.sv
    Info (12023): Found entity 1: sys_udiv File: D:/Arcade/AI/s32/sys/math.sv Line: 3
    Info (12023): Found entity 2: sys_umul File: D:/Arcade/AI/s32/sys/math.sv Line: 46
    Info (12023): Found entity 3: sys_umuldiv File: D:/Arcade/AI/s32/sys/math.sv Line: 85
Info (12021): Found 5 design units, including 5 entities, in source file sys/hq2x.sv
    Info (12023): Found entity 1: Hq2x File: D:/Arcade/AI/s32/sys/hq2x.sv Line: 13
    Info (12023): Found entity 2: hq2x_in File: D:/Arcade/AI/s32/sys/hq2x.sv Line: 226
    Info (12023): Found entity 3: hq2x_buf File: D:/Arcade/AI/s32/sys/hq2x.sv Line: 250
    Info (12023): Found entity 4: DiffCheck File: D:/Arcade/AI/s32/sys/hq2x.sv Line: 271
    Info (12023): Found entity 5: Blend File: D:/Arcade/AI/s32/sys/hq2x.sv Line: 298
Info (12021): Found 1 design units, including 1 entities, in source file sys/scandoubler.v
    Info (12023): Found entity 1: scandoubler File: D:/Arcade/AI/s32/sys/scandoubler.v Line: 22
Info (12021): Found 1 design units, including 1 entities, in source file sys/scanlines.v
    Info (12023): Found entity 1: scanlines File: D:/Arcade/AI/s32/sys/scanlines.v Line: 1
Info (12021): Found 1 design units, including 1 entities, in source file sys/shadowmask.sv
    Info (12023): Found entity 1: shadowmask File: D:/Arcade/AI/s32/sys/shadowmask.sv Line: 1
Info (12021): Found 2 design units, including 2 entities, in source file sys/video_cleaner.sv
    Info (12023): Found entity 1: video_cleaner File: D:/Arcade/AI/s32/sys/video_cleaner.sv Line: 12
    Info (12023): Found entity 2: s_fix File: D:/Arcade/AI/s32/sys/video_cleaner.sv Line: 81
Info (12021): Found 2 design units, including 2 entities, in source file sys/gamma_corr.sv
    Info (12023): Found entity 1: gamma_corr File: D:/Arcade/AI/s32/sys/gamma_corr.sv Line: 1
    Info (12023): Found entity 2: gamma_fast File: D:/Arcade/AI/s32/sys/gamma_corr.sv Line: 62
Info (12021): Found 1 design units, including 1 entities, in source file sys/video_mixer.sv
    Info (12023): Found entity 1: video_mixer File: D:/Arcade/AI/s32/sys/video_mixer.sv Line: 19
Info (12021): Found 2 design units, including 2 entities, in source file sys/video_freak.sv
    Info (12023): Found entity 1: video_freak File: D:/Arcade/AI/s32/sys/video_freak.sv Line: 16
    Info (12023): Found entity 2: video_scale_int File: D:/Arcade/AI/s32/sys/video_freak.sv Line: 141
Info (12021): Found 2 design units, including 2 entities, in source file sys/video_freezer.sv
    Info (12023): Found entity 1: video_freezer File: D:/Arcade/AI/s32/sys/video_freezer.sv Line: 21
    Info (12023): Found entity 2: sync_lock File: D:/Arcade/AI/s32/sys/video_freezer.sv Line: 80
Info (12021): Found 2 design units, including 2 entities, in source file sys/arcade_video.v
    Info (12023): Found entity 1: arcade_video File: D:/Arcade/AI/s32/sys/arcade_video.v Line: 29
    Info (12023): Found entity 2: screen_rotate File: D:/Arcade/AI/s32/sys/arcade_video.v Line: 168
Info (12021): Found 1 design units, including 1 entities, in source file sys/osd.v
    Info (12023): Found entity 1: osd File: D:/Arcade/AI/s32/sys/osd.v Line: 4
Info (12021): Found 1 design units, including 1 entities, in source file sys/vga_out.sv
    Info (12023): Found entity 1: vga_out File: D:/Arcade/AI/s32/sys/vga_out.sv Line: 2
Info (12021): Found 1 design units, including 1 entities, in source file sys/yc_out.sv
    Info (12023): Found entity 1: yc_out File: D:/Arcade/AI/s32/sys/yc_out.sv Line: 27
Info (12021): Found 1 design units, including 1 entities, in source file sys/i2c.v
    Info (12023): Found entity 1: i2c File: D:/Arcade/AI/s32/sys/i2c.v Line: 2
Info (12021): Found 1 design units, including 1 entities, in source file sys/alsa.sv
    Info (12023): Found entity 1: alsa File: D:/Arcade/AI/s32/sys/alsa.sv Line: 22
Info (12021): Found 1 design units, including 1 entities, in source file sys/i2s.v
    Info (12023): Found entity 1: i2s File: D:/Arcade/AI/s32/sys/i2s.v Line: 2
Info (12021): Found 1 design units, including 1 entities, in source file sys/spdif.v
    Info (12023): Found entity 1: spdif File: D:/Arcade/AI/s32/sys/spdif.v Line: 33
Info (12021): Found 2 design units, including 2 entities, in source file sys/audio_out.sv
    Info (12023): Found entity 1: audio_out File: D:/Arcade/AI/s32/sys/audio_out.sv Line: 22
    Info (12023): Found entity 2: aud_mix_top File: D:/Arcade/AI/s32/sys/audio_out.sv Line: 281
Info (12021): Found 3 design units, including 3 entities, in source file sys/iir_filter.v
    Info (12023): Found entity 1: IIR_filter File: D:/Arcade/AI/s32/sys/iir_filter.v Line: 22
    Info (12023): Found entity 2: iir_filter_tap File: D:/Arcade/AI/s32/sys/iir_filter.v Line: 148
    Info (12023): Found entity 3: DC_blocker File: D:/Arcade/AI/s32/sys/iir_filter.v Line: 189
Info (12021): Found 2 design units, including 2 entities, in source file sys/ltc2308.sv
    Info (12023): Found entity 1: ltc2308 File: D:/Arcade/AI/s32/sys/ltc2308.sv Line: 28
    Info (12023): Found entity 2: ltc2308_tape File: D:/Arcade/AI/s32/sys/ltc2308.sv Line: 105
Info (12021): Found 1 design units, including 1 entities, in source file sys/sigma_delta_dac.v
    Info (12023): Found entity 1: sigma_delta_dac File: D:/Arcade/AI/s32/sys/sigma_delta_dac.v Line: 6
Info (12021): Found 1 design units, including 1 entities, in source file sys/mt32pi.sv
    Info (12023): Found entity 1: mt32pi File: D:/Arcade/AI/s32/sys/mt32pi.sv Line: 8
Info (12021): Found 1 design units, including 1 entities, in source file sys/mcp23009.sv
    Info (12023): Found entity 1: mcp23009 File: D:/Arcade/AI/s32/sys/mcp23009.sv Line: 5
Info (12021): Found 1 design units, including 1 entities, in source file sys/f2sdram_safe_terminator.sv
    Info (12023): Found entity 1: f2sdram_safe_terminator File: D:/Arcade/AI/s32/sys/f2sdram_safe_terminator.sv Line: 55
Info (12021): Found 1 design units, including 1 entities, in source file sys/ddr_svc.sv
    Info (12023): Found entity 1: ddr_svc File: D:/Arcade/AI/s32/sys/ddr_svc.sv Line: 23
Info (12021): Found 2 design units, including 2 entities, in source file sys/sysmem.sv
    Info (12023): Found entity 1: sysmem_lite File: D:/Arcade/AI/s32/sys/sysmem.sv Line: 2
    Info (12023): Found entity 2: sysmem_HPS_fpga_interfaces File: D:/Arcade/AI/s32/sys/sysmem.sv Line: 241
Info (12021): Found 1 design units, including 1 entities, in source file sys/sd_card.sv
    Info (12023): Found entity 1: sd_card File: D:/Arcade/AI/s32/sys/sd_card.sv Line: 28
Info (12021): Found 4 design units, including 4 entities, in source file sys/hps_io.sv
    Info (12023): Found entity 1: hps_io File: D:/Arcade/AI/s32/sys/hps_io.sv Line: 35
    Info (12023): Found entity 2: ps2_device File: D:/Arcade/AI/s32/sys/hps_io.sv Line: 711
    Info (12023): Found entity 3: video_calc File: D:/Arcade/AI/s32/sys/hps_io.sv Line: 854
    Info (12023): Found entity 4: confstr_rom File: D:/Arcade/AI/s32/sys/hps_io.sv Line: 1022
Info (12021): Found 1 design units, including 1 entities, in source file arcade-segasystem32.sv
    Info (12023): Found entity 1: emu File: D:/Arcade/AI/s32/Arcade-SegaSystem32.sv Line: 6
Info (12021): Found 1 design units, including 0 entities, in source file rtl/s32_pkg.sv
    Info (12022): Found design unit 1: s32_pkg (SystemVerilog) File: D:/Arcade/AI/s32/rtl/s32_pkg.sv Line: 7
Info (12021): Found 2 design units, including 2 entities, in source file rtl/s32_core.sv
    Info (12023): Found entity 1: s32_core File: D:/Arcade/AI/s32/rtl/s32_core.sv Line: 17
    Info (12023): Found entity 2: s32_ga_rom_cache File: D:/Arcade/AI/s32/rtl/s32_core.sv Line: 1742
Info (12021): Found 1 design units, including 1 entities, in source file rtl/cpu/v60/s32_v60.sv
    Info (12023): Found entity 1: s32_v60 File: D:/Arcade/AI/s32/rtl/cpu/v60/s32_v60.sv Line: 30
Info (12021): Found 1 design units, including 1 entities, in source file rtl/cpu/v60/s32_v60_bus.sv
    Info (12023): Found entity 1: s32_v60_bus File: D:/Arcade/AI/s32/rtl/cpu/v60/s32_v60_bus.sv Line: 8
Info (12021): Found 0 design units, including 0 entities, in source file rtl/cpu/v25/s80x86/generated/microcodetypes.sv
Info (12021): Found 0 design units, including 0 entities, in source file rtl/cpu/v25/s80x86/rtl/alu/aaa.sv
Info (12021): Found 0 design units, including 0 entities, in source file rtl/cpu/v25/s80x86/rtl/alu/aas.sv
Info (12021): Found 0 design units, including 0 entities, in source file rtl/cpu/v25/s80x86/rtl/alu/adc.sv
Info (12021): Found 0 design units, including 0 entities, in source file rtl/cpu/v25/s80x86/rtl/alu/add.sv
Info (12021): Found 0 design units, including 0 entities, in source file rtl/cpu/v25/s80x86/rtl/alu/and.sv
Info (12021): Found 0 design units, including 0 entities, in source file rtl/cpu/v25/s80x86/rtl/alu/bound.sv
Info (12021): Found 0 design units, including 0 entities, in source file rtl/cpu/v25/s80x86/rtl/alu/daa.sv
Info (12021): Found 0 design units, including 0 entities, in source file rtl/cpu/v25/s80x86/rtl/alu/das.sv
Info (12021): Found 0 design units, including 0 entities, in source file rtl/cpu/v25/s80x86/rtl/alu/enter.sv
Info (12021): Found 0 design units, including 0 entities, in source file rtl/cpu/v25/s80x86/rtl/alu/extend.sv
Info (12021): Found 0 design units, including 0 entities, in source file rtl/cpu/v25/s80x86/rtl/alu/flags.sv
Info (12021): Found 0 design units, including 0 entities, in source file rtl/cpu/v25/s80x86/rtl/alu/mul.sv
Info (12021): Found 0 design units, including 0 entities, in source file rtl/cpu/v25/s80x86/rtl/alu/or.sv
Info (12021): Found 0 design units, including 0 entities, in source file rtl/cpu/v25/s80x86/rtl/alu/not.sv
Info (12021): Found 0 design units, including 0 entities, in source file rtl/cpu/v25/s80x86/rtl/alu/rcl.sv
Info (12021): Found 0 design units, including 0 entities, in source file rtl/cpu/v25/s80x86/rtl/alu/rcr.sv
Info (12021): Found 0 design units, including 0 entities, in source file rtl/cpu/v25/s80x86/rtl/alu/rol.sv
Info (12021): Found 0 design units, including 0 entities, in source file rtl/cpu/v25/s80x86/rtl/alu/ror.sv
Info (12021): Found 0 design units, including 0 entities, in source file rtl/cpu/v25/s80x86/rtl/alu/sar.sv
Info (12021): Found 0 design units, including 0 entities, in source file rtl/cpu/v25/s80x86/rtl/alu/shift_flags.sv
Info (12021): Found 0 design units, including 0 entities, in source file rtl/cpu/v25/s80x86/rtl/alu/shl.sv
Info (12021): Found 0 design units, including 0 entities, in source file rtl/cpu/v25/s80x86/rtl/alu/shr.sv
Info (12021): Found 0 design units, including 0 entities, in source file rtl/cpu/v25/s80x86/rtl/alu/sub.sv
Info (12021): Found 0 design units, including 0 entities, in source file rtl/cpu/v25/s80x86/rtl/alu/xor.sv
Info (12021): Found 1 design units, including 1 entities, in source file rtl/cpu/v25/s80x86/rtl/alu/alu.sv
    Info (12023): Found entity 1: ALU File: D:/Arcade/AI/s32/rtl/cpu/v25/s80x86/rtl/alu/ALU.sv Line: 19
Info (12021): Found 0 design units, including 0 entities, in source file rtl/cpu/v25/s80x86/rtl/registerenum.sv
Info (12021): Found 0 design units, including 0 entities, in source file rtl/cpu/v25/s80x86/rtl/instruction.sv
Info (12021): Found 0 design units, including 0 entities, in source file rtl/cpu/v25/s80x86/generated/instructiondefinitions.sv
Info (12021): Found 1 design units, including 1 entities, in source file rtl/cpu/v25/s80x86/rtl/insndecoder.sv
    Info (12023): Found entity 1: InsnDecoder File: D:/Arcade/AI/s32/rtl/cpu/v25/s80x86/rtl/InsnDecoder.sv Line: 18
Info (12021): Found 1 design units, including 1 entities, in source file rtl/cpu/v25/s80x86/generated/microcode.sv
    Info (12023): Found entity 1: Microcode File: D:/Arcade/AI/s32/rtl/cpu/v25/s80x86/generated/Microcode.sv Line: 24
Info (12021): Found 0 design units, including 0 entities, in source file rtl/cpu/v25/s80x86/rtl/flagsenum.sv
Info (12021): Found 1 design units, including 1 entities, in source file rtl/cpu/v25/s80x86/rtl/core.sv
    Info (12023): Found entity 1: Core File: D:/Arcade/AI/s32/rtl/cpu/v25/s80x86/rtl/Core.sv Line: 19
Info (12021): Found 1 design units, including 1 entities, in source file rtl/cpu/v25/s80x86/rtl/csipsync.sv
    Info (12023): Found entity 1: CSIPSync File: D:/Arcade/AI/s32/rtl/cpu/v25/s80x86/rtl/CSIPSync.sv Line: 29
Info (12021): Found 1 design units, including 1 entities, in source file rtl/cpu/v25/s80x86/rtl/divider.sv
    Info (12023): Found entity 1: Divider File: D:/Arcade/AI/s32/rtl/cpu/v25/s80x86/rtl/Divider.sv Line: 20
Info (12021): Found 1 design units, including 1 entities, in source file rtl/cpu/v25/s80x86/rtl/fifo.sv
    Info (12023): Found entity 1: Fifo File: D:/Arcade/AI/s32/rtl/cpu/v25/s80x86/rtl/Fifo.sv Line: 19
Info (12021): Found 1 design units, including 1 entities, in source file rtl/cpu/v25/s80x86/rtl/flags.sv
    Info (12023): Found entity 1: Flags File: D:/Arcade/AI/s32/rtl/cpu/v25/s80x86/rtl/Flags.sv Line: 19
Info (12021): Found 1 design units, including 1 entities, in source file rtl/cpu/v25/s80x86/rtl/immediatereader.sv
    Info (12023): Found entity 1: ImmediateReader File: D:/Arcade/AI/s32/rtl/cpu/v25/s80x86/rtl/ImmediateReader.sv Line: 19
Info (12021): Found 1 design units, including 1 entities, in source file rtl/cpu/v25/s80x86/rtl/ip.sv
    Info (12023): Found entity 1: IP File: D:/Arcade/AI/s32/rtl/cpu/v25/s80x86/rtl/IP.sv Line: 19
Info (12021): Found 1 design units, including 1 entities, in source file rtl/cpu/v25/s80x86/rtl/jumptest.sv
    Info (12023): Found entity 1: JumpTest File: D:/Arcade/AI/s32/rtl/cpu/v25/s80x86/rtl/JumpTest.sv Line: 19
Info (12021): Found 1 design units, including 1 entities, in source file rtl/cpu/v25/s80x86/rtl/loadstore.sv
    Info (12023): Found entity 1: LoadStore File: D:/Arcade/AI/s32/rtl/cpu/v25/s80x86/rtl/LoadStore.sv Line: 19
Info (12021): Found 1 design units, including 1 entities, in source file rtl/cpu/v25/s80x86/rtl/loopcounter.sv
    Info (12023): Found entity 1: LoopCounter File: D:/Arcade/AI/s32/rtl/cpu/v25/s80x86/rtl/LoopCounter.sv Line: 19
Info (12021): Found 1 design units, including 1 entities, in source file rtl/cpu/v25/s80x86/rtl/modrmdecode.sv
    Info (12023): Found entity 1: ModRMDecode File: D:/Arcade/AI/s32/rtl/cpu/v25/s80x86/rtl/ModRMDecode.sv Line: 19
Info (12021): Found 1 design units, including 1 entities, in source file rtl/cpu/v25/s80x86/rtl/posedgetopulse.sv
    Info (12023): Found entity 1: PosedgeToPulse File: D:/Arcade/AI/s32/rtl/cpu/v25/s80x86/rtl/PosedgeToPulse.sv Line: 19
Info (12021): Found 1 design units, including 1 entities, in source file rtl/cpu/v25/s80x86/rtl/prefetch.sv
    Info (12023): Found entity 1: Prefetch File: D:/Arcade/AI/s32/rtl/cpu/v25/s80x86/rtl/Prefetch.sv Line: 27
Info (12021): Found 1 design units, including 1 entities, in source file rtl/cpu/v25/s80x86/rtl/registerfile.sv
    Info (12023): Found entity 1: RegisterFile File: D:/Arcade/AI/s32/rtl/cpu/v25/s80x86/rtl/RegisterFile.sv Line: 19
Info (12021): Found 1 design units, including 1 entities, in source file rtl/cpu/v25/s80x86/rtl/segmentoverride.sv
    Info (12023): Found entity 1: SegmentOverride File: D:/Arcade/AI/s32/rtl/cpu/v25/s80x86/rtl/SegmentOverride.sv Line: 19
Info (12021): Found 1 design units, including 1 entities, in source file rtl/cpu/v25/s80x86/rtl/segmentregisterfile.sv
    Info (12023): Found entity 1: SegmentRegisterFile File: D:/Arcade/AI/s32/rtl/cpu/v25/s80x86/rtl/SegmentRegisterFile.sv Line: 19
Info (12021): Found 1 design units, including 1 entities, in source file rtl/cpu/v25/s80x86/rtl/tempreg.sv
    Info (12023): Found entity 1: TempReg File: D:/Arcade/AI/s32/rtl/cpu/v25/s80x86/rtl/TempReg.sv Line: 19
Info (12021): Found 2 design units, including 2 entities, in source file rtl/cpu/v25/s32_v25_rom_cache.sv
    Info (12023): Found entity 1: s32_v25_rom_cache File: D:/Arcade/AI/s32/rtl/cpu/v25/s32_v25_rom_cache.sv Line: 10
    Info (12023): Found entity 2: s32_v25_rom_line_buffer File: D:/Arcade/AI/s32/rtl/cpu/v25/s32_v25_rom_cache.sv Line: 136
Info (12021): Found 3 design units, including 3 entities, in source file rtl/cpu/v25/s32_v25_cpu.sv
    Info (12023): Found entity 1: s32_v25_cpu File: D:/Arcade/AI/s32/rtl/cpu/v25/s32_v25_cpu.sv Line: 20
    Info (12023): Found entity 2: s32_v25_internal_dmem File: D:/Arcade/AI/s32/rtl/cpu/v25/s32_v25_cpu.sv Line: 637
    Info (12023): Found entity 3: s32_v25_mailbox_dpram File: D:/Arcade/AI/s32/rtl/cpu/v25/s32_v25_cpu.sv Line: 727
Info (12021): Found 2 design units, including 2 entities, in source file rtl/video/s32_big_dpram.sv
    Info (12023): Found entity 1: s32_big_dpram File: D:/Arcade/AI/s32/rtl/video/s32_big_dpram.sv Line: 11
    Info (12023): Found entity 2: s32_byte_dpram File: D:/Arcade/AI/s32/rtl/video/s32_big_dpram.sv Line: 143
Info (12021): Found 1 design units, including 1 entities, in source file rtl/video/s32_vram.sv
    Info (12023): Found entity 1: s32_vram File: D:/Arcade/AI/s32/rtl/video/s32_vram.sv Line: 9
Info (12021): Found 3 design units, including 3 entities, in source file rtl/video/s32_tilemap.sv
    Info (12023): Found entity 1: s32_tilemap File: D:/Arcade/AI/s32/rtl/video/s32_tilemap.sv Line: 19
    Info (12023): Found entity 2: s32_tilemap_scale_div File: D:/Arcade/AI/s32/rtl/video/s32_tilemap.sv Line: 520
    Info (12023): Found entity 3: s32_tile_line_scheduler File: D:/Arcade/AI/s32/rtl/video/s32_tilemap.sv Line: 604
Info (12021): Found 3 design units, including 3 entities, in source file rtl/video/s32_sprite.sv
    Info (12023): Found entity 1: s32_sprite File: D:/Arcade/AI/s32/rtl/video/s32_sprite.sv Line: 11
    Info (12023): Found entity 2: s32_sprite_write_debug File: D:/Arcade/AI/s32/rtl/video/s32_sprite.sv Line: 1050
    Info (12023): Found entity 3: s32_sprite_scale_div File: D:/Arcade/AI/s32/rtl/video/s32_sprite.sv Line: 1091
Info (12021): Found 1 design units, including 1 entities, in source file rtl/video/s32_linebuf.sv
    Info (12023): Found entity 1: s32_linebuf File: D:/Arcade/AI/s32/rtl/video/s32_linebuf.sv Line: 10
Info (12021): Found 1 design units, including 1 entities, in source file rtl/video/s32_mixer.sv
    Info (12023): Found entity 1: s32_mixer File: D:/Arcade/AI/s32/rtl/video/s32_mixer.sv Line: 20
Info (12021): Found 2 design units, including 2 entities, in source file rtl/video/s32_palette.sv
    Info (12023): Found entity 1: s32_palette File: D:/Arcade/AI/s32/rtl/video/s32_palette.sv Line: 9
    Info (12023): Found entity 2: s32_palette_plane_ram File: D:/Arcade/AI/s32/rtl/video/s32_palette.sv Line: 239
Info (12021): Found 1 design units, including 1 entities, in source file rtl/video/s32_video.sv
    Info (12023): Found entity 1: s32_video File: D:/Arcade/AI/s32/rtl/video/s32_video.sv Line: 7
Info (12021): Found 1 design units, including 1 entities, in source file rtl/audio/s32_audio_mix.sv
    Info (12023): Found entity 1: s32_audio_mix File: D:/Arcade/AI/s32/rtl/audio/s32_audio_mix.sv Line: 4
Info (12021): Found 1 design units, including 1 entities, in source file rtl/audio/s32_soundsys.sv
    Info (12023): Found entity 1: s32_soundsys File: D:/Arcade/AI/s32/rtl/audio/s32_soundsys.sv Line: 9
Info (12021): Found 1 design units, including 1 entities, in source file rtl/audio/s32_rf5c68.sv
    Info (12023): Found entity 1: s32_rf5c68 File: D:/Arcade/AI/s32/rtl/audio/s32_rf5c68.sv Line: 11
Info (12021): Found 1 design units, including 1 entities, in source file rtl/audio/s32_multipcm.sv
    Info (12023): Found entity 1: s32_multipcm File: D:/Arcade/AI/s32/rtl/audio/s32_multipcm.sv Line: 9
Info (12021): Found 2 design units, including 1 entities, in source file rtl/audio/t80/t80s.vhd
    Info (12022): Found design unit 1: T80s-rtl File: D:/Arcade/AI/s32/rtl/audio/T80/T80s.vhd Line: 108
    Info (12023): Found entity 1: T80s File: D:/Arcade/AI/s32/rtl/audio/T80/T80s.vhd Line: 72
Info (12021): Found 2 design units, including 1 entities, in source file rtl/audio/t80/t80pa.vhd
    Info (12022): Found design unit 1: T80pa-rtl File: D:/Arcade/AI/s32/rtl/audio/T80/T80pa.vhd Line: 91
    Info (12023): Found entity 1: T80pa File: D:/Arcade/AI/s32/rtl/audio/T80/T80pa.vhd Line: 60
Info (12021): Found 2 design units, including 1 entities, in source file rtl/audio/t80/t80_reg.vhd
    Info (12022): Found design unit 1: T80_Reg-rtl File: D:/Arcade/AI/s32/rtl/audio/T80/T80_Reg.vhd Line: 98
    Info (12023): Found entity 1: T80_Reg File: D:/Arcade/AI/s32/rtl/audio/T80/T80_Reg.vhd Line: 75
Info (12021): Found 2 design units, including 1 entities, in source file rtl/audio/t80/t80_mcode.vhd
    Info (12022): Found design unit 1: T80_MCode-rtl File: D:/Arcade/AI/s32/rtl/audio/T80/T80_MCode.vhd Line: 150
    Info (12023): Found entity 1: T80_MCode File: D:/Arcade/AI/s32/rtl/audio/T80/T80_MCode.vhd Line: 78
Info (12021): Found 2 design units, including 1 entities, in source file rtl/audio/t80/t80_alu.vhd
    Info (12022): Found design unit 1: T80_ALU-rtl File: D:/Arcade/AI/s32/rtl/audio/T80/T80_ALU.vhd Line: 102
    Info (12023): Found entity 1: T80_ALU File: D:/Arcade/AI/s32/rtl/audio/T80/T80_ALU.vhd Line: 74
Info (12021): Found 2 design units, including 1 entities, in source file rtl/audio/t80/t80.vhd
    Info (12022): Found design unit 1: T80-rtl File: D:/Arcade/AI/s32/rtl/audio/T80/T80.vhd Line: 130
    Info (12023): Found entity 1: T80 File: D:/Arcade/AI/s32/rtl/audio/T80/T80.vhd Line: 83
Info (12021): Found 1 design units, including 1 entities, in source file rtl/audio/jt12/jt12.v
    Info (12023): Found entity 1: jt12 File: D:/Arcade/AI/s32/rtl/audio/jt12/jt12.v Line: 25
Info (12021): Found 1 design units, including 1 entities, in source file rtl/audio/jt12/jt12_acc.v
    Info (12023): Found entity 1: jt12_acc File: D:/Arcade/AI/s32/rtl/audio/jt12/jt12_acc.v Line: 36
Info (12021): Found 1 design units, including 1 entities, in source file rtl/audio/jt12/jt12_csr.v
    Info (12023): Found entity 1: jt12_csr File: D:/Arcade/AI/s32/rtl/audio/jt12/jt12_csr.v Line: 23
Info (12021): Found 1 design units, including 1 entities, in source file rtl/audio/jt12/jt12_div.v
    Info (12023): Found entity 1: jt12_div File: D:/Arcade/AI/s32/rtl/audio/jt12/jt12_div.v Line: 22
Info (12021): Found 1 design units, including 1 entities, in source file rtl/audio/jt12/jt12_dout.v
    Info (12023): Found entity 1: jt12_dout File: D:/Arcade/AI/s32/rtl/audio/jt12/jt12_dout.v Line: 22
Info (12021): Found 1 design units, including 1 entities, in source file rtl/audio/jt12/jt12_eg.v
    Info (12023): Found entity 1: jt12_eg File: D:/Arcade/AI/s32/rtl/audio/jt12/jt12_eg.v Line: 22
Info (12021): Found 1 design units, including 1 entities, in source file rtl/audio/jt12/jt12_eg_cnt.v
    Info (12023): Found entity 1: jt12_eg_cnt File: D:/Arcade/AI/s32/rtl/audio/jt12/jt12_eg_cnt.v Line: 22
Info (12021): Found 1 design units, including 1 entities, in source file rtl/audio/jt12/jt12_eg_comb.v
    Info (12023): Found entity 1: jt12_eg_comb File: D:/Arcade/AI/s32/rtl/audio/jt12/jt12_eg_comb.v Line: 22
Info (12021): Found 1 design units, including 1 entities, in source file rtl/audio/jt12/jt12_eg_ctrl.v
    Info (12023): Found entity 1: jt12_eg_ctrl File: D:/Arcade/AI/s32/rtl/audio/jt12/jt12_eg_ctrl.v Line: 22
Info (12021): Found 1 design units, including 1 entities, in source file rtl/audio/jt12/jt12_eg_final.v
    Info (12023): Found entity 1: jt12_eg_final File: D:/Arcade/AI/s32/rtl/audio/jt12/jt12_eg_final.v Line: 22
Info (12021): Found 1 design units, including 1 entities, in source file rtl/audio/jt12/jt12_eg_pure.v
    Info (12023): Found entity 1: jt12_eg_pure File: D:/Arcade/AI/s32/rtl/audio/jt12/jt12_eg_pure.v Line: 22
Info (12021): Found 1 design units, including 1 entities, in source file rtl/audio/jt12/jt12_eg_step.v
    Info (12023): Found entity 1: jt12_eg_step File: D:/Arcade/AI/s32/rtl/audio/jt12/jt12_eg_step.v Line: 22
Info (12021): Found 1 design units, including 1 entities, in source file rtl/audio/jt12/jt12_exprom.v
    Info (12023): Found entity 1: jt12_exprom File: D:/Arcade/AI/s32/rtl/audio/jt12/jt12_exprom.v Line: 29
Info (12021): Found 1 design units, including 1 entities, in source file rtl/audio/jt12/jt12_kon.v
    Info (12023): Found entity 1: jt12_kon File: D:/Arcade/AI/s32/rtl/audio/jt12/jt12_kon.v Line: 25
Info (12021): Found 1 design units, including 1 entities, in source file rtl/audio/jt12/jt12_lfo.v
    Info (12023): Found entity 1: jt12_lfo File: D:/Arcade/AI/s32/rtl/audio/jt12/jt12_lfo.v Line: 64
Info (12021): Found 1 design units, including 1 entities, in source file rtl/audio/jt12/jt12_logsin.v
    Info (12023): Found entity 1: jt12_logsin File: D:/Arcade/AI/s32/rtl/audio/jt12/jt12_logsin.v Line: 27
Info (12021): Found 1 design units, including 1 entities, in source file rtl/audio/jt12/jt12_mmr.v
    Info (12023): Found entity 1: jt12_mmr File: D:/Arcade/AI/s32/rtl/audio/jt12/jt12_mmr.v Line: 22
Info (12021): Found 1 design units, including 1 entities, in source file rtl/audio/jt12/jt12_mod.v
    Info (12023): Found entity 1: jt12_mod File: D:/Arcade/AI/s32/rtl/audio/jt12/jt12_mod.v Line: 25
Info (12021): Found 1 design units, including 1 entities, in source file rtl/audio/jt12/jt12_op.v
    Info (12023): Found entity 1: jt12_op File: D:/Arcade/AI/s32/rtl/audio/jt12/jt12_op.v Line: 28
Info (12021): Found 1 design units, including 1 entities, in source file rtl/audio/jt12/jt12_pcm.v
    Info (12023): Found entity 1: jt12_pcm File: D:/Arcade/AI/s32/rtl/audio/jt12/jt12_pcm.v Line: 1
Info (12021): Found 1 design units, including 1 entities, in source file rtl/audio/jt12/jt12_pcm_interpol.v
    Info (12023): Found entity 1: jt12_pcm_interpol File: D:/Arcade/AI/s32/rtl/audio/jt12/jt12_pcm_interpol.v Line: 22
Info (12021): Found 1 design units, including 1 entities, in source file rtl/audio/jt12/jt12_pg.v
    Info (12023): Found entity 1: jt12_pg File: D:/Arcade/AI/s32/rtl/audio/jt12/jt12_pg.v Line: 34
Info (12021): Found 1 design units, including 1 entities, in source file rtl/audio/jt12/jt12_pg_comb.v
    Info (12023): Found entity 1: jt12_pg_comb File: D:/Arcade/AI/s32/rtl/audio/jt12/jt12_pg_comb.v Line: 26
Info (12021): Found 1 design units, including 1 entities, in source file rtl/audio/jt12/jt12_pg_dt.v
    Info (12023): Found entity 1: jt12_pg_dt File: D:/Arcade/AI/s32/rtl/audio/jt12/jt12_pg_dt.v Line: 29
Info (12021): Found 1 design units, including 1 entities, in source file rtl/audio/jt12/jt12_pg_inc.v
    Info (12023): Found entity 1: jt12_pg_inc File: D:/Arcade/AI/s32/rtl/audio/jt12/jt12_pg_inc.v Line: 27
Info (12021): Found 1 design units, including 1 entities, in source file rtl/audio/jt12/jt12_pg_sum.v
    Info (12023): Found entity 1: jt12_pg_sum File: D:/Arcade/AI/s32/rtl/audio/jt12/jt12_pg_sum.v Line: 27
Info (12021): Found 1 design units, including 1 entities, in source file rtl/audio/jt12/jt12_pm.v
    Info (12023): Found entity 1: jt12_pm File: D:/Arcade/AI/s32/rtl/audio/jt12/jt12_pm.v Line: 24
Info (12021): Found 1 design units, including 1 entities, in source file rtl/audio/jt12/jt12_reg.v
    Info (12023): Found entity 1: jt12_reg File: D:/Arcade/AI/s32/rtl/audio/jt12/jt12_reg.v Line: 23
Info (12021): Found 1 design units, including 1 entities, in source file rtl/audio/jt12/jt12_reg_ch.v
    Info (12023): Found entity 1: jt12_reg_ch File: D:/Arcade/AI/s32/rtl/audio/jt12/jt12_reg_ch.v Line: 27
Info (12021): Found 1 design units, including 1 entities, in source file rtl/audio/jt12/jt12_rst.v
    Info (12023): Found entity 1: jt12_rst File: D:/Arcade/AI/s32/rtl/audio/jt12/jt12_rst.v Line: 22
Info (12021): Found 1 design units, including 1 entities, in source file rtl/audio/jt12/jt12_sh.v
    Info (12023): Found entity 1: jt12_sh File: D:/Arcade/AI/s32/rtl/audio/jt12/jt12_sh.v Line: 23
Info (12021): Found 1 design units, including 1 entities, in source file rtl/audio/jt12/jt12_sh24.v
    Info (12023): Found entity 1: jt12_sh24 File: D:/Arcade/AI/s32/rtl/audio/jt12/jt12_sh24.v Line: 22
Info (12021): Found 1 design units, including 1 entities, in source file rtl/audio/jt12/jt12_sh_rst.v
    Info (12023): Found entity 1: jt12_sh_rst File: D:/Arcade/AI/s32/rtl/audio/jt12/jt12_sh_rst.v Line: 23
Info (12021): Found 1 design units, including 1 entities, in source file rtl/audio/jt12/jt12_single_acc.v
    Info (12023): Found entity 1: jt12_single_acc File: D:/Arcade/AI/s32/rtl/audio/jt12/jt12_single_acc.v Line: 27
Info (12021): Found 1 design units, including 1 entities, in source file rtl/audio/jt12/jt12_sumch.v
    Info (12023): Found entity 1: jt12_sumch File: D:/Arcade/AI/s32/rtl/audio/jt12/jt12_sumch.v Line: 25
Info (12021): Found 2 design units, including 2 entities, in source file rtl/audio/jt12/jt12_timers.v
    Info (12023): Found entity 1: jt12_timers File: D:/Arcade/AI/s32/rtl/audio/jt12/jt12_timers.v Line: 26
    Info (12023): Found entity 2: jt12_timer File: D:/Arcade/AI/s32/rtl/audio/jt12/jt12_timers.v Line: 88
Info (12021): Found 1 design units, including 1 entities, in source file rtl/audio/jt12/jt12_top.v
    Info (12023): Found entity 1: jt12_top File: D:/Arcade/AI/s32/rtl/audio/jt12/jt12_top.v Line: 27
Info (12021): Found 1 design units, including 1 entities, in source file rtl/audio/jt12/adpcm/jt10_adpcm.v
    Info (12023): Found entity 1: jt10_adpcm File: D:/Arcade/AI/s32/rtl/audio/jt12/adpcm/jt10_adpcm.v Line: 24
Info (12021): Found 1 design units, including 1 entities, in source file rtl/audio/jt12/adpcm/jt10_adpcm_acc.v
    Info (12023): Found entity 1: jt10_adpcm_acc File: D:/Arcade/AI/s32/rtl/audio/jt12/adpcm/jt10_adpcm_acc.v Line: 25
Info (12021): Found 1 design units, including 1 entities, in source file rtl/audio/jt12/adpcm/jt10_adpcm_cnt.v
    Info (12023): Found entity 1: jt10_adpcm_cnt File: D:/Arcade/AI/s32/rtl/audio/jt12/adpcm/jt10_adpcm_cnt.v Line: 22
Info (12021): Found 1 design units, including 1 entities, in source file rtl/audio/jt12/adpcm/jt10_adpcm_comb.v
    Info (12023): Found entity 1: jt10_adpcm_comb File: D:/Arcade/AI/s32/rtl/audio/jt12/adpcm/jt10_adpcm_comb.v Line: 24
Info (12021): Found 1 design units, including 1 entities, in source file rtl/audio/jt12/adpcm/jt10_adpcm_dbrom.v
    Info (12023): Found entity 1: jt10_adpcm_dbrom File: D:/Arcade/AI/s32/rtl/audio/jt12/adpcm/jt10_adpcm_dbrom.v Line: 24
Info (12021): Found 1 design units, including 1 entities, in source file rtl/audio/jt12/adpcm/jt10_adpcm_div.v
    Info (12023): Found entity 1: jt10_adpcm_div File: D:/Arcade/AI/s32/rtl/audio/jt12/adpcm/jt10_adpcm_div.v Line: 25
Info (12021): Found 1 design units, including 1 entities, in source file rtl/audio/jt12/adpcm/jt10_adpcm_drva.v
    Info (12023): Found entity 1: jt10_adpcm_drvA File: D:/Arcade/AI/s32/rtl/audio/jt12/adpcm/jt10_adpcm_drvA.v Line: 22
Info (12021): Found 1 design units, including 1 entities, in source file rtl/audio/jt12/adpcm/jt10_adpcm_drvb.v
    Info (12023): Found entity 1: jt10_adpcm_drvB File: D:/Arcade/AI/s32/rtl/audio/jt12/adpcm/jt10_adpcm_drvB.v Line: 22
Info (12021): Found 1 design units, including 1 entities, in source file rtl/audio/jt12/adpcm/jt10_adpcm_dt.v
    Info (12023): Found entity 1: jt10_adpcm_dt File: D:/Arcade/AI/s32/rtl/audio/jt12/adpcm/jt10_adpcm_dt.v Line: 24
Info (12021): Found 1 design units, including 1 entities, in source file rtl/audio/jt12/adpcm/jt10_adpcm_gain.v
    Info (12023): Found entity 1: jt10_adpcm_gain File: D:/Arcade/AI/s32/rtl/audio/jt12/adpcm/jt10_adpcm_gain.v Line: 22
Info (12021): Found 1 design units, including 1 entities, in source file rtl/audio/jt12/adpcm/jt10_adpcma_lut.v
    Info (12023): Found entity 1: jt10_adpcma_lut File: D:/Arcade/AI/s32/rtl/audio/jt12/adpcm/jt10_adpcma_lut.v Line: 27
Info (12021): Found 1 design units, including 1 entities, in source file rtl/audio/jt12/adpcm/jt10_adpcmb.v
    Info (12023): Found entity 1: jt10_adpcmb File: D:/Arcade/AI/s32/rtl/audio/jt12/adpcm/jt10_adpcmb.v Line: 24
Info (12021): Found 1 design units, including 1 entities, in source file rtl/audio/jt12/adpcm/jt10_adpcmb_cnt.v
    Info (12023): Found entity 1: jt10_adpcmb_cnt File: D:/Arcade/AI/s32/rtl/audio/jt12/adpcm/jt10_adpcmb_cnt.v Line: 24
Info (12021): Found 1 design units, including 1 entities, in source file rtl/audio/jt12/adpcm/jt10_adpcmb_gain.v
    Info (12023): Found entity 1: jt10_adpcmb_gain File: D:/Arcade/AI/s32/rtl/audio/jt12/adpcm/jt10_adpcmb_gain.v Line: 24
Info (12021): Found 1 design units, including 1 entities, in source file rtl/audio/jt12/adpcm/jt10_adpcmb_interpol.v
    Info (12023): Found entity 1: jt10_adpcmb_interpol File: D:/Arcade/AI/s32/rtl/audio/jt12/adpcm/jt10_adpcmb_interpol.v Line: 22
Info (12021): Found 1 design units, including 1 entities, in source file rtl/audio/jt12/adpcm/jt10_cen_burst.v
    Info (12023): Found entity 1: jt10_cen_burst File: D:/Arcade/AI/s32/rtl/audio/jt12/adpcm/jt10_cen_burst.v Line: 24
Info (12021): Found 9 design units, including 9 entities, in source file rtl/io/s32_io.sv
    Info (12023): Found entity 1: s32_io5296 File: D:/Arcade/AI/s32/rtl/io/s32_io.sv Line: 14
    Info (12023): Found entity 2: s32_eeprom_nvram_if File: D:/Arcade/AI/s32/rtl/io/s32_io.sv Line: 81
    Info (12023): Found entity 3: s32_eeprom_ram File: D:/Arcade/AI/s32/rtl/io/s32_io.sv Line: 105
    Info (12023): Found entity 4: s32_eeprom93c46 File: D:/Arcade/AI/s32/rtl/io/s32_io.sv Line: 194
    Info (12023): Found entity 5: s32_gun_aim File: D:/Arcade/AI/s32/rtl/io/s32_io.sv Line: 407
    Info (12023): Found entity 6: s32_msm6253 File: D:/Arcade/AI/s32/rtl/io/s32_io.sv Line: 740
    Info (12023): Found entity 7: s32_upd4701 File: D:/Arcade/AI/s32/rtl/io/s32_io.sv Line: 770
    Info (12023): Found entity 8: s32_i8255 File: D:/Arcade/AI/s32/rtl/io/s32_io.sv Line: 814
    Info (12023): Found entity 9: s32_intc File: D:/Arcade/AI/s32/rtl/io/s32_io.sv Line: 845
Info (12021): Found 5 design units, including 5 entities, in source file rtl/prot/s32_prot.sv
    Info (12023): Found entity 1: s32_prot_hle File: D:/Arcade/AI/s32/rtl/prot/s32_prot.sv Line: 15
    Info (12023): Found entity 2: s32_prot_brival File: D:/Arcade/AI/s32/rtl/prot/s32_prot.sv Line: 231
    Info (12023): Found entity 3: s32_arescue_dsp File: D:/Arcade/AI/s32/rtl/prot/s32_prot.sv Line: 319
    Info (12023): Found entity 4: s32_dualpcb File: D:/Arcade/AI/s32/rtl/prot/s32_prot.sv Line: 358
    Info (12023): Found entity 5: s32_v25 File: D:/Arcade/AI/s32/rtl/prot/s32_prot.sv Line: 400
Info (12021): Found 1 design units, including 1 entities, in source file rtl/mem/sdram.sv
    Info (12023): Found entity 1: sdram File: D:/Arcade/AI/s32/rtl/mem/sdram.sv Line: 24
Info (12021): Found 1 design units, including 1 entities, in source file rtl/mem/s32_rom_loader.sv
    Info (12023): Found entity 1: s32_rom_loader File: D:/Arcade/AI/s32/rtl/mem/s32_rom_loader.sv Line: 22
Info (12021): Found 2 design units, including 2 entities, in source file rtl/mem/s32_fb_if.sv
    Info (12023): Found entity 1: s32_fb_if File: D:/Arcade/AI/s32/rtl/mem/s32_fb_if.sv Line: 17
    Info (12023): Found entity 2: s32_fb_run_ram File: D:/Arcade/AI/s32/rtl/mem/s32_fb_if.sv Line: 431
Info (12021): Found 1 design units, including 1 entities, in source file rtl/pll/synthesis/pll.v
    Info (12023): Found entity 1: pll File: D:/Arcade/AI/s32/rtl/pll/synthesis/pll.v Line: 6
Info (12021): Found 1 design units, including 1 entities, in source file rtl/pll/synthesis/submodules/pll_pll_inst.v
    Info (12023): Found entity 1: pll_pll_inst File: D:/Arcade/AI/s32/rtl/pll/synthesis/submodules/pll_pll_inst.v Line: 2
Warning (10037): Verilog HDL or VHDL warning at Flags.sv(31): conditional expression evaluates to a constant File: D:/Arcade/AI/s32/rtl/cpu/v25/s80x86/rtl/Flags.sv Line: 31
Info (12127): Elaborating entity "sys_top" for the top level hierarchy
Info (12128): Elaborating entity "mcp23009" for hierarchy "mcp23009:mcp23009" File: D:/Arcade/AI/s32/sys/sys_top.v Line: 175
Info (12128): Elaborating entity "i2c" for hierarchy "mcp23009:mcp23009|i2c:i2c" File: D:/Arcade/AI/s32/sys/mcp23009.sv Line: 41
Info (12128): Elaborating entity "sysmem_lite" for hierarchy "sysmem_lite:sysmem" File: D:/Arcade/AI/s32/sys/sys_top.v Line: 650
Info (12128): Elaborating entity "f2sdram_safe_terminator" for hierarchy "sysmem_lite:sysmem|f2sdram_safe_terminator:f2sdram_safe_terminator_ram1" File: D:/Arcade/AI/s32/sys/sysmem.sv Line: 91
Info (12128): Elaborating entity "f2sdram_safe_terminator" for hierarchy "sysmem_lite:sysmem|f2sdram_safe_terminator:f2sdram_safe_terminator_vbuf" File: D:/Arcade/AI/s32/sys/sysmem.sv Line: 183
Info (12128): Elaborating entity "sysmem_HPS_fpga_interfaces" for hierarchy "sysmem_lite:sysmem|sysmem_HPS_fpga_interfaces:fpga_interfaces" File: D:/Arcade/AI/s32/sys/sysmem.sv Line: 223
Info (12128): Elaborating entity "ddr_svc" for hierarchy "ddr_svc:ddr_svc" File: D:/Arcade/AI/s32/sys/sys_top.v Line: 691
Info (12128): Elaborating entity "ascal" for hierarchy "ascal:ascal" File: D:/Arcade/AI/s32/sys/sys_top.v Line: 837
Warning (10036): Verilog HDL or VHDL warning at ascal.vhd(403): object "i_ldw" assigned a value but never read File: D:/Arcade/AI/s32/sys/ascal.vhd Line: 403
Warning (10541): VHDL Signal Declaration warning at ascal.vhd(403): used implicit default value for signal "i_ldrm" because signal was never assigned a value or an explicit default value. Use of implicit default value may introduce unintended design optimizations. File: D:/Arcade/AI/s32/sys/ascal.vhd Line: 403
Info (19000): Inferred 8 megafunctions from design logic
    Info (276029): Inferred altsyncram megafunction from the following design logic: "ascal:ascal|altsyncram:o_line0[0].r[7]__1" 
        Info (286033): Parameter OPERATION_MODE set to DUAL_PORT
        Info (286033): Parameter WIDTH_A set to 24
        Info (286033): Parameter WIDTHAD_A set to 11
        Info (286033): Parameter NUMWORDS_A set to 2048
        Info (286033): Parameter WIDTH_B set to 24
        Info (286033): Parameter WIDTHAD_B set to 11
        Info (286033): Parameter NUMWORDS_B set to 2048
        Info (286033): Parameter ADDRESS_ACLR_A set to NONE
        Info (286033): Parameter OUTDATA_REG_B set to UNREGISTERED
        Info (286033): Parameter ADDRESS_ACLR_B set to NONE
        Info (286033): Parameter OUTDATA_ACLR_B set to NONE
        Info (286033): Parameter ADDRESS_REG_B set to CLOCK0
        Info (286033): Parameter INDATA_ACLR_A set to NONE
        Info (286033): Parameter WRCONTROL_ACLR_A set to NONE
        Info (286033): Parameter READ_DURING_WRITE_MODE_MIXED_PORTS set to OLD_DATA
    Info (276029): Inferred altsyncram megafunction from the following design logic: "ascal:ascal|altsyncram:o_line1[0].r[7]__2" 
        Info (286033): Parameter OPERATION_MODE set to DUAL_PORT
        Info (286033): Parameter WIDTH_A set to 24
        Info (286033): Parameter WIDTHAD_A set to 11
        Info (286033): Parameter NUMWORDS_A set to 2048
        Info (286033): Parameter WIDTH_B set to 24
        Info (286033): Parameter WIDTHAD_B set to 11
        Info (286033): Parameter NUMWORDS_B set to 2048
        Info (286033): Parameter ADDRESS_ACLR_A set to NONE
        Info (286033): Parameter OUTDATA_REG_B set to UNREGISTERED
        Info (286033): Parameter ADDRESS_ACLR_B set to NONE
        Info (286033): Parameter OUTDATA_ACLR_B set to NONE
        Info (286033): Parameter ADDRESS_REG_B set to CLOCK0
        Info (286033): Parameter INDATA_ACLR_A set to NONE
        Info (286033): Parameter WRCONTROL_ACLR_A set to NONE
        Info (286033): Parameter READ_DURING_WRITE_MODE_MIXED_PORTS set to OLD_DATA
    Info (276029): Inferred altsyncram megafunction from the following design logic: "ascal:ascal|altsyncram:o_line2[0].r[7]__3" 
        Info (286033): Parameter OPERATION_MODE set to DUAL_PORT
        Info (286033): Parameter WIDTH_A set to 24
        Info (286033): Parameter WIDTHAD_A set to 11
        Info (286033): Parameter NUMWORDS_A set to 2048
        Info (286033): Parameter WIDTH_B set to 24
        Info (286033): Parameter WIDTHAD_B set to 11
        Info (286033): Parameter NUMWORDS_B set to 2048
        Info (286033): Parameter ADDRESS_ACLR_A set to NONE
        Info (286033): Parameter OUTDATA_REG_B set to UNREGISTERED
        Info (286033): Parameter ADDRESS_ACLR_B set to NONE
        Info (286033): Parameter OUTDATA_ACLR_B set to NONE
        Info (286033): Parameter ADDRESS_REG_B set to CLOCK0
        Info (286033): Parameter INDATA_ACLR_A set to NONE
        Info (286033): Parameter WRCONTROL_ACLR_A set to NONE
        Info (286033): Parameter READ_DURING_WRITE_MODE_MIXED_PORTS set to OLD_DATA
    Info (276029): Inferred altsyncram megafunction from the following design logic: "ascal:ascal|altsyncram:o_line3[0].r[7]__4" 
        Info (286033): Parameter OPERATION_MODE set to DUAL_PORT
        Info (286033): Parameter WIDTH_A set to 24
        Info (286033): Parameter WIDTHAD_A set to 11
        Info (286033): Parameter NUMWORDS_A set to 2048
        Info (286033): Parameter WIDTH_B set to 24
        Info (286033): Parameter WIDTHAD_B set to 11
        Info (286033): Parameter NUMWORDS_B set to 2048
        Info (286033): Parameter ADDRESS_ACLR_A set to NONE
        Info (286033): Parameter OUTDATA_REG_B set to UNREGISTERED
        Info (286033): Parameter ADDRESS_ACLR_B set to NONE
        Info (286033): Parameter OUTDATA_ACLR_B set to NONE
        Info (286033): Parameter ADDRESS_REG_B set to CLOCK0
        Info (286033): Parameter INDATA_ACLR_A set to NONE
        Info (286033): Parameter WRCONTROL_ACLR_A set to NONE
        Info (286033): Parameter READ_DURING_WRITE_MODE_MIXED_PORTS set to OLD_DATA
    Info (276029): Inferred altsyncram megafunction from the following design logic: "ascal:ascal|altsyncram:o_linf0[0].r[7]__5" 
        Info (286033): Parameter OPERATION_MODE set to DUAL_PORT
        Info (286033): Parameter WIDTH_A set to 24
        Info (286033): Parameter WIDTHAD_A set to 8
        Info (286033): Parameter NUMWORDS_A set to 256
        Info (286033): Parameter WIDTH_B set to 24
        Info (286033): Parameter WIDTHAD_B set to 8
        Info (286033): Parameter NUMWORDS_B set to 256
        Info (286033): Parameter ADDRESS_ACLR_A set to NONE
        Info (286033): Parameter OUTDATA_REG_B set to UNREGISTERED
        Info (286033): Parameter ADDRESS_ACLR_B set to NONE
        Info (286033): Parameter OUTDATA_ACLR_B set to NONE
        Info (286033): Parameter ADDRESS_REG_B set to CLOCK0
        Info (286033): Parameter INDATA_ACLR_A set to NONE
        Info (286033): Parameter WRCONTROL_ACLR_A set to NONE
        Info (286033): Parameter READ_DURING_WRITE_MODE_MIXED_PORTS set to OLD_DATA
    Info (276029): Inferred altsyncram megafunction from the following design logic: "ascal:ascal|altsyncram:o_linf1[0].r[7]__6" 
        Info (286033): Parameter OPERATION_MODE set to DUAL_PORT
        Info (286033): Parameter WIDTH_A set to 24
        Info (286033): Parameter WIDTHAD_A set to 8
        Info (286033): Parameter NUMWORDS_A set to 256
        Info (286033): Parameter WIDTH_B set to 24
        Info (286033): Parameter WIDTHAD_B set to 8
        Info (286033): Parameter NUMWORDS_B set to 256
        Info (286033): Parameter ADDRESS_ACLR_A set to NONE
        Info (286033): Parameter OUTDATA_REG_B set to UNREGISTERED
        Info (286033): Parameter ADDRESS_ACLR_B set to NONE
        Info (286033): Parameter OUTDATA_ACLR_B set to NONE
        Info (286033): Parameter ADDRESS_REG_B set to CLOCK0
        Info (286033): Parameter INDATA_ACLR_A set to NONE
        Info (286033): Parameter WRCONTROL_ACLR_A set to NONE
        Info (286033): Parameter READ_DURING_WRITE_MODE_MIXED_PORTS set to OLD_DATA
    Info (276029): Inferred altsyncram megafunction from the following design logic: "ascal:ascal|altsyncram:o_linf2[0].r[7]__7" 
        Info (286033): Parameter OPERATION_MODE set to DUAL_PORT
        Info (286033): Parameter WIDTH_A set to 24
        Info (286033): Parameter WIDTHAD_A set to 8
        Info (286033): Parameter NUMWORDS_A set to 256
        Info (286033): Parameter WIDTH_B set to 24
        Info (286033): Parameter WIDTHAD_B set to 8
        Info (286033): Parameter NUMWORDS_B set to 256
        Info (286033): Parameter ADDRESS_ACLR_A set to NONE
        Info (286033): Parameter OUTDATA_REG_B set to UNREGISTERED
        Info (286033): Parameter ADDRESS_ACLR_B set to NONE
        Info (286033): Parameter OUTDATA_ACLR_B set to NONE
        Info (286033): Parameter ADDRESS_REG_B set to CLOCK0
        Info (286033): Parameter INDATA_ACLR_A set to NONE
        Info (286033): Parameter WRCONTROL_ACLR_A set to NONE
        Info (286033): Parameter READ_DURING_WRITE_MODE_MIXED_PORTS set to OLD_DATA
    Info (276029): Inferred altsyncram megafunction from the following design logic: "ascal:ascal|altsyncram:o_linf3[0].r[7]__8" 
        Info (286033): Parameter OPERATION_MODE set to DUAL_PORT
        Info (286033): Parameter WIDTH_A set to 24
        Info (286033): Parameter WIDTHAD_A set to 8
        Info (286033): Parameter NUMWORDS_A set to 256
        Info (286033): Parameter WIDTH_B set to 24
        Info (286033): Parameter WIDTHAD_B set to 8
        Info (286033): Parameter NUMWORDS_B set to 256
        Info (286033): Parameter ADDRESS_ACLR_A set to NONE
        Info (286033): Parameter OUTDATA_REG_B set to UNREGISTERED
        Info (286033): Parameter ADDRESS_ACLR_B set to NONE
        Info (286033): Parameter OUTDATA_ACLR_B set to NONE
        Info (286033): Parameter ADDRESS_REG_B set to CLOCK0
        Info (286033): Parameter INDATA_ACLR_A set to NONE
        Info (286033): Parameter WRCONTROL_ACLR_A set to NONE
        Info (286033): Parameter READ_DURING_WRITE_MODE_MIXED_PORTS set to OLD_DATA
Info (12128): Elaborating entity "altsyncram" for hierarchy "ascal:ascal|altsyncram:o_line0[0].r[7]__1"
Info (12130): Elaborated megafunction instantiation "ascal:ascal|altsyncram:o_line0[0].r[7]__1"
Info (12133): Instantiated megafunction "ascal:ascal|altsyncram:o_line0[0].r[7]__1" with the following parameter:
    Info (12134): Parameter "OPERATION_MODE" = "DUAL_PORT"
    Info (12134): Parameter "WIDTH_A" = "24"
    Info (12134): Parameter "WIDTHAD_A" = "11"
    Info (12134): Parameter "NUMWORDS_A" = "2048"
    Info (12134): Parameter "WIDTH_B" = "24"
    Info (12134): Parameter "WIDTHAD_B" = "11"
    Info (12134): Parameter "NUMWORDS_B" = "2048"
    Info (12134): Parameter "ADDRESS_ACLR_A" = "NONE"
    Info (12134): Parameter "OUTDATA_REG_B" = "UNREGISTERED"
    Info (12134): Parameter "ADDRESS_ACLR_B" = "NONE"
    Info (12134): Parameter "OUTDATA_ACLR_B" = "NONE"
    Info (12134): Parameter "ADDRESS_REG_B" = "CLOCK0"
    Info (12134): Parameter "INDATA_ACLR_A" = "NONE"
    Info (12134): Parameter "WRCONTROL_ACLR_A" = "NONE"
    Info (12134): Parameter "READ_DURING_WRITE_MODE_MIXED_PORTS" = "OLD_DATA"
Info (12021): Found 1 design units, including 1 entities, in source file db/altsyncram_ccn1.tdf
    Info (12023): Found entity 1: altsyncram_ccn1 File: D:/Arcade/AI/s32/db/altsyncram_ccn1.tdf Line: 28
Info (12128): Elaborating entity "altsyncram_ccn1" for hierarchy "ascal:ascal|altsyncram:o_line0[0].r[7]__1|altsyncram_ccn1:auto_generated" File: d:/q17/quartus/libraries/megafunctions/altsyncram.tdf Line: 792
Info (12128): Elaborating entity "altsyncram" for hierarchy "ascal:ascal|altsyncram:o_linf0[0].r[7]__5"
Info (12130): Elaborated megafunction instantiation "ascal:ascal|altsyncram:o_linf0[0].r[7]__5"
Info (12133): Instantiated megafunction "ascal:ascal|altsyncram:o_linf0[0].r[7]__5" with the following parameter:
    Info (12134): Parameter "OPERATION_MODE" = "DUAL_PORT"
    Info (12134): Parameter "WIDTH_A" = "24"
    Info (12134): Parameter "WIDTHAD_A" = "8"
    Info (12134): Parameter "NUMWORDS_A" = "256"
    Info (12134): Parameter "WIDTH_B" = "24"
    Info (12134): Parameter "WIDTHAD_B" = "8"
    Info (12134): Parameter "NUMWORDS_B" = "256"
    Info (12134): Parameter "ADDRESS_ACLR_A" = "NONE"
    Info (12134): Parameter "OUTDATA_REG_B" = "UNREGISTERED"
    Info (12134): Parameter "ADDRESS_ACLR_B" = "NONE"
    Info (12134): Parameter "OUTDATA_ACLR_B" = "NONE"
    Info (12134): Parameter "ADDRESS_REG_B" = "CLOCK0"
    Info (12134): Parameter "INDATA_ACLR_A" = "NONE"
    Info (12134): Parameter "WRCONTROL_ACLR_A" = "NONE"
    Info (12134): Parameter "READ_DURING_WRITE_MODE_MIXED_PORTS" = "OLD_DATA"
Info (12021): Found 1 design units, including 1 entities, in source file db/altsyncram_m6n1.tdf
    Info (12023): Found entity 1: altsyncram_m6n1 File: D:/Arcade/AI/s32/db/altsyncram_m6n1.tdf Line: 28
Info (12128): Elaborating entity "altsyncram_m6n1" for hierarchy "ascal:ascal|altsyncram:o_linf0[0].r[7]__5|altsyncram_m6n1:auto_generated" File: d:/q17/quartus/libraries/megafunctions/altsyncram.tdf Line: 792
Info (12128): Elaborating entity "sys_umuldiv" for hierarchy "sys_umuldiv:ar_muldiv" File: D:/Arcade/AI/s32/sys/sys_top.v Line: 897
Info (12128): Elaborating entity "sys_umul" for hierarchy "sys_umuldiv:ar_muldiv|sys_umul:umul" File: D:/Arcade/AI/s32/sys/math.sv Line: 105
Info (12128): Elaborating entity "sys_udiv" for hierarchy "sys_umuldiv:ar_muldiv|sys_udiv:udiv" File: D:/Arcade/AI/s32/sys/math.sv Line: 107
Info (12128): Elaborating entity "pll_hdmi_adj" for hierarchy "pll_hdmi_adj:pll_hdmi_adj" File: D:/Arcade/AI/s32/sys/sys_top.v Line: 1022
Info (12128): Elaborating entity "pll_hdmi" for hierarchy "pll_hdmi:pll_hdmi" File: D:/Arcade/AI/s32/sys/sys_top.v Line: 1056
Info (12128): Elaborating entity "pll_hdmi_0002" for hierarchy "pll_hdmi:pll_hdmi|pll_hdmi_0002:pll_hdmi_inst" File: D:/Arcade/AI/s32/sys/pll_hdmi.v Line: 23
Info (12128): Elaborating entity "altera_pll" for hierarchy "pll_hdmi:pll_hdmi|pll_hdmi_0002:pll_hdmi_inst|altera_pll:altera_pll_i" File: D:/Arcade/AI/s32/sys/pll_hdmi/pll_hdmi_0002.v Line: 239
Warning (10034): Output port "lvds_clk" at altera_pll.v(320) has no driver File: d:/q17/quartus/libraries/megafunctions/altera_pll.v Line: 320
Warning (10034): Output port "loaden" at altera_pll.v(321) has no driver File: d:/q17/quartus/libraries/megafunctions/altera_pll.v Line: 321
Warning (10034): Output port "extclk_out" at altera_pll.v(322) has no driver File: d:/q17/quartus/libraries/megafunctions/altera_pll.v Line: 322
Info (10008): Verilog HDL or VHDL information: EDA Netlist Writer cannot regroup multidimensional array "wire_to_nowhere_64" into its bus
Info (12130): Elaborated megafunction instantiation "pll_hdmi:pll_hdmi|pll_hdmi_0002:pll_hdmi_inst|altera_pll:altera_pll_i" File: D:/Arcade/AI/s32/sys/pll_hdmi/pll_hdmi_0002.v Line: 239
Info (12133): Instantiated megafunction "pll_hdmi:pll_hdmi|pll_hdmi_0002:pll_hdmi_inst|altera_pll:altera_pll_i" with the following parameter: File: D:/Arcade/AI/s32/sys/pll_hdmi/pll_hdmi_0002.v Line: 239
    Info (12134): Parameter "fractional_vco_multiplier" = "true"
    Info (12134): Parameter "reference_clock_frequency" = "50.0 MHz"
    Info (12134): Parameter "pll_fractional_cout" = "32"
    Info (12134): Parameter "pll_dsm_out_sel" = "1st_order"
    Info (12134): Parameter "operation_mode" = "direct"
    Info (12134): Parameter "number_of_clocks" = "1"
    Info (12134): Parameter "output_clock_frequency0" = "148.500000 MHz"
    Info (12134): Parameter "phase_shift0" = "0 ps"
    Info (12134): Parameter "duty_cycle0" = "50"
    Info (12134): Parameter "output_clock_frequency1" = "0 MHz"
    Info (12134): Parameter "phase_shift1" = "0 ps"
    Info (12134): Parameter "duty_cycle1" = "50"
    Info (12134): Parameter "output_clock_frequency2" = "0 MHz"
    Info (12134): Parameter "phase_shift2" = "0 ps"
    Info (12134): Parameter "duty_cycle2" = "50"
    Info (12134): Parameter "output_clock_frequency3" = "0 MHz"
    Info (12134): Parameter "phase_shift3" = "0 ps"
    Info (12134): Parameter "duty_cycle3" = "50"
    Info (12134): Parameter "output_clock_frequency4" = "0 MHz"
    Info (12134): Parameter "phase_shift4" = "0 ps"
    Info (12134): Parameter "duty_cycle4" = "50"
    Info (12134): Parameter "output_clock_frequency5" = "0 MHz"
    Info (12134): Parameter "phase_shift5" = "0 ps"
    Info (12134): Parameter "duty_cycle5" = "50"
    Info (12134): Parameter "output_clock_frequency6" = "0 MHz"
    Info (12134): Parameter "phase_shift6" = "0 ps"
    Info (12134): Parameter "duty_cycle6" = "50"
    Info (12134): Parameter "output_clock_frequency7" = "0 MHz"
    Info (12134): Parameter "phase_shift7" = "0 ps"
    Info (12134): Parameter "duty_cycle7" = "50"
    Info (12134): Parameter "output_clock_frequency8" = "0 MHz"
    Info (12134): Parameter "phase_shift8" = "0 ps"
    Info (12134): Parameter "duty_cycle8" = "50"
    Info (12134): Parameter "output_clock_frequency9" = "0 MHz"
    Info (12134): Parameter "phase_shift9" = "0 ps"
    Info (12134): Parameter "duty_cycle9" = "50"
    Info (12134): Parameter "output_clock_frequency10" = "0 MHz"
    Info (12134): Parameter "phase_shift10" = "0 ps"
    Info (12134): Parameter "duty_cycle10" = "50"
    Info (12134): Parameter "output_clock_frequency11" = "0 MHz"
    Info (12134): Parameter "phase_shift11" = "0 ps"
    Info (12134): Parameter "duty_cycle11" = "50"
    Info (12134): Parameter "output_clock_frequency12" = "0 MHz"
    Info (12134): Parameter "phase_shift12" = "0 ps"
    Info (12134): Parameter "duty_cycle12" = "50"
    Info (12134): Parameter "output_clock_frequency13" = "0 MHz"
    Info (12134): Parameter "phase_shift13" = "0 ps"
    Info (12134): Parameter "duty_cycle13" = "50"
    Info (12134): Parameter "output_clock_frequency14" = "0 MHz"
    Info (12134): Parameter "phase_shift14" = "0 ps"
    Info (12134): Parameter "duty_cycle14" = "50"
    Info (12134): Parameter "output_clock_frequency15" = "0 MHz"
    Info (12134): Parameter "phase_shift15" = "0 ps"
    Info (12134): Parameter "duty_cycle15" = "50"
    Info (12134): Parameter "output_clock_frequency16" = "0 MHz"
    Info (12134): Parameter "phase_shift16" = "0 ps"
    Info (12134): Parameter "duty_cycle16" = "50"
    Info (12134): Parameter "output_clock_frequency17" = "0 MHz"
    Info (12134): Parameter "phase_shift17" = "0 ps"
    Info (12134): Parameter "duty_cycle17" = "50"
    Info (12134): Parameter "pll_type" = "Cyclone V"
    Info (12134): Parameter "pll_subtype" = "Reconfigurable"
    Info (12134): Parameter "m_cnt_hi_div" = "4"
    Info (12134): Parameter "m_cnt_lo_div" = "4"
    Info (12134): Parameter "n_cnt_hi_div" = "256"
    Info (12134): Parameter "n_cnt_lo_div" = "256"
    Info (12134): Parameter "m_cnt_bypass_en" = "false"
    Info (12134): Parameter "n_cnt_bypass_en" = "true"
    Info (12134): Parameter "m_cnt_odd_div_duty_en" = "false"
    Info (12134): Parameter "n_cnt_odd_div_duty_en" = "false"
    Info (12134): Parameter "c_cnt_hi_div0" = "2"
    Info (12134): Parameter "c_cnt_lo_div0" = "1"
    Info (12134): Parameter "c_cnt_prst0" = "1"
    Info (12134): Parameter "c_cnt_ph_mux_prst0" = "0"
    Info (12134): Parameter "c_cnt_in_src0" = "ph_mux_clk"
    Info (12134): Parameter "c_cnt_bypass_en0" = "false"
    Info (12134): Parameter "c_cnt_odd_div_duty_en0" = "true"
    Info (12134): Parameter "c_cnt_hi_div1" = "1"
    Info (12134): Parameter "c_cnt_lo_div1" = "1"
    Info (12134): Parameter "c_cnt_prst1" = "1"
    Info (12134): Parameter "c_cnt_ph_mux_prst1" = "0"
    Info (12134): Parameter "c_cnt_in_src1" = "ph_mux_clk"
    Info (12134): Parameter "c_cnt_bypass_en1" = "true"
    Info (12134): Parameter "c_cnt_odd_div_duty_en1" = "false"
    Info (12134): Parameter "c_cnt_hi_div2" = "1"
    Info (12134): Parameter "c_cnt_lo_div2" = "1"
    Info (12134): Parameter "c_cnt_prst2" = "1"
    Info (12134): Parameter "c_cnt_ph_mux_prst2" = "0"
    Info (12134): Parameter "c_cnt_in_src2" = "ph_mux_clk"
    Info (12134): Parameter "c_cnt_bypass_en2" = "true"
    Info (12134): Parameter "c_cnt_odd_div_duty_en2" = "false"
    Info (12134): Parameter "c_cnt_hi_div3" = "1"
    Info (12134): Parameter "c_cnt_lo_div3" = "1"
    Info (12134): Parameter "c_cnt_prst3" = "1"
    Info (12134): Parameter "c_cnt_ph_mux_prst3" = "0"
    Info (12134): Parameter "c_cnt_in_src3" = "ph_mux_clk"
    Info (12134): Parameter "c_cnt_bypass_en3" = "true"
    Info (12134): Parameter "c_cnt_odd_div_duty_en3" = "false"
    Info (12134): Parameter "c_cnt_hi_div4" = "1"
    Info (12134): Parameter "c_cnt_lo_div4" = "1"
    Info (12134): Parameter "c_cnt_prst4" = "1"
    Info (12134): Parameter "c_cnt_ph_mux_prst4" = "0"
    Info (12134): Parameter "c_cnt_in_src4" = "ph_mux_clk"
    Info (12134): Parameter "c_cnt_bypass_en4" = "true"
    Info (12134): Parameter "c_cnt_odd_div_duty_en4" = "false"
    Info (12134): Parameter "c_cnt_hi_div5" = "1"
    Info (12134): Parameter "c_cnt_lo_div5" = "1"
    Info (12134): Parameter "c_cnt_prst5" = "1"
    Info (12134): Parameter "c_cnt_ph_mux_prst5" = "0"
    Info (12134): Parameter "c_cnt_in_src5" = "ph_mux_clk"
    Info (12134): Parameter "c_cnt_bypass_en5" = "true"
    Info (12134): Parameter "c_cnt_odd_div_duty_en5" = "false"
    Info (12134): Parameter "c_cnt_hi_div6" = "1"
    Info (12134): Parameter "c_cnt_lo_div6" = "1"
    Info (12134): Parameter "c_cnt_prst6" = "1"
    Info (12134): Parameter "c_cnt_ph_mux_prst6" = "0"
    Info (12134): Parameter "c_cnt_in_src6" = "ph_mux_clk"
    Info (12134): Parameter "c_cnt_bypass_en6" = "true"
    Info (12134): Parameter "c_cnt_odd_div_duty_en6" = "false"
    Info (12134): Parameter "c_cnt_hi_div7" = "1"
    Info (12134): Parameter "c_cnt_lo_div7" = "1"
    Info (12134): Parameter "c_cnt_prst7" = "1"
    Info (12134): Parameter "c_cnt_ph_mux_prst7" = "0"
    Info (12134): Parameter "c_cnt_in_src7" = "ph_mux_clk"
    Info (12134): Parameter "c_cnt_bypass_en7" = "true"
    Info (12134): Parameter "c_cnt_odd_div_duty_en7" = "false"
    Info (12134): Parameter "c_cnt_hi_div8" = "1"
    Info (12134): Parameter "c_cnt_lo_div8" = "1"
    Info (12134): Parameter "c_cnt_prst8" = "1"
    Info (12134): Parameter "c_cnt_ph_mux_prst8" = "0"
    Info (12134): Parameter "c_cnt_in_src8" = "ph_mux_clk"
    Info (12134): Parameter "c_cnt_bypass_en8" = "true"
    Info (12134): Parameter "c_cnt_odd_div_duty_en8" = "false"
    Info (12134): Parameter "c_cnt_hi_div9" = "1"
    Info (12134): Parameter "c_cnt_lo_div9" = "1"
    Info (12134): Parameter "c_cnt_prst9" = "1"
    Info (12134): Parameter "c_cnt_ph_mux_prst9" = "0"
    Info (12134): Parameter "c_cnt_in_src9" = "ph_mux_clk"
    Info (12134): Parameter "c_cnt_bypass_en9" = "true"
    Info (12134): Parameter "c_cnt_odd_div_duty_en9" = "false"
    Info (12134): Parameter "c_cnt_hi_div10" = "1"
    Info (12134): Parameter "c_cnt_lo_div10" = "1"
    Info (12134): Parameter "c_cnt_prst10" = "1"
    Info (12134): Parameter "c_cnt_ph_mux_prst10" = "0"
    Info (12134): Parameter "c_cnt_in_src10" = "ph_mux_clk"
    Info (12134): Parameter "c_cnt_bypass_en10" = "true"
    Info (12134): Parameter "c_cnt_odd_div_duty_en10" = "false"
    Info (12134): Parameter "c_cnt_hi_div11" = "1"
    Info (12134): Parameter "c_cnt_lo_div11" = "1"
    Info (12134): Parameter "c_cnt_prst11" = "1"
    Info (12134): Parameter "c_cnt_ph_mux_prst11" = "0"
    Info (12134): Parameter "c_cnt_in_src11" = "ph_mux_clk"
    Info (12134): Parameter "c_cnt_bypass_en11" = "true"
    Info (12134): Parameter "c_cnt_odd_div_duty_en11" = "false"
    Info (12134): Parameter "c_cnt_hi_div12" = "1"
    Info (12134): Parameter "c_cnt_lo_div12" = "1"
    Info (12134): Parameter "c_cnt_prst12" = "1"
    Info (12134): Parameter "c_cnt_ph_mux_prst12" = "0"
    Info (12134): Parameter "c_cnt_in_src12" = "ph_mux_clk"
    Info (12134): Parameter "c_cnt_bypass_en12" = "true"
    Info (12134): Parameter "c_cnt_odd_div_duty_en12" = "false"
    Info (12134): Parameter "c_cnt_hi_div13" = "1"
    Info (12134): Parameter "c_cnt_lo_div13" = "1"
    Info (12134): Parameter "c_cnt_prst13" = "1"
    Info (12134): Parameter "c_cnt_ph_mux_prst13" = "0"
    Info (12134): Parameter "c_cnt_in_src13" = "ph_mux_clk"
    Info (12134): Parameter "c_cnt_bypass_en13" = "true"
    Info (12134): Parameter "c_cnt_odd_div_duty_en13" = "false"
    Info (12134): Parameter "c_cnt_hi_div14" = "1"
    Info (12134): Parameter "c_cnt_lo_div14" = "1"
    Info (12134): Parameter "c_cnt_prst14" = "1"
    Info (12134): Parameter "c_cnt_ph_mux_prst14" = "0"
    Info (12134): Parameter "c_cnt_in_src14" = "ph_mux_clk"
    Info (12134): Parameter "c_cnt_bypass_en14" = "true"
    Info (12134): Parameter "c_cnt_odd_div_duty_en14" = "false"
    Info (12134): Parameter "c_cnt_hi_div15" = "1"
    Info (12134): Parameter "c_cnt_lo_div15" = "1"
    Info (12134): Parameter "c_cnt_prst15" = "1"
    Info (12134): Parameter "c_cnt_ph_mux_prst15" = "0"
    Info (12134): Parameter "c_cnt_in_src15" = "ph_mux_clk"
    Info (12134): Parameter "c_cnt_bypass_en15" = "true"
    Info (12134): Parameter "c_cnt_odd_div_duty_en15" = "false"
    Info (12134): Parameter "c_cnt_hi_div16" = "1"
    Info (12134): Parameter "c_cnt_lo_div16" = "1"
    Info (12134): Parameter "c_cnt_prst16" = "1"
    Info (12134): Parameter "c_cnt_ph_mux_prst16" = "0"
    Info (12134): Parameter "c_cnt_in_src16" = "ph_mux_clk"
    Info (12134): Parameter "c_cnt_bypass_en16" = "true"
    Info (12134): Parameter "c_cnt_odd_div_duty_en16" = "false"
    Info (12134): Parameter "c_cnt_hi_div17" = "1"
    Info (12134): Parameter "c_cnt_lo_div17" = "1"
    Info (12134): Parameter "c_cnt_prst17" = "1"
    Info (12134): Parameter "c_cnt_ph_mux_prst17" = "0"
    Info (12134): Parameter "c_cnt_in_src17" = "ph_mux_clk"
    Info (12134): Parameter "c_cnt_bypass_en17" = "true"
    Info (12134): Parameter "c_cnt_odd_div_duty_en17" = "false"
    Info (12134): Parameter "pll_vco_div" = "2"
    Info (12134): Parameter "pll_cp_current" = "20"
    Info (12134): Parameter "pll_bwctrl" = "4000"
    Info (12134): Parameter "pll_output_clk_frequency" = "445.499999 MHz"
    Info (12134): Parameter "pll_fractional_division" = "3908420153"
    Info (12134): Parameter "mimic_fbclk_type" = "none"
    Info (12134): Parameter "pll_fbclk_mux_1" = "glb"
    Info (12134): Parameter "pll_fbclk_mux_2" = "m_cnt"
    Info (12134): Parameter "pll_m_cnt_in_src" = "ph_mux_clk"
    Info (12134): Parameter "pll_slf_rst" = "true"
Info (12128): Elaborating entity "dps_extra_kick" for hierarchy "pll_hdmi:pll_hdmi|pll_hdmi_0002:pll_hdmi_inst|altera_pll:altera_pll_i|dps_extra_kick:dps_extra_inst" File: d:/q17/quartus/libraries/megafunctions/altera_pll.v Line: 769
Info (12131): Elaborated megafunction instantiation "pll_hdmi:pll_hdmi|pll_hdmi_0002:pll_hdmi_inst|altera_pll:altera_pll_i|dps_extra_kick:dps_extra_inst", which is child of megafunction instantiation "pll_hdmi:pll_hdmi|pll_hdmi_0002:pll_hdmi_inst|altera_pll:altera_pll_i" File: d:/q17/quartus/libraries/megafunctions/altera_pll.v Line: 769
Info (12128): Elaborating entity "dprio_init" for hierarchy "pll_hdmi:pll_hdmi|pll_hdmi_0002:pll_hdmi_inst|altera_pll:altera_pll_i|dprio_init:dprio_init_inst" File: d:/q17/quartus/libraries/megafunctions/altera_pll.v Line: 784
Info (12131): Elaborated megafunction instantiation "pll_hdmi:pll_hdmi|pll_hdmi_0002:pll_hdmi_inst|altera_pll:altera_pll_i|dprio_init:dprio_init_inst", which is child of megafunction instantiation "pll_hdmi:pll_hdmi|pll_hdmi_0002:pll_hdmi_inst|altera_pll:altera_pll_i" File: d:/q17/quartus/libraries/megafunctions/altera_pll.v Line: 784
Info (12128): Elaborating entity "altera_pll_dps_lcell_comb" for hierarchy "pll_hdmi:pll_hdmi|pll_hdmi_0002:pll_hdmi_inst|altera_pll:altera_pll_i|altera_pll_dps_lcell_comb:lcell_cntsel_int_0" File: d:/q17/quartus/libraries/megafunctions/altera_pll.v Line: 1961
Info (12131): Elaborated megafunction instantiation "pll_hdmi:pll_hdmi|pll_hdmi_0002:pll_hdmi_inst|altera_pll:altera_pll_i|altera_pll_dps_lcell_comb:lcell_cntsel_int_0", which is child of megafunction instantiation "pll_hdmi:pll_hdmi|pll_hdmi_0002:pll_hdmi_inst|altera_pll:altera_pll_i" File: d:/q17/quartus/libraries/megafunctions/altera_pll.v Line: 1961
Info (12128): Elaborating entity "altera_pll_dps_lcell_comb" for hierarchy "pll_hdmi:pll_hdmi|pll_hdmi_0002:pll_hdmi_inst|altera_pll:altera_pll_i|altera_pll_dps_lcell_comb:lcell_cntsel_int_1" File: d:/q17/quartus/libraries/megafunctions/altera_pll.v Line: 1972
Info (12131): Elaborated megafunction instantiation "pll_hdmi:pll_hdmi|pll_hdmi_0002:pll_hdmi_inst|altera_pll:altera_pll_i|altera_pll_dps_lcell_comb:lcell_cntsel_int_1", which is child of megafunction instantiation "pll_hdmi:pll_hdmi|pll_hdmi_0002:pll_hdmi_inst|altera_pll:altera_pll_i" File: d:/q17/quartus/libraries/megafunctions/altera_pll.v Line: 1972
Info (12128): Elaborating entity "altera_pll_dps_lcell_comb" for hierarchy "pll_hdmi:pll_hdmi|pll_hdmi_0002:pll_hdmi_inst|altera_pll:altera_pll_i|altera_pll_dps_lcell_comb:lcell_cntsel_int_2" File: d:/q17/quartus/libraries/megafunctions/altera_pll.v Line: 1983
Info (12131): Elaborated megafunction instantiation "pll_hdmi:pll_hdmi|pll_hdmi_0002:pll_hdmi_inst|altera_pll:altera_pll_i|altera_pll_dps_lcell_comb:lcell_cntsel_int_2", which is child of megafunction instantiation "pll_hdmi:pll_hdmi|pll_hdmi_0002:pll_hdmi_inst|altera_pll:altera_pll_i" File: d:/q17/quartus/libraries/megafunctions/altera_pll.v Line: 1983
Info (12128): Elaborating entity "altera_pll_dps_lcell_comb" for hierarchy "pll_hdmi:pll_hdmi|pll_hdmi_0002:pll_hdmi_inst|altera_pll:altera_pll_i|altera_pll_dps_lcell_comb:lcell_cntsel_int_3" File: d:/q17/quartus/libraries/megafunctions/altera_pll.v Line: 1994
Info (12131): Elaborated megafunction instantiation "pll_hdmi:pll_hdmi|pll_hdmi_0002:pll_hdmi_inst|altera_pll:altera_pll_i|altera_pll_dps_lcell_comb:lcell_cntsel_int_3", which is child of megafunction instantiation "pll_hdmi:pll_hdmi|pll_hdmi_0002:pll_hdmi_inst|altera_pll:altera_pll_i" File: d:/q17/quartus/libraries/megafunctions/altera_pll.v Line: 1994
Info (12128): Elaborating entity "altera_pll_dps_lcell_comb" for hierarchy "pll_hdmi:pll_hdmi|pll_hdmi_0002:pll_hdmi_inst|altera_pll:altera_pll_i|altera_pll_dps_lcell_comb:lcell_cntsel_int_4" File: d:/q17/quartus/libraries/megafunctions/altera_pll.v Line: 2005
Info (12131): Elaborated megafunction instantiation "pll_hdmi:pll_hdmi|pll_hdmi_0002:pll_hdmi_inst|altera_pll:altera_pll_i|altera_pll_dps_lcell_comb:lcell_cntsel_int_4", which is child of megafunction instantiation "pll_hdmi:pll_hdmi|pll_hdmi_0002:pll_hdmi_inst|altera_pll:altera_pll_i" File: d:/q17/quartus/libraries/megafunctions/altera_pll.v Line: 2005
Info (12128): Elaborating entity "altera_cyclonev_pll" for hierarchy "pll_hdmi:pll_hdmi|pll_hdmi_0002:pll_hdmi_inst|altera_pll:altera_pll_i|altera_cyclonev_pll:cyclonev_pll" File: d:/q17/quartus/libraries/megafunctions/altera_pll.v Line: 2224
Warning (10034): Output port "extclk" at altera_cyclonev_pll.v(632) has no driver File: d:/q17/quartus/libraries/megafunctions/altera_cyclonev_pll.v Line: 632
Warning (10034): Output port "clkout[0]" at altera_cyclonev_pll.v(637) has no driver File: d:/q17/quartus/libraries/megafunctions/altera_cyclonev_pll.v Line: 637
Warning (10034): Output port "loaden" at altera_cyclonev_pll.v(641) has no driver File: d:/q17/quartus/libraries/megafunctions/altera_cyclonev_pll.v Line: 641
Warning (10034): Output port "lvdsclk" at altera_cyclonev_pll.v(642) has no driver File: d:/q17/quartus/libraries/megafunctions/altera_cyclonev_pll.v Line: 642
Info (12131): Elaborated megafunction instantiation "pll_hdmi:pll_hdmi|pll_hdmi_0002:pll_hdmi_inst|altera_pll:altera_pll_i|altera_cyclonev_pll:cyclonev_pll", which is child of megafunction instantiation "pll_hdmi:pll_hdmi|pll_hdmi_0002:pll_hdmi_inst|altera_pll:altera_pll_i" File: d:/q17/quartus/libraries/megafunctions/altera_pll.v Line: 2224
Info (12128): Elaborating entity "altera_cyclonev_pll_base" for hierarchy "pll_hdmi:pll_hdmi|pll_hdmi_0002:pll_hdmi_inst|altera_pll:altera_pll_i|altera_cyclonev_pll:cyclonev_pll|altera_cyclonev_pll_base:fpll_0" File: d:/q17/quartus/libraries/megafunctions/altera_cyclonev_pll.v Line: 1153
Info (12131): Elaborated megafunction instantiation "pll_hdmi:pll_hdmi|pll_hdmi_0002:pll_hdmi_inst|altera_pll:altera_pll_i|altera_cyclonev_pll:cyclonev_pll|altera_cyclonev_pll_base:fpll_0", which is child of megafunction instantiation "pll_hdmi:pll_hdmi|pll_hdmi_0002:pll_hdmi_inst|altera_pll:altera_pll_i" File: d:/q17/quartus/libraries/megafunctions/altera_cyclonev_pll.v Line: 1153
Info (12128): Elaborating entity "pll_cfg_hdmi" for hierarchy "pll_cfg_hdmi:pll_cfg_hdmi" File: D:/Arcade/AI/s32/sys/sys_top.v Line: 1091
Info (12128): Elaborating entity "altera_std_synchronizer" for hierarchy "pll_cfg_hdmi:pll_cfg_hdmi|altera_std_synchronizer:altera_std_synchronizer_inst" File: D:/Arcade/AI/s32/sys/pll_cfg/pll_cfg_hdmi.v Line: 271
Info (12130): Elaborated megafunction instantiation "pll_cfg_hdmi:pll_cfg_hdmi|altera_std_synchronizer:altera_std_synchronizer_inst" File: D:/Arcade/AI/s32/sys/pll_cfg/pll_cfg_hdmi.v Line: 271
Info (12133): Instantiated megafunction "pll_cfg_hdmi:pll_cfg_hdmi|altera_std_synchronizer:altera_std_synchronizer_inst" with the following parameter: File: D:/Arcade/AI/s32/sys/pll_cfg/pll_cfg_hdmi.v Line: 271
    Info (12134): Parameter "depth" = "3"
Info (12128): Elaborating entity "dyn_phase_shift" for hierarchy "pll_cfg_hdmi:pll_cfg_hdmi|dyn_phase_shift:dyn_phase_shift_inst" File: D:/Arcade/AI/s32/sys/pll_cfg/pll_cfg_hdmi.v Line: 1169
Info (12128): Elaborating entity "generic_lcell_comb" for hierarchy "pll_cfg_hdmi:pll_cfg_hdmi|dyn_phase_shift:dyn_phase_shift_inst|generic_lcell_comb:lcell_cnt_sel_0" File: D:/Arcade/AI/s32/sys/pll_cfg/altera_pll_reconfig_core.v Line: 2060
Info (12128): Elaborating entity "generic_lcell_comb" for hierarchy "pll_cfg_hdmi:pll_cfg_hdmi|dyn_phase_shift:dyn_phase_shift_inst|generic_lcell_comb:lcell_cnt_sel_1" File: D:/Arcade/AI/s32/sys/pll_cfg/altera_pll_reconfig_core.v Line: 2071
Info (12128): Elaborating entity "generic_lcell_comb" for hierarchy "pll_cfg_hdmi:pll_cfg_hdmi|dyn_phase_shift:dyn_phase_shift_inst|generic_lcell_comb:lcell_cnt_sel_2" File: D:/Arcade/AI/s32/sys/pll_cfg/altera_pll_reconfig_core.v Line: 2082
Info (12128): Elaborating entity "generic_lcell_comb" for hierarchy "pll_cfg_hdmi:pll_cfg_hdmi|dyn_phase_shift:dyn_phase_shift_inst|generic_lcell_comb:lcell_cnt_sel_3" File: D:/Arcade/AI/s32/sys/pll_cfg/altera_pll_reconfig_core.v Line: 2093
Info (12128): Elaborating entity "generic_lcell_comb" for hierarchy "pll_cfg_hdmi:pll_cfg_hdmi|dyn_phase_shift:dyn_phase_shift_inst|generic_lcell_comb:lcell_cnt_sel_4" File: D:/Arcade/AI/s32/sys/pll_cfg/altera_pll_reconfig_core.v Line: 2104
Info (12128): Elaborating entity "self_reset" for hierarchy "pll_cfg_hdmi:pll_cfg_hdmi|self_reset:self_reset_inst" File: D:/Arcade/AI/s32/sys/pll_cfg/pll_cfg_hdmi.v Line: 1173
Info (12128): Elaborating entity "dprio_mux" for hierarchy "pll_cfg_hdmi:pll_cfg_hdmi|dprio_mux:dprio_mux_inst" File: D:/Arcade/AI/s32/sys/pll_cfg/pll_cfg_hdmi.v Line: 1211
Info (12128): Elaborating entity "fpll_dprio_init" for hierarchy "pll_cfg_hdmi:pll_cfg_hdmi|fpll_dprio_init:fpll_dprio_init_inst" File: D:/Arcade/AI/s32/sys/pll_cfg/pll_cfg_hdmi.v Line: 1230
Info (12128): Elaborating entity "shadowmask" for hierarchy "shadowmask:HDMI_shadowmask" File: D:/Arcade/AI/s32/sys/sys_top.v Line: 1193
Info (12128): Elaborating entity "osd" for hierarchy "osd:hdmi_osd" File: D:/Arcade/AI/s32/sys/sys_top.v Line: 1217
Info (12128): Elaborating entity "csync" for hierarchy "csync:csync_hdmi" File: D:/Arcade/AI/s32/sys/sys_top.v Line: 1220
Info (12128): Elaborating entity "altddio_out" for hierarchy "altddio_out:hdmiclk_ddr" File: D:/Arcade/AI/s32/sys/sys_top.v Line: 1313
Info (12130): Elaborated megafunction instantiation "altddio_out:hdmiclk_ddr" File: D:/Arcade/AI/s32/sys/sys_top.v Line: 1313
Info (12133): Instantiated megafunction "altddio_out:hdmiclk_ddr" with the following parameter: File: D:/Arcade/AI/s32/sys/sys_top.v Line: 1313
    Info (12134): Parameter "extend_oe_disable" = "OFF"
    Info (12134): Parameter "intended_device_family" = "Cyclone V"
    Info (12134): Parameter "invert_output" = "OFF"
    Info (12134): Parameter "lpm_hint" = "UNUSED"
    Info (12134): Parameter "lpm_type" = "altddio_out"
    Info (12134): Parameter "oe_reg" = "UNREGISTERED"
    Info (12134): Parameter "power_up_high" = "OFF"
    Info (12134): Parameter "width" = "1"
Info (12021): Found 1 design units, including 1 entities, in source file db/ddio_out_b2j.tdf
    Info (12023): Found entity 1: ddio_out_b2j File: D:/Arcade/AI/s32/db/ddio_out_b2j.tdf Line: 28
Info (12128): Elaborating entity "ddio_out_b2j" for hierarchy "altddio_out:hdmiclk_ddr|ddio_out_b2j:auto_generated" File: d:/q17/quartus/libraries/megafunctions/altddio_out.tdf Line: 101
Info (12128): Elaborating entity "altddio_out" for hierarchy "altddio_out:vgaclk_ddr" File: D:/Arcade/AI/s32/sys/sys_top.v Line: 1394
Info (12130): Elaborated megafunction instantiation "altddio_out:vgaclk_ddr" File: D:/Arcade/AI/s32/sys/sys_top.v Line: 1394
Info (12133): Instantiated megafunction "altddio_out:vgaclk_ddr" with the following parameter: File: D:/Arcade/AI/s32/sys/sys_top.v Line: 1394
    Info (12134): Parameter "extend_oe_disable" = "OFF"
    Info (12134): Parameter "intended_device_family" = "Cyclone V"
    Info (12134): Parameter "invert_output" = "OFF"
    Info (12134): Parameter "lpm_hint" = "UNUSED"
    Info (12134): Parameter "lpm_type" = "altddio_out"
    Info (12134): Parameter "oe_reg" = "UNREGISTERED"
    Info (12134): Parameter "power_up_high" = "OFF"
    Info (12134): Parameter "width" = "1"
Info (12021): Found 1 design units, including 1 entities, in source file db/ddio_out_1oj.tdf
    Info (12023): Found entity 1: ddio_out_1oj File: D:/Arcade/AI/s32/db/ddio_out_1oj.tdf Line: 30
Info (12128): Elaborating entity "ddio_out_1oj" for hierarchy "altddio_out:vgaclk_ddr|ddio_out_1oj:auto_generated" File: d:/q17/quartus/libraries/megafunctions/altddio_out.tdf Line: 101
Info (12128): Elaborating entity "scanlines" for hierarchy "scanlines:VGA_scanlines" File: D:/Arcade/AI/s32/sys/sys_top.v Line: 1415
Info (12128): Elaborating entity "vga_out" for hierarchy "vga_out:vga_scaler_out" File: D:/Arcade/AI/s32/sys/sys_top.v Line: 1532
Info (12128): Elaborating entity "pll_audio" for hierarchy "pll_audio:pll_audio" File: D:/Arcade/AI/s32/sys/sys_top.v Line: 1622
Info (12128): Elaborating entity "pll_audio_0002" for hierarchy "pll_audio:pll_audio|pll_audio_0002:pll_audio_inst" File: D:/Arcade/AI/s32/sys/pll_audio.v Line: 19
Info (12128): Elaborating entity "altera_pll" for hierarchy "pll_audio:pll_audio|pll_audio_0002:pll_audio_inst|altera_pll:altera_pll_i" File: D:/Arcade/AI/s32/sys/pll_audio/pll_audio_0002.v Line: 85
Info (10008): Verilog HDL or VHDL information: EDA Netlist Writer cannot regroup multidimensional array "wire_to_nowhere_64" into its bus
Info (12130): Elaborated megafunction instantiation "pll_audio:pll_audio|pll_audio_0002:pll_audio_inst|altera_pll:altera_pll_i" File: D:/Arcade/AI/s32/sys/pll_audio/pll_audio_0002.v Line: 85
Info (12133): Instantiated megafunction "pll_audio:pll_audio|pll_audio_0002:pll_audio_inst|altera_pll:altera_pll_i" with the following parameter: File: D:/Arcade/AI/s32/sys/pll_audio/pll_audio_0002.v Line: 85
    Info (12134): Parameter "fractional_vco_multiplier" = "true"
    Info (12134): Parameter "reference_clock_frequency" = "50.0 MHz"
    Info (12134): Parameter "operation_mode" = "direct"
    Info (12134): Parameter "number_of_clocks" = "1"
    Info (12134): Parameter "output_clock_frequency0" = "24.576000 MHz"
    Info (12134): Parameter "phase_shift0" = "0 ps"
    Info (12134): Parameter "duty_cycle0" = "50"
    Info (12134): Parameter "output_clock_frequency1" = "0 MHz"
    Info (12134): Parameter "phase_shift1" = "0 ps"
    Info (12134): Parameter "duty_cycle1" = "50"
    Info (12134): Parameter "output_clock_frequency2" = "0 MHz"
    Info (12134): Parameter "phase_shift2" = "0 ps"
    Info (12134): Parameter "duty_cycle2" = "50"
    Info (12134): Parameter "output_clock_frequency3" = "0 MHz"
    Info (12134): Parameter "phase_shift3" = "0 ps"
    Info (12134): Parameter "duty_cycle3" = "50"
    Info (12134): Parameter "output_clock_frequency4" = "0 MHz"
    Info (12134): Parameter "phase_shift4" = "0 ps"
    Info (12134): Parameter "duty_cycle4" = "50"
    Info (12134): Parameter "output_clock_frequency5" = "0 MHz"
    Info (12134): Parameter "phase_shift5" = "0 ps"
    Info (12134): Parameter "duty_cycle5" = "50"
    Info (12134): Parameter "output_clock_frequency6" = "0 MHz"
    Info (12134): Parameter "phase_shift6" = "0 ps"
    Info (12134): Parameter "duty_cycle6" = "50"
    Info (12134): Parameter "output_clock_frequency7" = "0 MHz"
    Info (12134): Parameter "phase_shift7" = "0 ps"
    Info (12134): Parameter "duty_cycle7" = "50"
    Info (12134): Parameter "output_clock_frequency8" = "0 MHz"
    Info (12134): Parameter "phase_shift8" = "0 ps"
    Info (12134): Parameter "duty_cycle8" = "50"
    Info (12134): Parameter "output_clock_frequency9" = "0 MHz"
    Info (12134): Parameter "phase_shift9" = "0 ps"
    Info (12134): Parameter "duty_cycle9" = "50"
    Info (12134): Parameter "output_clock_frequency10" = "0 MHz"
    Info (12134): Parameter "phase_shift10" = "0 ps"
    Info (12134): Parameter "duty_cycle10" = "50"
    Info (12134): Parameter "output_clock_frequency11" = "0 MHz"
    Info (12134): Parameter "phase_shift11" = "0 ps"
    Info (12134): Parameter "duty_cycle11" = "50"
    Info (12134): Parameter "output_clock_frequency12" = "0 MHz"
    Info (12134): Parameter "phase_shift12" = "0 ps"
    Info (12134): Parameter "duty_cycle12" = "50"
    Info (12134): Parameter "output_clock_frequency13" = "0 MHz"
    Info (12134): Parameter "phase_shift13" = "0 ps"
    Info (12134): Parameter "duty_cycle13" = "50"
    Info (12134): Parameter "output_clock_frequency14" = "0 MHz"
    Info (12134): Parameter "phase_shift14" = "0 ps"
    Info (12134): Parameter "duty_cycle14" = "50"
    Info (12134): Parameter "output_clock_frequency15" = "0 MHz"
    Info (12134): Parameter "phase_shift15" = "0 ps"
    Info (12134): Parameter "duty_cycle15" = "50"
    Info (12134): Parameter "output_clock_frequency16" = "0 MHz"
    Info (12134): Parameter "phase_shift16" = "0 ps"
    Info (12134): Parameter "duty_cycle16" = "50"
    Info (12134): Parameter "output_clock_frequency17" = "0 MHz"
    Info (12134): Parameter "phase_shift17" = "0 ps"
    Info (12134): Parameter "duty_cycle17" = "50"
    Info (12134): Parameter "pll_type" = "General"
    Info (12134): Parameter "pll_subtype" = "General"
Info (12128): Elaborating entity "audio_out" for hierarchy "audio_out:audio_out" File: D:/Arcade/AI/s32/sys/sys_top.v Line: 1661
Info (12128): Elaborating entity "i2s" for hierarchy "audio_out:audio_out|i2s:i2s" File: D:/Arcade/AI/s32/sys/audio_out.sv Line: 109
Info (12128): Elaborating entity "spdif" for hierarchy "audio_out:audio_out|spdif:toslink" File: D:/Arcade/AI/s32/sys/audio_out.sv Line: 120
Info (12128): Elaborating entity "sigma_delta_dac" for hierarchy "audio_out:audio_out|sigma_delta_dac:sd_l" File: D:/Arcade/AI/s32/sys/audio_out.sv Line: 128
Info (12128): Elaborating entity "IIR_filter" for hierarchy "audio_out:audio_out|IIR_filter:IIR_filter" File: D:/Arcade/AI/s32/sys/audio_out.sv Line: 221
Info (12128): Elaborating entity "iir_filter_tap" for hierarchy "audio_out:audio_out|IIR_filter:IIR_filter|iir_filter_tap:iir_tap_0" File: D:/Arcade/AI/s32/sys/iir_filter.v Line: 82
Info (12128): Elaborating entity "DC_blocker" for hierarchy "audio_out:audio_out|DC_blocker:dcb_l" File: D:/Arcade/AI/s32/sys/audio_out.sv Line: 232
Info (12128): Elaborating entity "aud_mix_top" for hierarchy "audio_out:audio_out|aud_mix_top:audmix_l" File: D:/Arcade/AI/s32/sys/audio_out.sv Line: 260
Info (12128): Elaborating entity "sync_fix" for hierarchy "sync_fix:sync_v" File: D:/Arcade/AI/s32/sys/sys_top.v Line: 1752
Info (12128): Elaborating entity "emu" for hierarchy "emu:emu" File: D:/Arcade/AI/s32/sys/sys_top.v Line: 1921
Warning (10230): Verilog HDL assignment warning at Arcade-SegaSystem32.sv(607): truncated value with size 9 to match size of target (8) File: D:/Arcade/AI/s32/Arcade-SegaSystem32.sv Line: 607
Warning (10230): Verilog HDL assignment warning at Arcade-SegaSystem32.sv(608): truncated value with size 9 to match size of target (8) File: D:/Arcade/AI/s32/Arcade-SegaSystem32.sv Line: 608
Warning (10230): Verilog HDL assignment warning at Arcade-SegaSystem32.sv(648): truncated value with size 10 to match size of target (8) File: D:/Arcade/AI/s32/Arcade-SegaSystem32.sv Line: 648
Info (12128): Elaborating entity "pll" for hierarchy "emu:emu|pll:pll" File: D:/Arcade/AI/s32/Arcade-SegaSystem32.sv Line: 231
Info (12128): Elaborating entity "pll_pll_inst" for hierarchy "emu:emu|pll:pll|pll_pll_inst:pll_inst" File: D:/Arcade/AI/s32/rtl/pll/synthesis/pll.v Line: 24
Info (12128): Elaborating entity "altera_pll" for hierarchy "emu:emu|pll:pll|pll_pll_inst:pll_inst|altera_pll:altera_pll_i" File: D:/Arcade/AI/s32/rtl/pll/synthesis/submodules/pll_pll_inst.v Line: 94
Info (10008): Verilog HDL or VHDL information: EDA Netlist Writer cannot regroup multidimensional array "wire_to_nowhere_64" into its bus
Info (12130): Elaborated megafunction instantiation "emu:emu|pll:pll|pll_pll_inst:pll_inst|altera_pll:altera_pll_i" File: D:/Arcade/AI/s32/rtl/pll/synthesis/submodules/pll_pll_inst.v Line: 94
Info (12133): Instantiated megafunction "emu:emu|pll:pll|pll_pll_inst:pll_inst|altera_pll:altera_pll_i" with the following parameter: File: D:/Arcade/AI/s32/rtl/pll/synthesis/submodules/pll_pll_inst.v Line: 94
    Info (12134): Parameter "fractional_vco_multiplier" = "false"
    Info (12134): Parameter "reference_clock_frequency" = "50.0 MHz"
    Info (12134): Parameter "operation_mode" = "direct"
    Info (12134): Parameter "number_of_clocks" = "4"
    Info (12134): Parameter "output_clock_frequency0" = "96.634615 MHz"
    Info (12134): Parameter "phase_shift0" = "0 ps"
    Info (12134): Parameter "duty_cycle0" = "50"
    Info (12134): Parameter "output_clock_frequency1" = "48.317307 MHz"
    Info (12134): Parameter "phase_shift1" = "0 ps"
    Info (12134): Parameter "duty_cycle1" = "50"
    Info (12134): Parameter "output_clock_frequency2" = "96.634615 MHz"
    Info (12134): Parameter "phase_shift2" = "5174 ps"
    Info (12134): Parameter "duty_cycle2" = "50"
    Info (12134): Parameter "output_clock_frequency3" = "24.158653 MHz"
    Info (12134): Parameter "phase_shift3" = "0 ps"
    Info (12134): Parameter "duty_cycle3" = "50"
    Info (12134): Parameter "output_clock_frequency4" = "0 MHz"
    Info (12134): Parameter "phase_shift4" = "0 ps"
    Info (12134): Parameter "duty_cycle4" = "50"
    Info (12134): Parameter "output_clock_frequency5" = "0 MHz"
    Info (12134): Parameter "phase_shift5" = "0 ps"
    Info (12134): Parameter "duty_cycle5" = "50"
    Info (12134): Parameter "output_clock_frequency6" = "0 MHz"
    Info (12134): Parameter "phase_shift6" = "0 ps"
    Info (12134): Parameter "duty_cycle6" = "50"
    Info (12134): Parameter "output_clock_frequency7" = "0 MHz"
    Info (12134): Parameter "phase_shift7" = "0 ps"
    Info (12134): Parameter "duty_cycle7" = "50"
    Info (12134): Parameter "output_clock_frequency8" = "0 MHz"
    Info (12134): Parameter "phase_shift8" = "0 ps"
    Info (12134): Parameter "duty_cycle8" = "50"
    Info (12134): Parameter "output_clock_frequency9" = "0 MHz"
    Info (12134): Parameter "phase_shift9" = "0 ps"
    Info (12134): Parameter "duty_cycle9" = "50"
    Info (12134): Parameter "output_clock_frequency10" = "0 MHz"
    Info (12134): Parameter "phase_shift10" = "0 ps"
    Info (12134): Parameter "duty_cycle10" = "50"
    Info (12134): Parameter "output_clock_frequency11" = "0 MHz"
    Info (12134): Parameter "phase_shift11" = "0 ps"
    Info (12134): Parameter "duty_cycle11" = "50"
    Info (12134): Parameter "output_clock_frequency12" = "0 MHz"
    Info (12134): Parameter "phase_shift12" = "0 ps"
    Info (12134): Parameter "duty_cycle12" = "50"
    Info (12134): Parameter "output_clock_frequency13" = "0 MHz"
    Info (12134): Parameter "phase_shift13" = "0 ps"
    Info (12134): Parameter "duty_cycle13" = "50"
    Info (12134): Parameter "output_clock_frequency14" = "0 MHz"
    Info (12134): Parameter "phase_shift14" = "0 ps"
    Info (12134): Parameter "duty_cycle14" = "50"
    Info (12134): Parameter "output_clock_frequency15" = "0 MHz"
    Info (12134): Parameter "phase_shift15" = "0 ps"
    Info (12134): Parameter "duty_cycle15" = "50"
    Info (12134): Parameter "output_clock_frequency16" = "0 MHz"
    Info (12134): Parameter "phase_shift16" = "0 ps"
    Info (12134): Parameter "duty_cycle16" = "50"
    Info (12134): Parameter "output_clock_frequency17" = "0 MHz"
    Info (12134): Parameter "phase_shift17" = "0 ps"
    Info (12134): Parameter "duty_cycle17" = "50"
    Info (12134): Parameter "pll_type" = "General"
    Info (12134): Parameter "pll_subtype" = "General"
Info (12128): Elaborating entity "hps_io" for hierarchy "emu:emu|hps_io:hps_io" File: D:/Arcade/AI/s32/Arcade-SegaSystem32.sv Line: 368
Info (10264): Verilog HDL Case Statement information at hps_io.sv(417): all case item expressions in this case statement are onehot File: D:/Arcade/AI/s32/sys/hps_io.sv Line: 417
Info (10264): Verilog HDL Case Statement information at hps_io.sv(446): all case item expressions in this case statement are onehot File: D:/Arcade/AI/s32/sys/hps_io.sv Line: 446
Info (12128): Elaborating entity "video_calc" for hierarchy "emu:emu|hps_io:hps_io|video_calc:video_calc" File: D:/Arcade/AI/s32/sys/hps_io.sv Line: 236
Info (12128): Elaborating entity "s32_eeprom_nvram_if" for hierarchy "emu:emu|s32_eeprom_nvram_if:eep_nvram_if" File: D:/Arcade/AI/s32/Arcade-SegaSystem32.sv Line: 377
Info (12128): Elaborating entity "s32_rom_loader" for hierarchy "emu:emu|s32_rom_loader:loader" File: D:/Arcade/AI/s32/Arcade-SegaSystem32.sv Line: 403
Info (12128): Elaborating entity "sdram" for hierarchy "emu:emu|sdram:sdram" File: D:/Arcade/AI/s32/Arcade-SegaSystem32.sv Line: 501
Info (12128): Elaborating entity "s32_fb_if" for hierarchy "emu:emu|s32_fb_if:fb" File: D:/Arcade/AI/s32/Arcade-SegaSystem32.sv Line: 524
Info (12128): Elaborating entity "s32_fb_run_ram" for hierarchy "emu:emu|s32_fb_if:fb|s32_fb_run_ram:run_ram" File: D:/Arcade/AI/s32/rtl/mem/s32_fb_if.sv Line: 208
Info (12128): Elaborating entity "altsyncram" for hierarchy "emu:emu|s32_fb_if:fb|s32_fb_run_ram:run_ram|altsyncram:ram" File: D:/Arcade/AI/s32/rtl/mem/s32_fb_if.sv Line: 469
Info (12130): Elaborated megafunction instantiation "emu:emu|s32_fb_if:fb|s32_fb_run_ram:run_ram|altsyncram:ram" File: D:/Arcade/AI/s32/rtl/mem/s32_fb_if.sv Line: 469
Info (12133): Instantiated megafunction "emu:emu|s32_fb_if:fb|s32_fb_run_ram:run_ram|altsyncram:ram" with the following parameter: File: D:/Arcade/AI/s32/rtl/mem/s32_fb_if.sv Line: 469
    Info (12134): Parameter "numwords_a" = "128"
    Info (12134): Parameter "widthad_a" = "7"
    Info (12134): Parameter "width_a" = "64"
    Info (12134): Parameter "numwords_b" = "128"
    Info (12134): Parameter "widthad_b" = "7"
    Info (12134): Parameter "width_b" = "64"
    Info (12134): Parameter "address_reg_b" = "CLOCK1"
    Info (12134): Parameter "clock_enable_input_a" = "BYPASS"
    Info (12134): Parameter "clock_enable_input_b" = "BYPASS"
    Info (12134): Parameter "clock_enable_output_b" = "BYPASS"
    Info (12134): Parameter "intended_device_family" = "Cyclone V"
    Info (12134): Parameter "lpm_type" = "altsyncram"
    Info (12134): Parameter "operation_mode" = "DUAL_PORT"
    Info (12134): Parameter "outdata_aclr_b" = "NONE"
    Info (12134): Parameter "outdata_reg_b" = "UNREGISTERED"
    Info (12134): Parameter "power_up_uninitialized" = "FALSE"
    Info (12134): Parameter "read_during_write_mode_mixed_ports" = "DONT_CARE"
    Info (12134): Parameter "width_byteena_a" = "8"
Info (12021): Found 1 design units, including 1 entities, in source file db/altsyncram_l1u1.tdf
    Info (12023): Found entity 1: altsyncram_l1u1 File: D:/Arcade/AI/s32/db/altsyncram_l1u1.tdf Line: 28
Info (12128): Elaborating entity "altsyncram_l1u1" for hierarchy "emu:emu|s32_fb_if:fb|s32_fb_run_ram:run_ram|altsyncram:ram|altsyncram_l1u1:auto_generated" File: d:/q17/quartus/libraries/megafunctions/altsyncram.tdf Line: 792
Info (12128): Elaborating entity "s32_gun_aim" for hierarchy "emu:emu|s32_gun_aim:gun_aim_conditioner" File: D:/Arcade/AI/s32/Arcade-SegaSystem32.sv Line: 628
Info (12128): Elaborating entity "s32_core" for hierarchy "emu:emu|s32_core:core" File: D:/Arcade/AI/s32/Arcade-SegaSystem32.sv Line: 848
Warning (10036): Verilog HDL or VHDL warning at s32_core.sv(210): object "cfg_prot_sel" assigned a value but never read File: D:/Arcade/AI/s32/rtl/s32_core.sv Line: 210
Warning (10036): Verilog HDL or VHDL warning at s32_core.sv(349): object "pr_ack" assigned a value but never read File: D:/Arcade/AI/s32/rtl/s32_core.sv Line: 349
Warning (10036): Verilog HDL or VHDL warning at s32_core.sv(766): object "fb_rd_pix_b" assigned a value but never read File: D:/Arcade/AI/s32/rtl/s32_core.sv Line: 766
Warning (10036): Verilog HDL or VHDL warning at s32_core.sv(788): object "mix1_pal_addr" assigned a value but never read File: D:/Arcade/AI/s32/rtl/s32_core.sv Line: 788
Warning (10036): Verilog HDL or VHDL warning at s32_core.sv(789): object "mix1_pal_q" assigned a value but never read File: D:/Arcade/AI/s32/rtl/s32_core.sv Line: 789
Warning (10036): Verilog HDL or VHDL warning at s32_core.sv(791): object "mix1_r4e" assigned a value but never read File: D:/Arcade/AI/s32/rtl/s32_core.sv Line: 791
Warning (10036): Verilog HDL or VHDL warning at s32_core.sv(1079): object "prot_rom_ack" assigned a value but never read File: D:/Arcade/AI/s32/rtl/s32_core.sv Line: 1079
Warning (10036): Verilog HDL or VHDL warning at s32_core.sv(1080): object "prot_rom_data" assigned a value but never read File: D:/Arcade/AI/s32/rtl/s32_core.sv Line: 1080
Warning (10230): Verilog HDL assignment warning at s32_core.sv(340): truncated value with size 16 to match size of target (15) File: D:/Arcade/AI/s32/rtl/s32_core.sv Line: 340
Info (12128): Elaborating entity "s32_v60" for hierarchy "emu:emu|s32_core:core|s32_v60:v60" File: D:/Arcade/AI/s32/rtl/s32_core.sv Line: 284
Warning (10036): Verilog HDL or VHDL warning at s32_v60.sv(105): object "psw_el" assigned a value but never read File: D:/Arcade/AI/s32/rtl/cpu/v60/s32_v60.sv Line: 105
Warning (10036): Verilog HDL or VHDL warning at s32_v60.sv(106): object "psw_is" assigned a value but never read File: D:/Arcade/AI/s32/rtl/cpu/v60/s32_v60.sv Line: 106
Warning (10036): Verilog HDL or VHDL warning at s32_v60.sv(244): object "md_sign" assigned a value but never read File: D:/Arcade/AI/s32/rtl/cpu/v60/s32_v60.sv Line: 244
Warning (10036): Verilog HDL or VHDL warning at s32_v60.sv(256): object "xdiv_active" assigned a value but never read File: D:/Arcade/AI/s32/rtl/cpu/v60/s32_v60.sv Line: 256
Info (10264): Verilog HDL Case Statement information at s32_v60.sv(1678): all case item expressions in this case statement are onehot File: D:/Arcade/AI/s32/rtl/cpu/v60/s32_v60.sv Line: 1678
Info (12128): Elaborating entity "s32_v60_bus" for hierarchy "emu:emu|s32_core:core|s32_v60_bus:vbus" File: D:/Arcade/AI/s32/rtl/s32_core.sv Line: 295
Info (12128): Elaborating entity "s32_big_dpram" for hierarchy "emu:emu|s32_core:core|s32_big_dpram:work_ram" File: D:/Arcade/AI/s32/rtl/s32_core.sv Line: 361
Info (12128): Elaborating entity "altsyncram" for hierarchy "emu:emu|s32_core:core|s32_big_dpram:work_ram|altsyncram:ram" File: D:/Arcade/AI/s32/rtl/video/s32_big_dpram.sv Line: 61
Info (12130): Elaborated megafunction instantiation "emu:emu|s32_core:core|s32_big_dpram:work_ram|altsyncram:ram" File: D:/Arcade/AI/s32/rtl/video/s32_big_dpram.sv Line: 61
Info (12133): Instantiated megafunction "emu:emu|s32_core:core|s32_big_dpram:work_ram|altsyncram:ram" with the following parameter: File: D:/Arcade/AI/s32/rtl/video/s32_big_dpram.sv Line: 61
    Info (12134): Parameter "numwords_a" = "32768"
    Info (12134): Parameter "widthad_a" = "15"
    Info (12134): Parameter "width_a" = "16"
    Info (12134): Parameter "numwords_b" = "32768"
    Info (12134): Parameter "widthad_b" = "15"
    Info (12134): Parameter "width_b" = "16"
    Info (12134): Parameter "address_reg_b" = "CLOCK1"
    Info (12134): Parameter "clock_enable_input_a" = "BYPASS"
    Info (12134): Parameter "clock_enable_input_b" = "BYPASS"
    Info (12134): Parameter "clock_enable_output_a" = "BYPASS"
    Info (12134): Parameter "clock_enable_output_b" = "BYPASS"
    Info (12134): Parameter "indata_reg_b" = "CLOCK1"
    Info (12134): Parameter "intended_device_family" = "Cyclone V"
    Info (12134): Parameter "lpm_type" = "altsyncram"
    Info (12134): Parameter "operation_mode" = "BIDIR_DUAL_PORT"
    Info (12134): Parameter "outdata_aclr_a" = "NONE"
    Info (12134): Parameter "outdata_aclr_b" = "NONE"
    Info (12134): Parameter "outdata_reg_a" = "UNREGISTERED"
    Info (12134): Parameter "outdata_reg_b" = "UNREGISTERED"
    Info (12134): Parameter "power_up_uninitialized" = "FALSE"
    Info (12134): Parameter "read_during_write_mode_mixed_ports" = "OLD_DATA"
    Info (12134): Parameter "read_during_write_mode_port_a" = "NEW_DATA_NO_NBE_READ"
    Info (12134): Parameter "read_during_write_mode_port_b" = "NEW_DATA_NO_NBE_READ"
    Info (12134): Parameter "width_byteena_a" = "2"
    Info (12134): Parameter "width_byteena_b" = "2"
    Info (12134): Parameter "wrcontrol_wraddress_reg_b" = "CLOCK1"
Info (12021): Found 1 design units, including 1 entities, in source file db/altsyncram_6bq2.tdf
    Info (12023): Found entity 1: altsyncram_6bq2 File: D:/Arcade/AI/s32/db/altsyncram_6bq2.tdf Line: 32
Info (12128): Elaborating entity "altsyncram_6bq2" for hierarchy "emu:emu|s32_core:core|s32_big_dpram:work_ram|altsyncram:ram|altsyncram_6bq2:auto_generated" File: d:/q17/quartus/libraries/megafunctions/altsyncram.tdf Line: 792
Info (12021): Found 1 design units, including 1 entities, in source file db/decode_8la.tdf
    Info (12023): Found entity 1: decode_8la File: D:/Arcade/AI/s32/db/decode_8la.tdf Line: 23
Info (12128): Elaborating entity "decode_8la" for hierarchy "emu:emu|s32_core:core|s32_big_dpram:work_ram|altsyncram:ram|altsyncram_6bq2:auto_generated|decode_8la:decode2" File: D:/Arcade/AI/s32/db/altsyncram_6bq2.tdf Line: 50
Info (12021): Found 1 design units, including 1 entities, in source file db/mux_7hb.tdf
    Info (12023): Found entity 1: mux_7hb File: D:/Arcade/AI/s32/db/mux_7hb.tdf Line: 23
Info (12128): Elaborating entity "mux_7hb" for hierarchy "emu:emu|s32_core:core|s32_big_dpram:work_ram|altsyncram:ram|altsyncram_6bq2:auto_generated|mux_7hb:mux4" File: D:/Arcade/AI/s32/db/altsyncram_6bq2.tdf Line: 52
Info (12128): Elaborating entity "s32_vram" for hierarchy "emu:emu|s32_core:core|s32_vram:vram" File: D:/Arcade/AI/s32/rtl/s32_core.sv Line: 416
Info (12128): Elaborating entity "s32_big_dpram" for hierarchy "emu:emu|s32_core:core|s32_vram:vram|s32_big_dpram:video_ram" File: D:/Arcade/AI/s32/rtl/video/s32_vram.sv Line: 78
Info (12128): Elaborating entity "altsyncram" for hierarchy "emu:emu|s32_core:core|s32_vram:vram|s32_big_dpram:video_ram|altsyncram:ram" File: D:/Arcade/AI/s32/rtl/video/s32_big_dpram.sv Line: 61
Info (12130): Elaborated megafunction instantiation "emu:emu|s32_core:core|s32_vram:vram|s32_big_dpram:video_ram|altsyncram:ram" File: D:/Arcade/AI/s32/rtl/video/s32_big_dpram.sv Line: 61
Info (12133): Instantiated megafunction "emu:emu|s32_core:core|s32_vram:vram|s32_big_dpram:video_ram|altsyncram:ram" with the following parameter: File: D:/Arcade/AI/s32/rtl/video/s32_big_dpram.sv Line: 61
    Info (12134): Parameter "numwords_a" = "65536"
    Info (12134): Parameter "widthad_a" = "16"
    Info (12134): Parameter "width_a" = "16"
    Info (12134): Parameter "numwords_b" = "65536"
    Info (12134): Parameter "widthad_b" = "16"
    Info (12134): Parameter "width_b" = "16"
    Info (12134): Parameter "address_reg_b" = "CLOCK1"
    Info (12134): Parameter "clock_enable_input_a" = "BYPASS"
    Info (12134): Parameter "clock_enable_input_b" = "BYPASS"
    Info (12134): Parameter "clock_enable_output_a" = "BYPASS"
    Info (12134): Parameter "clock_enable_output_b" = "BYPASS"
    Info (12134): Parameter "indata_reg_b" = "CLOCK1"
    Info (12134): Parameter "intended_device_family" = "Cyclone V"
    Info (12134): Parameter "lpm_type" = "altsyncram"
    Info (12134): Parameter "operation_mode" = "BIDIR_DUAL_PORT"
    Info (12134): Parameter "outdata_aclr_a" = "NONE"
    Info (12134): Parameter "outdata_aclr_b" = "NONE"
    Info (12134): Parameter "outdata_reg_a" = "UNREGISTERED"
    Info (12134): Parameter "outdata_reg_b" = "UNREGISTERED"
    Info (12134): Parameter "power_up_uninitialized" = "FALSE"
    Info (12134): Parameter "read_during_write_mode_mixed_ports" = "DONT_CARE"
    Info (12134): Parameter "read_during_write_mode_port_a" = "NEW_DATA_NO_NBE_READ"
    Info (12134): Parameter "read_during_write_mode_port_b" = "NEW_DATA_NO_NBE_READ"
    Info (12134): Parameter "width_byteena_a" = "2"
    Info (12134): Parameter "width_byteena_b" = "2"
    Info (12134): Parameter "wrcontrol_wraddress_reg_b" = "CLOCK1"
Info (12021): Found 1 design units, including 1 entities, in source file db/altsyncram_teq2.tdf
    Info (12023): Found entity 1: altsyncram_teq2 File: D:/Arcade/AI/s32/db/altsyncram_teq2.tdf Line: 34
Info (12128): Elaborating entity "altsyncram_teq2" for hierarchy "emu:emu|s32_core:core|s32_vram:vram|s32_big_dpram:video_ram|altsyncram:ram|altsyncram_teq2:auto_generated" File: d:/q17/quartus/libraries/megafunctions/altsyncram.tdf Line: 792
Info (12021): Found 1 design units, including 1 entities, in source file db/decode_dla.tdf
    Info (12023): Found entity 1: decode_dla File: D:/Arcade/AI/s32/db/decode_dla.tdf Line: 23
Info (12128): Elaborating entity "decode_dla" for hierarchy "emu:emu|s32_core:core|s32_vram:vram|s32_big_dpram:video_ram|altsyncram:ram|altsyncram_teq2:auto_generated|decode_dla:decode2" File: D:/Arcade/AI/s32/db/altsyncram_teq2.tdf Line: 52
Info (12021): Found 1 design units, including 1 entities, in source file db/decode_61a.tdf
    Info (12023): Found entity 1: decode_61a File: D:/Arcade/AI/s32/db/decode_61a.tdf Line: 23
Info (12128): Elaborating entity "decode_61a" for hierarchy "emu:emu|s32_core:core|s32_vram:vram|s32_big_dpram:video_ram|altsyncram:ram|altsyncram_teq2:auto_generated|decode_61a:rden_decode_a" File: D:/Arcade/AI/s32/db/altsyncram_teq2.tdf Line: 54
Info (12021): Found 1 design units, including 1 entities, in source file db/mux_chb.tdf
    Info (12023): Found entity 1: mux_chb File: D:/Arcade/AI/s32/db/mux_chb.tdf Line: 23
Info (12128): Elaborating entity "mux_chb" for hierarchy "emu:emu|s32_core:core|s32_vram:vram|s32_big_dpram:video_ram|altsyncram:ram|altsyncram_teq2:auto_generated|mux_chb:mux4" File: D:/Arcade/AI/s32/db/altsyncram_teq2.tdf Line: 56
Info (12128): Elaborating entity "s32_sprite_write_debug" for hierarchy "emu:emu|s32_core:core|s32_sprite_write_debug:sprite_write_debug" File: D:/Arcade/AI/s32/rtl/s32_core.sv Line: 446
Info (12128): Elaborating entity "s32_video" for hierarchy "emu:emu|s32_core:core|s32_video:crt" File: D:/Arcade/AI/s32/rtl/s32_core.sv Line: 464
Info (12128): Elaborating entity "s32_tile_line_scheduler" for hierarchy "emu:emu|s32_core:core|s32_tile_line_scheduler:tile_line_scheduler" File: D:/Arcade/AI/s32/rtl/s32_core.sv Line: 559
Info (12128): Elaborating entity "s32_tilemap" for hierarchy "emu:emu|s32_core:core|s32_tilemap:tilemap" File: D:/Arcade/AI/s32/rtl/s32_core.sv Line: 618
Info (12128): Elaborating entity "s32_tilemap_scale_div" for hierarchy "emu:emu|s32_core:core|s32_tilemap:tilemap|s32_tilemap_scale_div:scale_div" File: D:/Arcade/AI/s32/rtl/video/s32_tilemap.sv Line: 121
Info (12128): Elaborating entity "s32_sprite" for hierarchy "emu:emu|s32_core:core|s32_sprite:sprite" File: D:/Arcade/AI/s32/rtl/s32_core.sv Line: 673
Warning (10230): Verilog HDL assignment warning at s32_sprite.sv(415): truncated value with size 32 to match size of target (16) File: D:/Arcade/AI/s32/rtl/video/s32_sprite.sv Line: 415
Warning (10230): Verilog HDL assignment warning at s32_sprite.sv(874): truncated value with size 32 to match size of target (16) File: D:/Arcade/AI/s32/rtl/video/s32_sprite.sv Line: 874
Info (12128): Elaborating entity "s32_sprite_scale_div" for hierarchy "emu:emu|s32_core:core|s32_sprite:sprite|s32_sprite_scale_div:scale_div" File: D:/Arcade/AI/s32/rtl/video/s32_sprite.sv Line: 303
Info (12128): Elaborating entity "s32_linebuf" for hierarchy "emu:emu|s32_core:core|s32_linebuf:shared_lbuf" File: D:/Arcade/AI/s32/rtl/s32_core.sv Line: 806
Info (12128): Elaborating entity "s32_palette" for hierarchy "emu:emu|s32_core:core|s32_palette:pal0" File: D:/Arcade/AI/s32/rtl/s32_core.sv Line: 815
Info (12128): Elaborating entity "s32_palette_plane_ram" for hierarchy "emu:emu|s32_core:core|s32_palette:pal0|s32_palette_plane_ram:g_pal_bit[0].bank0" File: D:/Arcade/AI/s32/rtl/video/s32_palette.sv Line: 220
Info (12128): Elaborating entity "altsyncram" for hierarchy "emu:emu|s32_core:core|s32_palette:pal0|s32_palette_plane_ram:g_pal_bit[0].bank0|altsyncram:ram" File: D:/Arcade/AI/s32/rtl/video/s32_palette.sv Line: 277
Info (12130): Elaborated megafunction instantiation "emu:emu|s32_core:core|s32_palette:pal0|s32_palette_plane_ram:g_pal_bit[0].bank0|altsyncram:ram" File: D:/Arcade/AI/s32/rtl/video/s32_palette.sv Line: 277
Info (12133): Instantiated megafunction "emu:emu|s32_core:core|s32_palette:pal0|s32_palette_plane_ram:g_pal_bit[0].bank0|altsyncram:ram" with the following parameter: File: D:/Arcade/AI/s32/rtl/video/s32_palette.sv Line: 277
    Info (12134): Parameter "numwords_a" = "8192"
    Info (12134): Parameter "widthad_a" = "13"
    Info (12134): Parameter "width_a" = "1"
    Info (12134): Parameter "numwords_b" = "8192"
    Info (12134): Parameter "widthad_b" = "13"
    Info (12134): Parameter "width_b" = "1"
    Info (12134): Parameter "address_reg_b" = "CLOCK1"
    Info (12134): Parameter "clock_enable_input_a" = "BYPASS"
    Info (12134): Parameter "clock_enable_input_b" = "BYPASS"
    Info (12134): Parameter "clock_enable_output_a" = "BYPASS"
    Info (12134): Parameter "clock_enable_output_b" = "BYPASS"
    Info (12134): Parameter "indata_reg_b" = "CLOCK1"
    Info (12134): Parameter "intended_device_family" = "Cyclone V"
    Info (12134): Parameter "lpm_type" = "altsyncram"
    Info (12134): Parameter "operation_mode" = "BIDIR_DUAL_PORT"
    Info (12134): Parameter "outdata_aclr_a" = "NONE"
    Info (12134): Parameter "outdata_aclr_b" = "NONE"
    Info (12134): Parameter "outdata_reg_a" = "UNREGISTERED"
    Info (12134): Parameter "outdata_reg_b" = "UNREGISTERED"
    Info (12134): Parameter "power_up_uninitialized" = "FALSE"
    Info (12134): Parameter "read_during_write_mode_mixed_ports" = "DONT_CARE"
    Info (12134): Parameter "read_during_write_mode_port_a" = "NEW_DATA_NO_NBE_READ"
    Info (12134): Parameter "read_during_write_mode_port_b" = "NEW_DATA_NO_NBE_READ"
    Info (12134): Parameter "width_byteena_a" = "1"
    Info (12134): Parameter "width_byteena_b" = "1"
    Info (12134): Parameter "wrcontrol_wraddress_reg_b" = "CLOCK1"
Info (12021): Found 1 design units, including 1 entities, in source file db/altsyncram_hmn2.tdf
    Info (12023): Found entity 1: altsyncram_hmn2 File: D:/Arcade/AI/s32/db/altsyncram_hmn2.tdf Line: 28
Info (12128): Elaborating entity "altsyncram_hmn2" for hierarchy "emu:emu|s32_core:core|s32_palette:pal0|s32_palette_plane_ram:g_pal_bit[0].bank0|altsyncram:ram|altsyncram_hmn2:auto_generated" File: d:/q17/quartus/libraries/megafunctions/altsyncram.tdf Line: 792
Info (12128): Elaborating entity "s32_mixer" for hierarchy "emu:emu|s32_core:core|s32_mixer:mix0" File: D:/Arcade/AI/s32/rtl/s32_core.sv Line: 831
Info (10264): Verilog HDL Case Statement information at s32_mixer.sv(127): all case item expressions in this case statement are onehot File: D:/Arcade/AI/s32/rtl/video/s32_mixer.sv Line: 127
Warning (10027): Verilog HDL or VHDL warning at the s32_mixer.sv(155): index expression is not wide enough to address all of the elements in the array File: D:/Arcade/AI/s32/rtl/video/s32_mixer.sv Line: 155
Warning (10230): Verilog HDL assignment warning at s32_mixer.sv(479): truncated value with size 16 to match size of target (12) File: D:/Arcade/AI/s32/rtl/video/s32_mixer.sv Line: 479
Info (12128): Elaborating entity "s32_soundsys" for hierarchy "emu:emu|s32_core:core|s32_soundsys:sound" File: D:/Arcade/AI/s32/rtl/s32_core.sv Line: 902
Warning (10036): Verilog HDL or VHDL warning at s32_soundsys.sv(194): object "mpcm_bank_lo" assigned a value but never read File: D:/Arcade/AI/s32/rtl/audio/s32_soundsys.sv Line: 194
Warning (10036): Verilog HDL or VHDL warning at s32_soundsys.sv(194): object "mpcm_bank_hi" assigned a value but never read File: D:/Arcade/AI/s32/rtl/audio/s32_soundsys.sv Line: 194
Info (12128): Elaborating entity "T80s" for hierarchy "emu:emu|s32_core:core|s32_soundsys:sound|T80s:z80" File: D:/Arcade/AI/s32/rtl/audio/s32_soundsys.sv Line: 93
Info (12128): Elaborating entity "T80" for hierarchy "emu:emu|s32_core:core|s32_soundsys:sound|T80s:z80|T80:u0" File: D:/Arcade/AI/s32/rtl/audio/T80/T80s.vhd Line: 120
Info (12128): Elaborating entity "T80_MCode" for hierarchy "emu:emu|s32_core:core|s32_soundsys:sound|T80s:z80|T80:u0|T80_MCode:mcode" File: D:/Arcade/AI/s32/rtl/audio/T80/T80.vhd Line: 280
Info (12128): Elaborating entity "T80_ALU" for hierarchy "emu:emu|s32_core:core|s32_soundsys:sound|T80s:z80|T80:u0|T80_ALU:alu" File: D:/Arcade/AI/s32/rtl/audio/T80/T80.vhd Line: 348
Info (12128): Elaborating entity "T80_Reg" for hierarchy "emu:emu|s32_core:core|s32_soundsys:sound|T80s:z80|T80:u0|T80_Reg:Regs" File: D:/Arcade/AI/s32/rtl/audio/T80/T80.vhd Line: 963
Info (12128): Elaborating entity "s32_big_dpram" for hierarchy "emu:emu|s32_core:core|s32_soundsys:sound|s32_big_dpram:shared_ram" File: D:/Arcade/AI/s32/rtl/audio/s32_soundsys.sv Line: 172
Info (12128): Elaborating entity "altsyncram" for hierarchy "emu:emu|s32_core:core|s32_soundsys:sound|s32_big_dpram:shared_ram|altsyncram:ram" File: D:/Arcade/AI/s32/rtl/video/s32_big_dpram.sv Line: 61
Info (12130): Elaborated megafunction instantiation "emu:emu|s32_core:core|s32_soundsys:sound|s32_big_dpram:shared_ram|altsyncram:ram" File: D:/Arcade/AI/s32/rtl/video/s32_big_dpram.sv Line: 61
Info (12133): Instantiated megafunction "emu:emu|s32_core:core|s32_soundsys:sound|s32_big_dpram:shared_ram|altsyncram:ram" with the following parameter: File: D:/Arcade/AI/s32/rtl/video/s32_big_dpram.sv Line: 61
    Info (12134): Parameter "numwords_a" = "4096"
    Info (12134): Parameter "widthad_a" = "12"
    Info (12134): Parameter "width_a" = "16"
    Info (12134): Parameter "numwords_b" = "4096"
    Info (12134): Parameter "widthad_b" = "12"
    Info (12134): Parameter "width_b" = "16"
    Info (12134): Parameter "address_reg_b" = "CLOCK1"
    Info (12134): Parameter "clock_enable_input_a" = "BYPASS"
    Info (12134): Parameter "clock_enable_input_b" = "BYPASS"
    Info (12134): Parameter "clock_enable_output_a" = "BYPASS"
    Info (12134): Parameter "clock_enable_output_b" = "BYPASS"
    Info (12134): Parameter "indata_reg_b" = "CLOCK1"
    Info (12134): Parameter "intended_device_family" = "Cyclone V"
    Info (12134): Parameter "lpm_type" = "altsyncram"
    Info (12134): Parameter "operation_mode" = "BIDIR_DUAL_PORT"
    Info (12134): Parameter "outdata_aclr_a" = "NONE"
    Info (12134): Parameter "outdata_aclr_b" = "NONE"
    Info (12134): Parameter "outdata_reg_a" = "UNREGISTERED"
    Info (12134): Parameter "outdata_reg_b" = "UNREGISTERED"
    Info (12134): Parameter "power_up_uninitialized" = "FALSE"
    Info (12134): Parameter "read_during_write_mode_mixed_ports" = "OLD_DATA"
    Info (12134): Parameter "read_during_write_mode_port_a" = "NEW_DATA_NO_NBE_READ"
    Info (12134): Parameter "read_during_write_mode_port_b" = "NEW_DATA_NO_NBE_READ"
    Info (12134): Parameter "width_byteena_a" = "2"
    Info (12134): Parameter "width_byteena_b" = "2"
    Info (12134): Parameter "wrcontrol_wraddress_reg_b" = "CLOCK1"
Info (12021): Found 1 design units, including 1 entities, in source file db/altsyncram_i7q2.tdf
    Info (12023): Found entity 1: altsyncram_i7q2 File: D:/Arcade/AI/s32/db/altsyncram_i7q2.tdf Line: 28
Info (12128): Elaborating entity "altsyncram_i7q2" for hierarchy "emu:emu|s32_core:core|s32_soundsys:sound|s32_big_dpram:shared_ram|altsyncram:ram|altsyncram_i7q2:auto_generated" File: d:/q17/quartus/libraries/megafunctions/altsyncram.tdf Line: 792
Info (12128): Elaborating entity "s32_rf5c68" for hierarchy "emu:emu|s32_core:core|s32_soundsys:sound|s32_rf5c68:rf5c68" File: D:/Arcade/AI/s32/rtl/audio/s32_soundsys.sv Line: 192
Info (10264): Verilog HDL Case Statement information at s32_rf5c68.sv(163): all case item expressions in this case statement are onehot File: D:/Arcade/AI/s32/rtl/audio/s32_rf5c68.sv Line: 163
Info (12128): Elaborating entity "s32_byte_dpram" for hierarchy "emu:emu|s32_core:core|s32_soundsys:sound|s32_rf5c68:rf5c68|s32_byte_dpram:wave_ram" File: D:/Arcade/AI/s32/rtl/audio/s32_rf5c68.sv Line: 64
Info (12128): Elaborating entity "altsyncram" for hierarchy "emu:emu|s32_core:core|s32_soundsys:sound|s32_rf5c68:rf5c68|s32_byte_dpram:wave_ram|altsyncram:ram" File: D:/Arcade/AI/s32/rtl/video/s32_big_dpram.sv Line: 188
Info (12130): Elaborated megafunction instantiation "emu:emu|s32_core:core|s32_soundsys:sound|s32_rf5c68:rf5c68|s32_byte_dpram:wave_ram|altsyncram:ram" File: D:/Arcade/AI/s32/rtl/video/s32_big_dpram.sv Line: 188
Info (12133): Instantiated megafunction "emu:emu|s32_core:core|s32_soundsys:sound|s32_rf5c68:rf5c68|s32_byte_dpram:wave_ram|altsyncram:ram" with the following parameter: File: D:/Arcade/AI/s32/rtl/video/s32_big_dpram.sv Line: 188
    Info (12134): Parameter "numwords_a" = "65536"
    Info (12134): Parameter "widthad_a" = "16"
    Info (12134): Parameter "width_a" = "8"
    Info (12134): Parameter "numwords_b" = "65536"
    Info (12134): Parameter "widthad_b" = "16"
    Info (12134): Parameter "width_b" = "8"
    Info (12134): Parameter "address_reg_b" = "CLOCK1"
    Info (12134): Parameter "clock_enable_input_a" = "BYPASS"
    Info (12134): Parameter "clock_enable_input_b" = "BYPASS"
    Info (12134): Parameter "clock_enable_output_a" = "BYPASS"
    Info (12134): Parameter "clock_enable_output_b" = "BYPASS"
    Info (12134): Parameter "indata_reg_b" = "CLOCK1"
    Info (12134): Parameter "intended_device_family" = "Cyclone V"
    Info (12134): Parameter "lpm_type" = "altsyncram"
    Info (12134): Parameter "operation_mode" = "BIDIR_DUAL_PORT"
    Info (12134): Parameter "outdata_aclr_a" = "NONE"
    Info (12134): Parameter "outdata_aclr_b" = "NONE"
    Info (12134): Parameter "outdata_reg_a" = "UNREGISTERED"
    Info (12134): Parameter "outdata_reg_b" = "UNREGISTERED"
    Info (12134): Parameter "power_up_uninitialized" = "FALSE"
    Info (12134): Parameter "read_during_write_mode_mixed_ports" = "OLD_DATA"
    Info (12134): Parameter "read_during_write_mode_port_a" = "NEW_DATA_NO_NBE_READ"
    Info (12134): Parameter "read_during_write_mode_port_b" = "NEW_DATA_NO_NBE_READ"
    Info (12134): Parameter "wrcontrol_wraddress_reg_b" = "CLOCK1"
Info (12021): Found 1 design units, including 1 entities, in source file db/altsyncram_t8m2.tdf
    Info (12023): Found entity 1: altsyncram_t8m2 File: D:/Arcade/AI/s32/db/altsyncram_t8m2.tdf Line: 32
Info (12128): Elaborating entity "altsyncram_t8m2" for hierarchy "emu:emu|s32_core:core|s32_soundsys:sound|s32_rf5c68:rf5c68|s32_byte_dpram:wave_ram|altsyncram:ram|altsyncram_t8m2:auto_generated" File: d:/q17/quartus/libraries/megafunctions/altsyncram.tdf Line: 792
Info (12021): Found 1 design units, including 1 entities, in source file db/mux_tfb.tdf
    Info (12023): Found entity 1: mux_tfb File: D:/Arcade/AI/s32/db/mux_tfb.tdf Line: 23
Info (12128): Elaborating entity "mux_tfb" for hierarchy "emu:emu|s32_core:core|s32_soundsys:sound|s32_rf5c68:rf5c68|s32_byte_dpram:wave_ram|altsyncram:ram|altsyncram_t8m2:auto_generated|mux_tfb:mux4" File: D:/Arcade/AI/s32/db/altsyncram_t8m2.tdf Line: 52
Info (12128): Elaborating entity "jt12" for hierarchy "emu:emu|s32_core:core|s32_soundsys:sound|jt12:fm1" File: D:/Arcade/AI/s32/rtl/audio/s32_soundsys.sv Line: 241
Info (12128): Elaborating entity "jt12_top" for hierarchy "emu:emu|s32_core:core|s32_soundsys:sound|jt12:fm1|jt12_top:u_jt12" File: D:/Arcade/AI/s32/rtl/audio/jt12/jt12.v Line: 91
Info (12128): Elaborating entity "jt12_dout" for hierarchy "emu:emu|s32_core:core|s32_soundsys:sound|jt12:fm1|jt12_top:u_jt12|jt12_dout:u_dout" File: D:/Arcade/AI/s32/rtl/audio/jt12/jt12_top.v Line: 300
Info (12128): Elaborating entity "jt12_mmr" for hierarchy "emu:emu|s32_core:core|s32_soundsys:sound|jt12:fm1|jt12_top:u_jt12|jt12_mmr:u_mmr" File: D:/Arcade/AI/s32/rtl/audio/jt12/jt12_top.v Line: 408
Info (12128): Elaborating entity "jt12_div" for hierarchy "emu:emu|s32_core:core|s32_soundsys:sound|jt12:fm1|jt12_top:u_jt12|jt12_mmr:u_mmr|jt12_div:u_div" File: D:/Arcade/AI/s32/rtl/audio/jt12/jt12_mmr.v Line: 143
Info (12128): Elaborating entity "jt12_reg" for hierarchy "emu:emu|s32_core:core|s32_soundsys:sound|jt12:fm1|jt12_top:u_jt12|jt12_mmr:u_mmr|jt12_reg:u_reg" File: D:/Arcade/AI/s32/rtl/audio/jt12/jt12_mmr.v Line: 534
Info (12128): Elaborating entity "jt12_sumch" for hierarchy "emu:emu|s32_core:core|s32_soundsys:sound|jt12:fm1|jt12_top:u_jt12|jt12_mmr:u_mmr|jt12_reg:u_reg|jt12_sumch:u_opch_II" File: D:/Arcade/AI/s32/rtl/audio/jt12/jt12_reg.v Line: 169
Info (12128): Elaborating entity "jt12_kon" for hierarchy "emu:emu|s32_core:core|s32_soundsys:sound|jt12:fm1|jt12_top:u_jt12|jt12_mmr:u_mmr|jt12_reg:u_reg|jt12_kon:u_kon" File: D:/Arcade/AI/s32/rtl/audio/jt12/jt12_reg.v Line: 228
Info (12128): Elaborating entity "jt12_sh_rst" for hierarchy "emu:emu|s32_core:core|s32_soundsys:sound|jt12:fm1|jt12_top:u_jt12|jt12_mmr:u_mmr|jt12_reg:u_reg|jt12_kon:u_kon|jt12_sh_rst:u_konch0" File: D:/Arcade/AI/s32/rtl/audio/jt12/jt12_kon.v Line: 96
Info (12128): Elaborating entity "jt12_mod" for hierarchy "emu:emu|s32_core:core|s32_soundsys:sound|jt12:fm1|jt12_top:u_jt12|jt12_mmr:u_mmr|jt12_reg:u_reg|jt12_mod:u_mod" File: D:/Arcade/AI/s32/rtl/audio/jt12/jt12_reg.v Line: 243
Info (12128): Elaborating entity "jt12_csr" for hierarchy "emu:emu|s32_core:core|s32_soundsys:sound|jt12:fm1|jt12_top:u_jt12|jt12_mmr:u_mmr|jt12_reg:u_reg|jt12_csr:u_csr0" File: D:/Arcade/AI/s32/rtl/audio/jt12/jt12_reg.v Line: 269
Info (12128): Elaborating entity "jt12_sh_rst" for hierarchy "emu:emu|s32_core:core|s32_soundsys:sound|jt12:fm1|jt12_top:u_jt12|jt12_mmr:u_mmr|jt12_reg:u_reg|jt12_csr:u_csr0|jt12_sh_rst:u_regch" File: D:/Arcade/AI/s32/rtl/audio/jt12/jt12_csr.v Line: 53
Info (12128): Elaborating entity "jt12_reg_ch" for hierarchy "emu:emu|s32_core:core|s32_soundsys:sound|jt12:fm1|jt12_top:u_jt12|jt12_mmr:u_mmr|jt12_reg:u_reg|jt12_reg_ch:u_regch" File: D:/Arcade/AI/s32/rtl/audio/jt12/jt12_reg.v Line: 343
Info (12128): Elaborating entity "jt12_timers" for hierarchy "emu:emu|s32_core:core|s32_soundsys:sound|jt12:fm1|jt12_top:u_jt12|jt12_timers:u_timers" File: D:/Arcade/AI/s32/rtl/audio/jt12/jt12_top.v Line: 430
Info (12128): Elaborating entity "jt12_timer" for hierarchy "emu:emu|s32_core:core|s32_soundsys:sound|jt12:fm1|jt12_top:u_jt12|jt12_timers:u_timers|jt12_timer:timer_A" File: D:/Arcade/AI/s32/rtl/audio/jt12/jt12_timers.v Line: 72
Info (12128): Elaborating entity "jt12_timer" for hierarchy "emu:emu|s32_core:core|s32_soundsys:sound|jt12:fm1|jt12_top:u_jt12|jt12_timers:u_timers|jt12_timer:timer_B" File: D:/Arcade/AI/s32/rtl/audio/jt12/jt12_timers.v Line: 84
Info (12128): Elaborating entity "jt12_lfo" for hierarchy "emu:emu|s32_core:core|s32_soundsys:sound|jt12:fm1|jt12_top:u_jt12|jt12_lfo:gen_lfo.u_lfo" File: D:/Arcade/AI/s32/rtl/audio/jt12/jt12_top.v Line: 448
Info (12128): Elaborating entity "jt12_pg" for hierarchy "emu:emu|s32_core:core|s32_soundsys:sound|jt12:fm1|jt12_top:u_jt12|jt12_pg:u_pg" File: D:/Arcade/AI/s32/rtl/audio/jt12/jt12_top.v Line: 529
Info (12128): Elaborating entity "jt12_pg_comb" for hierarchy "emu:emu|s32_core:core|s32_soundsys:sound|jt12:fm1|jt12_top:u_jt12|jt12_pg:u_pg|jt12_pg_comb:u_comb" File: D:/Arcade/AI/s32/rtl/audio/jt12/jt12_pg.v Line: 94
Info (12128): Elaborating entity "jt12_pm" for hierarchy "emu:emu|s32_core:core|s32_soundsys:sound|jt12:fm1|jt12_top:u_jt12|jt12_pg:u_pg|jt12_pg_comb:u_comb|jt12_pm:u_pm" File: D:/Arcade/AI/s32/rtl/audio/jt12/jt12_pg_comb.v Line: 61
Warning (10030): Net "lfo_sh1_lut.data_a" at jt12_pm.v(38) has no driver or initial value, using a default initial value '0' File: D:/Arcade/AI/s32/rtl/audio/jt12/jt12_pm.v Line: 38
Warning (10030): Net "lfo_sh1_lut.waddr_a" at jt12_pm.v(38) has no driver or initial value, using a default initial value '0' File: D:/Arcade/AI/s32/rtl/audio/jt12/jt12_pm.v Line: 38
Warning (10030): Net "lfo_sh2_lut.data_a" at jt12_pm.v(39) has no driver or initial value, using a default initial value '0' File: D:/Arcade/AI/s32/rtl/audio/jt12/jt12_pm.v Line: 39
Warning (10030): Net "lfo_sh2_lut.waddr_a" at jt12_pm.v(39) has no driver or initial value, using a default initial value '0' File: D:/Arcade/AI/s32/rtl/audio/jt12/jt12_pm.v Line: 39
Warning (10030): Net "lfo_sh1_lut.we_a" at jt12_pm.v(38) has no driver or initial value, using a default initial value '0' File: D:/Arcade/AI/s32/rtl/audio/jt12/jt12_pm.v Line: 38
Warning (10030): Net "lfo_sh2_lut.we_a" at jt12_pm.v(39) has no driver or initial value, using a default initial value '0' File: D:/Arcade/AI/s32/rtl/audio/jt12/jt12_pm.v Line: 39
Info (12128): Elaborating entity "jt12_pg_dt" for hierarchy "emu:emu|s32_core:core|s32_soundsys:sound|jt12:fm1|jt12_top:u_jt12|jt12_pg:u_pg|jt12_pg_comb:u_comb|jt12_pg_dt:u_dt" File: D:/Arcade/AI/s32/rtl/audio/jt12/jt12_pg_comb.v Line: 69
Info (12128): Elaborating entity "jt12_pg_inc" for hierarchy "emu:emu|s32_core:core|s32_soundsys:sound|jt12:fm1|jt12_top:u_jt12|jt12_pg:u_pg|jt12_pg_comb:u_comb|jt12_pg_inc:u_inc" File: D:/Arcade/AI/s32/rtl/audio/jt12/jt12_pg_comb.v Line: 76
Info (12128): Elaborating entity "jt12_pg_sum" for hierarchy "emu:emu|s32_core:core|s32_soundsys:sound|jt12:fm1|jt12_top:u_jt12|jt12_pg:u_pg|jt12_pg_comb:u_comb|jt12_pg_sum:u_sum" File: D:/Arcade/AI/s32/rtl/audio/jt12/jt12_pg_comb.v Line: 88
Info (12128): Elaborating entity "jt12_sh_rst" for hierarchy "emu:emu|s32_core:core|s32_soundsys:sound|jt12:fm1|jt12_top:u_jt12|jt12_pg:u_pg|jt12_sh_rst:u_phsh" File: D:/Arcade/AI/s32/rtl/audio/jt12/jt12_pg.v Line: 102
Info (12128): Elaborating entity "jt12_sh_rst" for hierarchy "emu:emu|s32_core:core|s32_soundsys:sound|jt12:fm1|jt12_top:u_jt12|jt12_pg:u_pg|jt12_sh_rst:u_pad" File: D:/Arcade/AI/s32/rtl/audio/jt12/jt12_pg.v Line: 110
Info (12128): Elaborating entity "jt12_eg" for hierarchy "emu:emu|s32_core:core|s32_soundsys:sound|jt12:fm1|jt12_top:u_jt12|jt12_eg:u_eg" File: D:/Arcade/AI/s32/rtl/audio/jt12/jt12_top.v Line: 560
Info (12128): Elaborating entity "jt12_eg_cnt" for hierarchy "emu:emu|s32_core:core|s32_soundsys:sound|jt12:fm1|jt12_top:u_jt12|jt12_eg:u_eg|jt12_eg_cnt:u_egcnt" File: D:/Arcade/AI/s32/rtl/audio/jt12/jt12_eg.v Line: 61
Info (12128): Elaborating entity "jt12_eg_comb" for hierarchy "emu:emu|s32_core:core|s32_soundsys:sound|jt12:fm1|jt12_top:u_jt12|jt12_eg:u_eg|jt12_eg_comb:u_comb" File: D:/Arcade/AI/s32/rtl/audio/jt12/jt12_eg.v Line: 140
Info (12128): Elaborating entity "jt12_eg_ctrl" for hierarchy "emu:emu|s32_core:core|s32_soundsys:sound|jt12:fm1|jt12_top:u_jt12|jt12_eg:u_eg|jt12_eg_comb:u_comb|jt12_eg_ctrl:u_ctrl" File: D:/Arcade/AI/s32/rtl/audio/jt12/jt12_eg_comb.v Line: 97
Info (12128): Elaborating entity "jt12_eg_step" for hierarchy "emu:emu|s32_core:core|s32_soundsys:sound|jt12:fm1|jt12_top:u_jt12|jt12_eg:u_eg|jt12_eg_comb:u_comb|jt12_eg_step:u_step" File: D:/Arcade/AI/s32/rtl/audio/jt12/jt12_eg_comb.v Line: 112
Info (12128): Elaborating entity "jt12_eg_pure" for hierarchy "emu:emu|s32_core:core|s32_soundsys:sound|jt12:fm1|jt12_top:u_jt12|jt12_eg:u_eg|jt12_eg_comb:u_comb|jt12_eg_pure:u_pure" File: D:/Arcade/AI/s32/rtl/audio/jt12/jt12_eg_comb.v Line: 125
Info (12128): Elaborating entity "jt12_eg_final" for hierarchy "emu:emu|s32_core:core|s32_soundsys:sound|jt12:fm1|jt12_top:u_jt12|jt12_eg:u_eg|jt12_eg_comb:u_comb|jt12_eg_final:u_final" File: D:/Arcade/AI/s32/rtl/audio/jt12/jt12_eg_comb.v Line: 137
Info (12128): Elaborating entity "jt12_sh" for hierarchy "emu:emu|s32_core:core|s32_soundsys:sound|jt12:fm1|jt12_top:u_jt12|jt12_eg:u_eg|jt12_sh:u_cntsh" File: D:/Arcade/AI/s32/rtl/audio/jt12/jt12_eg.v Line: 168
Info (12128): Elaborating entity "jt12_sh_rst" for hierarchy "emu:emu|s32_core:core|s32_soundsys:sound|jt12:fm1|jt12_top:u_jt12|jt12_eg:u_eg|jt12_sh_rst:u_egsh" File: D:/Arcade/AI/s32/rtl/audio/jt12/jt12_eg.v Line: 176
Info (12128): Elaborating entity "jt12_sh_rst" for hierarchy "emu:emu|s32_core:core|s32_soundsys:sound|jt12:fm1|jt12_top:u_jt12|jt12_eg:u_eg|jt12_sh_rst:u_egstate" File: D:/Arcade/AI/s32/rtl/audio/jt12/jt12_eg.v Line: 184
Info (12128): Elaborating entity "jt12_sh_rst" for hierarchy "emu:emu|s32_core:core|s32_soundsys:sound|jt12:fm1|jt12_top:u_jt12|jt12_eg:u_eg|jt12_sh_rst:u_ssg_inv" File: D:/Arcade/AI/s32/rtl/audio/jt12/jt12_eg.v Line: 192
Info (12128): Elaborating entity "jt12_sh_rst" for hierarchy "emu:emu|s32_core:core|s32_soundsys:sound|jt12:fm1|jt12_top:u_jt12|jt12_eg:u_eg|jt12_sh_rst:u_konsh" File: D:/Arcade/AI/s32/rtl/audio/jt12/jt12_eg.v Line: 200
Info (12128): Elaborating entity "jt12_sh" for hierarchy "emu:emu|s32_core:core|s32_soundsys:sound|jt12:fm1|jt12_top:u_jt12|jt12_sh:u_egpad" File: D:/Arcade/AI/s32/rtl/audio/jt12/jt12_top.v Line: 567
Info (12128): Elaborating entity "jt12_op" for hierarchy "emu:emu|s32_core:core|s32_soundsys:sound|jt12:fm1|jt12_top:u_jt12|jt12_op:u_op" File: D:/Arcade/AI/s32/rtl/audio/jt12/jt12_top.v Line: 591
Info (12128): Elaborating entity "jt12_sh" for hierarchy "emu:emu|s32_core:core|s32_soundsys:sound|jt12:fm1|jt12_top:u_jt12|jt12_op:u_op|jt12_sh:prev1_buffer" File: D:/Arcade/AI/s32/rtl/audio/jt12/jt12_op.v Line: 92
Info (12128): Elaborating entity "jt12_sh" for hierarchy "emu:emu|s32_core:core|s32_soundsys:sound|jt12:fm1|jt12_top:u_jt12|jt12_op:u_op|jt12_sh:phasemod_sh" File: D:/Arcade/AI/s32/rtl/audio/jt12/jt12_op.v Line: 178
Info (12128): Elaborating entity "jt12_logsin" for hierarchy "emu:emu|s32_core:core|s32_soundsys:sound|jt12:fm1|jt12_top:u_jt12|jt12_op:u_op|jt12_logsin:u_logsin" File: D:/Arcade/AI/s32/rtl/audio/jt12/jt12_op.v Line: 209
Info (12128): Elaborating entity "jt12_exprom" for hierarchy "emu:emu|s32_core:core|s32_soundsys:sound|jt12:fm1|jt12_top:u_jt12|jt12_op:u_op|jt12_exprom:u_exprom" File: D:/Arcade/AI/s32/rtl/audio/jt12/jt12_op.v Line: 230
Info (12128): Elaborating entity "jt12_rst" for hierarchy "emu:emu|s32_core:core|s32_soundsys:sound|jt12:fm1|jt12_top:u_jt12|jt12_rst:gen_pcm_acc.u_rst_pcm" File: D:/Arcade/AI/s32/rtl/audio/jt12/jt12_top.v Line: 624
Info (12128): Elaborating entity "jt12_pcm_interpol" for hierarchy "emu:emu|s32_core:core|s32_soundsys:sound|jt12:fm1|jt12_top:u_jt12|jt12_pcm_interpol:gen_pcm_acc.u_pcm" File: D:/Arcade/AI/s32/rtl/audio/jt12/jt12_top.v Line: 639
Warning (10230): Verilog HDL assignment warning at jt12_pcm_interpol.v(61): truncated value with size 32 to match size of target (5) File: D:/Arcade/AI/s32/rtl/audio/jt12/jt12_pcm_interpol.v Line: 61
Info (12128): Elaborating entity "jt10_adpcm_div" for hierarchy "emu:emu|s32_core:core|s32_soundsys:sound|jt12:fm1|jt12_top:u_jt12|jt12_pcm_interpol:gen_pcm_acc.u_pcm|jt10_adpcm_div:u_div" File: D:/Arcade/AI/s32/rtl/audio/jt12/jt12_pcm_interpol.v Line: 106
Info (12128): Elaborating entity "jt12_acc" for hierarchy "emu:emu|s32_core:core|s32_soundsys:sound|jt12:fm1|jt12_top:u_jt12|jt12_acc:gen_pcm_acc.u_acc" File: D:/Arcade/AI/s32/rtl/audio/jt12/jt12_top.v Line: 664
Info (12128): Elaborating entity "jt12_single_acc" for hierarchy "emu:emu|s32_core:core|s32_soundsys:sound|jt12:fm1|jt12_top:u_jt12|jt12_acc:gen_pcm_acc.u_acc|jt12_single_acc:u_left" File: D:/Arcade/AI/s32/rtl/audio/jt12/jt12_acc.v Line: 89
Info (12128): Elaborating entity "s32_audio_mix" for hierarchy "emu:emu|s32_core:core|s32_soundsys:sound|s32_audio_mix:output_mixer" File: D:/Arcade/AI/s32/rtl/audio/s32_soundsys.sv Line: 382
Warning (10036): Verilog HDL or VHDL warning at s32_audio_mix.sv(27): object "mp_l_w" assigned a value but never read File: D:/Arcade/AI/s32/rtl/audio/s32_audio_mix.sv Line: 27
Warning (10036): Verilog HDL or VHDL warning at s32_audio_mix.sv(28): object "mp_r_w" assigned a value but never read File: D:/Arcade/AI/s32/rtl/audio/s32_audio_mix.sv Line: 28
Info (12128): Elaborating entity "s32_io5296" for hierarchy "emu:emu|s32_core:core|s32_io5296:io0" File: D:/Arcade/AI/s32/rtl/s32_core.sv Line: 956
Info (12128): Elaborating entity "s32_eeprom93c46" for hierarchy "emu:emu|s32_core:core|s32_eeprom93c46:eeprom" File: D:/Arcade/AI/s32/rtl/s32_core.sv Line: 981
Info (12128): Elaborating entity "s32_eeprom_ram" for hierarchy "emu:emu|s32_core:core|s32_eeprom93c46:eeprom|s32_eeprom_ram:storage" File: D:/Arcade/AI/s32/rtl/io/s32_io.sv Line: 259
Info (12128): Elaborating entity "altsyncram" for hierarchy "emu:emu|s32_core:core|s32_eeprom93c46:eeprom|s32_eeprom_ram:storage|altsyncram:ram" File: D:/Arcade/AI/s32/rtl/io/s32_io.sv Line: 142
Info (12130): Elaborated megafunction instantiation "emu:emu|s32_core:core|s32_eeprom93c46:eeprom|s32_eeprom_ram:storage|altsyncram:ram" File: D:/Arcade/AI/s32/rtl/io/s32_io.sv Line: 142
Info (12133): Instantiated megafunction "emu:emu|s32_core:core|s32_eeprom93c46:eeprom|s32_eeprom_ram:storage|altsyncram:ram" with the following parameter: File: D:/Arcade/AI/s32/rtl/io/s32_io.sv Line: 142
    Info (12134): Parameter "numwords_a" = "64"
    Info (12134): Parameter "widthad_a" = "6"
    Info (12134): Parameter "width_a" = "16"
    Info (12134): Parameter "numwords_b" = "64"
    Info (12134): Parameter "widthad_b" = "6"
    Info (12134): Parameter "width_b" = "16"
    Info (12134): Parameter "address_reg_b" = "CLOCK1"
    Info (12134): Parameter "clock_enable_input_a" = "BYPASS"
    Info (12134): Parameter "clock_enable_input_b" = "BYPASS"
    Info (12134): Parameter "clock_enable_output_a" = "BYPASS"
    Info (12134): Parameter "clock_enable_output_b" = "BYPASS"
    Info (12134): Parameter "indata_reg_b" = "CLOCK1"
    Info (12134): Parameter "intended_device_family" = "Cyclone V"
    Info (12134): Parameter "lpm_type" = "altsyncram"
    Info (12134): Parameter "operation_mode" = "BIDIR_DUAL_PORT"
    Info (12134): Parameter "outdata_aclr_a" = "NONE"
    Info (12134): Parameter "outdata_aclr_b" = "NONE"
    Info (12134): Parameter "outdata_reg_a" = "UNREGISTERED"
    Info (12134): Parameter "outdata_reg_b" = "UNREGISTERED"
    Info (12134): Parameter "power_up_uninitialized" = "FALSE"
    Info (12134): Parameter "ram_block_type" = "M10K"
    Info (12134): Parameter "read_during_write_mode_mixed_ports" = "OLD_DATA"
    Info (12134): Parameter "read_during_write_mode_port_a" = "NEW_DATA_NO_NBE_READ"
    Info (12134): Parameter "read_during_write_mode_port_b" = "NEW_DATA_NO_NBE_READ"
    Info (12134): Parameter "width_byteena_a" = "1"
    Info (12134): Parameter "width_byteena_b" = "1"
    Info (12134): Parameter "wrcontrol_wraddress_reg_b" = "CLOCK1"
Info (12021): Found 1 design units, including 1 entities, in source file db/altsyncram_r9p2.tdf
    Info (12023): Found entity 1: altsyncram_r9p2 File: D:/Arcade/AI/s32/db/altsyncram_r9p2.tdf Line: 28
Info (12128): Elaborating entity "altsyncram_r9p2" for hierarchy "emu:emu|s32_core:core|s32_eeprom93c46:eeprom|s32_eeprom_ram:storage|altsyncram:ram|altsyncram_r9p2:auto_generated" File: d:/q17/quartus/libraries/megafunctions/altsyncram.tdf Line: 792
Info (12128): Elaborating entity "s32_msm6253" for hierarchy "emu:emu|s32_core:core|s32_msm6253:g_game_no_analog.adc" File: D:/Arcade/AI/s32/rtl/s32_core.sv Line: 1013
Info (12128): Elaborating entity "s32_i8255" for hierarchy "emu:emu|s32_core:core|s32_i8255:ppi" File: D:/Arcade/AI/s32/rtl/s32_core.sv Line: 1055
Info (12128): Elaborating entity "s32_intc" for hierarchy "emu:emu|s32_core:core|s32_intc:intc" File: D:/Arcade/AI/s32/rtl/s32_core.sv Line: 1069
Info (12128): Elaborating entity "s32_v25" for hierarchy "emu:emu|s32_core:core|s32_v25:v25" File: D:/Arcade/AI/s32/rtl/s32_core.sv Line: 1258
Info (12128): Elaborating entity "s32_byte_dpram" for hierarchy "emu:emu|s32_core:core|s32_v25:v25|s32_byte_dpram:dpram_mem" File: D:/Arcade/AI/s32/rtl/prot/s32_prot.sv Line: 435
Info (12128): Elaborating entity "altsyncram" for hierarchy "emu:emu|s32_core:core|s32_v25:v25|s32_byte_dpram:dpram_mem|altsyncram:ram" File: D:/Arcade/AI/s32/rtl/video/s32_big_dpram.sv Line: 188
Info (12130): Elaborated megafunction instantiation "emu:emu|s32_core:core|s32_v25:v25|s32_byte_dpram:dpram_mem|altsyncram:ram" File: D:/Arcade/AI/s32/rtl/video/s32_big_dpram.sv Line: 188
Info (12133): Instantiated megafunction "emu:emu|s32_core:core|s32_v25:v25|s32_byte_dpram:dpram_mem|altsyncram:ram" with the following parameter: File: D:/Arcade/AI/s32/rtl/video/s32_big_dpram.sv Line: 188
    Info (12134): Parameter "numwords_a" = "2048"
    Info (12134): Parameter "widthad_a" = "11"
    Info (12134): Parameter "width_a" = "8"
    Info (12134): Parameter "numwords_b" = "2048"
    Info (12134): Parameter "widthad_b" = "11"
    Info (12134): Parameter "width_b" = "8"
    Info (12134): Parameter "address_reg_b" = "CLOCK1"
    Info (12134): Parameter "clock_enable_input_a" = "BYPASS"
    Info (12134): Parameter "clock_enable_input_b" = "BYPASS"
    Info (12134): Parameter "clock_enable_output_a" = "BYPASS"
    Info (12134): Parameter "clock_enable_output_b" = "BYPASS"
    Info (12134): Parameter "indata_reg_b" = "CLOCK1"
    Info (12134): Parameter "intended_device_family" = "Cyclone V"
    Info (12134): Parameter "lpm_type" = "altsyncram"
    Info (12134): Parameter "operation_mode" = "BIDIR_DUAL_PORT"
    Info (12134): Parameter "outdata_aclr_a" = "NONE"
    Info (12134): Parameter "outdata_aclr_b" = "NONE"
    Info (12134): Parameter "outdata_reg_a" = "UNREGISTERED"
    Info (12134): Parameter "outdata_reg_b" = "UNREGISTERED"
    Info (12134): Parameter "power_up_uninitialized" = "FALSE"
    Info (12134): Parameter "read_during_write_mode_mixed_ports" = "OLD_DATA"
    Info (12134): Parameter "read_during_write_mode_port_a" = "NEW_DATA_NO_NBE_READ"
    Info (12134): Parameter "read_during_write_mode_port_b" = "NEW_DATA_NO_NBE_READ"
    Info (12134): Parameter "wrcontrol_wraddress_reg_b" = "CLOCK1"
Info (12021): Found 1 design units, including 1 entities, in source file db/altsyncram_t4m2.tdf
    Info (12023): Found entity 1: altsyncram_t4m2 File: D:/Arcade/AI/s32/db/altsyncram_t4m2.tdf Line: 28
Info (12128): Elaborating entity "altsyncram_t4m2" for hierarchy "emu:emu|s32_core:core|s32_v25:v25|s32_byte_dpram:dpram_mem|altsyncram:ram|altsyncram_t4m2:auto_generated" File: d:/q17/quartus/libraries/megafunctions/altsyncram.tdf Line: 792
Info (12128): Elaborating entity "s32_ga_rom_cache" for hierarchy "emu:emu|s32_core:core|s32_ga_rom_cache:ga_rom_cache" File: D:/Arcade/AI/s32/rtl/s32_core.sv Line: 1333
Warning (12030): Port "extclk" on the entity instantiation of "cyclonev_pll" is connected to a signal of width 1. The formal width of the signal in the module is 2.  The extra bits will be left dangling without any fan-out logic. File: d:/q17/quartus/libraries/megafunctions/altera_pll.v Line: 2224
Warning (14284): Synthesized away the following node(s):
    Warning (14285): Synthesized away the following LCELL buffer node(s):
        Warning (14320): Synthesized away node "pll_hdmi:pll_hdmi|pll_hdmi_0002:pll_hdmi_inst|altera_pll:altera_pll_i|cntsel_temp[4]" File: d:/q17/quartus/libraries/megafunctions/altera_pll.v Line: 425
        Warning (14320): Synthesized away node "pll_hdmi:pll_hdmi|pll_hdmi_0002:pll_hdmi_inst|altera_pll:altera_pll_i|cntsel_temp[3]" File: d:/q17/quartus/libraries/megafunctions/altera_pll.v Line: 425
        Warning (14320): Synthesized away node "pll_hdmi:pll_hdmi|pll_hdmi_0002:pll_hdmi_inst|altera_pll:altera_pll_i|cntsel_temp[2]" File: d:/q17/quartus/libraries/megafunctions/altera_pll.v Line: 425
        Warning (14320): Synthesized away node "pll_hdmi:pll_hdmi|pll_hdmi_0002:pll_hdmi_inst|altera_pll:altera_pll_i|cntsel_temp[1]" File: d:/q17/quartus/libraries/megafunctions/altera_pll.v Line: 425
        Warning (14320): Synthesized away node "pll_hdmi:pll_hdmi|pll_hdmi_0002:pll_hdmi_inst|altera_pll:altera_pll_i|cntsel_temp[0]" File: d:/q17/quartus/libraries/megafunctions/altera_pll.v Line: 425
        Warning (14320): Synthesized away node "pll_hdmi:pll_hdmi|pll_hdmi_0002:pll_hdmi_inst|altera_pll:altera_pll_i|gnd" File: d:/q17/quartus/libraries/megafunctions/altera_pll.v Line: 427
    Warning (14285): Synthesized away the following RAM node(s):
        Warning (14320): Synthesized away node "emu:emu|s32_core:core|s32_v25:v25|s32_byte_dpram:dpram_mem|altsyncram:ram|altsyncram_t4m2:auto_generated|q_a[0]" File: D:/Arcade/AI/s32/db/altsyncram_t4m2.tdf Line: 44
        Warning (14320): Synthesized away node "emu:emu|s32_core:core|s32_v25:v25|s32_byte_dpram:dpram_mem|altsyncram:ram|altsyncram_t4m2:auto_generated|q_a[1]" File: D:/Arcade/AI/s32/db/altsyncram_t4m2.tdf Line: 79
        Warning (14320): Synthesized away node "emu:emu|s32_core:core|s32_v25:v25|s32_byte_dpram:dpram_mem|altsyncram:ram|altsyncram_t4m2:auto_generated|q_a[2]" File: D:/Arcade/AI/s32/db/altsyncram_t4m2.tdf Line: 114
        Warning (14320): Synthesized away node "emu:emu|s32_core:core|s32_v25:v25|s32_byte_dpram:dpram_mem|altsyncram:ram|altsyncram_t4m2:auto_generated|q_a[3]" File: D:/Arcade/AI/s32/db/altsyncram_t4m2.tdf Line: 149
        Warning (14320): Synthesized away node "emu:emu|s32_core:core|s32_v25:v25|s32_byte_dpram:dpram_mem|altsyncram:ram|altsyncram_t4m2:auto_generated|q_a[4]" File: D:/Arcade/AI/s32/db/altsyncram_t4m2.tdf Line: 184
        Warning (14320): Synthesized away node "emu:emu|s32_core:core|s32_v25:v25|s32_byte_dpram:dpram_mem|altsyncram:ram|altsyncram_t4m2:auto_generated|q_a[5]" File: D:/Arcade/AI/s32/db/altsyncram_t4m2.tdf Line: 219
        Warning (14320): Synthesized away node "emu:emu|s32_core:core|s32_v25:v25|s32_byte_dpram:dpram_mem|altsyncram:ram|altsyncram_t4m2:auto_generated|q_a[6]" File: D:/Arcade/AI/s32/db/altsyncram_t4m2.tdf Line: 254
        Warning (14320): Synthesized away node "emu:emu|s32_core:core|s32_v25:v25|s32_byte_dpram:dpram_mem|altsyncram:ram|altsyncram_t4m2:auto_generated|q_a[7]" File: D:/Arcade/AI/s32/db/altsyncram_t4m2.tdf Line: 289
    Warning (14285): Synthesized away the following PLL node(s):
        Warning (14320): Synthesized away node "emu:emu|pll:pll|pll_pll_inst:pll_inst|altera_pll:altera_pll_i|outclk_wire[3]" File: d:/q17/quartus/libraries/megafunctions/altera_pll.v Line: 749
Info (19018): Gated clocks are found and converted to use clock enables
    Info (19019): Convert gated clock comb~synth
Info (286030): Timing-Driven Synthesis is running
Warning (276027): Inferred dual-clock RAM node "shadowmask:HDMI_shadowmask|mask_lut_rtl_0" from synchronous design logic.  The read-during-write behavior of a dual-clock RAM is undefined and may not match the behavior of the original design.
Warning (276027): Inferred dual-clock RAM node "ascal:ascal|o_dpram_rtl_0" from synchronous design logic.  The read-during-write behavior of a dual-clock RAM is undefined and may not match the behavior of the original design.
Warning (276027): Inferred dual-clock RAM node "ascal:ascal|o_h_poly_mem_rtl_0" from synchronous design logic.  The read-during-write behavior of a dual-clock RAM is undefined and may not match the behavior of the original design.
Warning (276027): Inferred dual-clock RAM node "ascal:ascal|o_v_poly_mem_rtl_0" from synchronous design logic.  The read-during-write behavior of a dual-clock RAM is undefined and may not match the behavior of the original design.
Info (276014): Found 6 instances of uninferred RAM logic
    Info (276004): RAM logic "emu:emu|s32_core:core|s32_soundsys:sound|jt12:fm2|jt12_top:u_jt12|jt12_pg:u_pg|jt12_pg_comb:u_comb|jt12_pm:u_pm|lfo_sh1_lut" is uninferred due to inappropriate RAM size File: D:/Arcade/AI/s32/rtl/audio/jt12/jt12_pm.v Line: 38
    Info (276004): RAM logic "emu:emu|s32_core:core|s32_soundsys:sound|jt12:fm2|jt12_top:u_jt12|jt12_pg:u_pg|jt12_pg_comb:u_comb|jt12_pm:u_pm|lfo_sh2_lut" is uninferred due to inappropriate RAM size File: D:/Arcade/AI/s32/rtl/audio/jt12/jt12_pm.v Line: 39
    Info (276004): RAM logic "emu:emu|s32_core:core|s32_soundsys:sound|jt12:fm1|jt12_top:u_jt12|jt12_pg:u_pg|jt12_pg_comb:u_comb|jt12_pm:u_pm|lfo_sh1_lut" is uninferred due to inappropriate RAM size File: D:/Arcade/AI/s32/rtl/audio/jt12/jt12_pm.v Line: 38
    Info (276004): RAM logic "emu:emu|s32_core:core|s32_soundsys:sound|jt12:fm1|jt12_top:u_jt12|jt12_pg:u_pg|jt12_pg_comb:u_comb|jt12_pm:u_pm|lfo_sh2_lut" is uninferred due to inappropriate RAM size File: D:/Arcade/AI/s32/rtl/audio/jt12/jt12_pm.v Line: 39
    Info (276007): RAM logic "emu:emu|s32_core:core|s32_sprite:sprite|indtab" is uninferred due to asynchronous read logic File: D:/Arcade/AI/s32/rtl/video/s32_sprite.sv Line: 223
    Info (276007): RAM logic "emu:emu|s32_fb_if:fb|line_buf" is uninferred due to asynchronous read logic File: D:/Arcade/AI/s32/rtl/mem/s32_fb_if.sv Line: 75
Warning (13046): Tri-state node(s) do not directly drive top-level pin(s)
    Warning (13049): Converted tri-state buffer "emu:emu|SD_CS" feeding internal logic into a wire File: D:/Arcade/AI/s32/Arcade-SegaSystem32.sv Line: 77
Info (19000): Inferred 42 megafunctions from design logic
    Info (276038): Inferred altdpram megafunction from the following logic: "emu:emu|s32_core:core|s32_ga_rom_cache:ga_rom_cache|cache_mem_rtl_0" 
        Info (286033): Parameter WIDTH set to 77
        Info (286033): Parameter WIDTHAD set to 5
        Info (286033): Parameter NUMWORDS set to 32
        Info (286033): Parameter WRADDRESS_REG set to INCLOCK
        Info (286033): Parameter WRADDRESS_ACLR set to OFF
        Info (286033): Parameter WRCONTROL_REG set to INCLOCK
        Info (286033): Parameter WRCONTROL_ACLR set to OFF
        Info (286033): Parameter RDADDRESS_REG set to UNREGISTERED
        Info (286033): Parameter RDADDRESS_ACLR set to OFF
        Info (286033): Parameter RDCONTROL_REG set to UNREGISTERED
        Info (286033): Parameter RDCONTROL_ACLR set to OFF
        Info (286033): Parameter INDATA_REG set to INCLOCK
        Info (286033): Parameter INDATA_ACLR set to OFF
        Info (286033): Parameter OUTDATA_REG set to OUTCLOCK
        Info (286033): Parameter OUTDATA_ACLR set to OFF
        Info (286033): Parameter LPM_FILE set to UNUSED
        Info (286033): Parameter RAM_BLOCK_TYPE set to LUTRAM
    Info (276029): Inferred altsyncram megafunction from the following design logic: "emu:emu|s32_core:core|comm_ram_rtl_0" 
        Info (286033): Parameter OPERATION_MODE set to DUAL_PORT
        Info (286033): Parameter WIDTH_A set to 8
        Info (286033): Parameter WIDTHAD_A set to 11
        Info (286033): Parameter NUMWORDS_A set to 2048
        Info (286033): Parameter WIDTH_B set to 8
        Info (286033): Parameter WIDTHAD_B set to 11
        Info (286033): Parameter NUMWORDS_B set to 2048
        Info (286033): Parameter ADDRESS_ACLR_A set to NONE
        Info (286033): Parameter OUTDATA_REG_B set to UNREGISTERED
        Info (286033): Parameter ADDRESS_ACLR_B set to NONE
        Info (286033): Parameter OUTDATA_ACLR_B set to NONE
        Info (286033): Parameter ADDRESS_REG_B set to CLOCK0
        Info (286033): Parameter INDATA_ACLR_A set to NONE
        Info (286033): Parameter WRCONTROL_ACLR_A set to NONE
        Info (286033): Parameter INIT_FILE set to db/s32Alien3.ram0_s32_core_ef98aca.hdl.mif
        Info (286033): Parameter READ_DURING_WRITE_MODE_MIXED_PORTS set to OLD_DATA
    Info (276029): Inferred altsyncram megafunction from the following design logic: "emu:emu|s32_core:core|s32_soundsys:sound|jt12:fm2|jt12_top:u_jt12|jt12_op:u_op|jt12_exprom:u_exprom|explut_jt51_rtl_0" 
        Info (286033): Parameter OPERATION_MODE set to ROM
        Info (286033): Parameter WIDTH_A set to 10
        Info (286033): Parameter WIDTHAD_A set to 8
        Info (286033): Parameter NUMWORDS_A set to 256
        Info (286033): Parameter OUTDATA_REG_A set to UNREGISTERED
        Info (286033): Parameter ADDRESS_ACLR_A set to NONE
        Info (286033): Parameter OUTDATA_ACLR_A set to NONE
        Info (286033): Parameter INDATA_ACLR_A set to NONE
        Info (286033): Parameter WRCONTROL_ACLR_A set to NONE
        Info (286033): Parameter INIT_FILE set to db/s32Alien3.ram0_jt12_exprom_ef3db0f0.hdl.mif
    Info (276029): Inferred altsyncram megafunction from the following design logic: "emu:emu|s32_core:core|s32_soundsys:sound|jt12:fm2|jt12_top:u_jt12|jt12_op:u_op|jt12_logsin:u_logsin|sinelut_rtl_0" 
        Info (286033): Parameter OPERATION_MODE set to ROM
        Info (286033): Parameter WIDTH_A set to 12
        Info (286033): Parameter WIDTHAD_A set to 8
        Info (286033): Parameter NUMWORDS_A set to 256
        Info (286033): Parameter OUTDATA_REG_A set to UNREGISTERED
        Info (286033): Parameter ADDRESS_ACLR_A set to NONE
        Info (286033): Parameter OUTDATA_ACLR_A set to NONE
        Info (286033): Parameter INDATA_ACLR_A set to NONE
        Info (286033): Parameter WRCONTROL_ACLR_A set to NONE
        Info (286033): Parameter INIT_FILE set to db/s32Alien3.ram0_jt12_logsin_ed1e88d6.hdl.mif
    Info (276029): Inferred altsyncram megafunction from the following design logic: "emu:emu|s32_core:core|s32_soundsys:sound|jt12:fm1|jt12_top:u_jt12|jt12_op:u_op|jt12_exprom:u_exprom|explut_jt51_rtl_0" 
        Info (286033): Parameter OPERATION_MODE set to ROM
        Info (286033): Parameter WIDTH_A set to 10
        Info (286033): Parameter WIDTHAD_A set to 8
        Info (286033): Parameter NUMWORDS_A set to 256
        Info (286033): Parameter OUTDATA_REG_A set to UNREGISTERED
        Info (286033): Parameter ADDRESS_ACLR_A set to NONE
        Info (286033): Parameter OUTDATA_ACLR_A set to NONE
        Info (286033): Parameter INDATA_ACLR_A set to NONE
        Info (286033): Parameter WRCONTROL_ACLR_A set to NONE
        Info (286033): Parameter INIT_FILE set to db/s32Alien3.ram0_jt12_exprom_ef3db0f0.hdl.mif
    Info (276029): Inferred altsyncram megafunction from the following design logic: "emu:emu|s32_core:core|s32_soundsys:sound|jt12:fm1|jt12_top:u_jt12|jt12_op:u_op|jt12_logsin:u_logsin|sinelut_rtl_0" 
        Info (286033): Parameter OPERATION_MODE set to ROM
        Info (286033): Parameter WIDTH_A set to 12
        Info (286033): Parameter WIDTHAD_A set to 8
        Info (286033): Parameter NUMWORDS_A set to 256
        Info (286033): Parameter OUTDATA_REG_A set to UNREGISTERED
        Info (286033): Parameter ADDRESS_ACLR_A set to NONE
        Info (286033): Parameter OUTDATA_ACLR_A set to NONE
        Info (286033): Parameter INDATA_ACLR_A set to NONE
        Info (286033): Parameter WRCONTROL_ACLR_A set to NONE
        Info (286033): Parameter INIT_FILE set to db/s32Alien3.ram0_jt12_logsin_ed1e88d6.hdl.mif
    Info (276029): Inferred altsyncram megafunction from the following design logic: "emu:emu|s32_core:core|s32_linebuf:shared_lbuf|lbuf_text_b0_rtl_0" 
        Info (286033): Parameter OPERATION_MODE set to DUAL_PORT
        Info (286033): Parameter WIDTH_A set to 14
        Info (286033): Parameter WIDTHAD_A set to 9
        Info (286033): Parameter NUMWORDS_A set to 512
        Info (286033): Parameter WIDTH_B set to 14
        Info (286033): Parameter WIDTHAD_B set to 9
        Info (286033): Parameter NUMWORDS_B set to 512
        Info (286033): Parameter ADDRESS_ACLR_A set to NONE
        Info (286033): Parameter OUTDATA_REG_B set to UNREGISTERED
        Info (286033): Parameter ADDRESS_ACLR_B set to NONE
        Info (286033): Parameter OUTDATA_ACLR_B set to NONE
        Info (286033): Parameter ADDRESS_REG_B set to CLOCK0
        Info (286033): Parameter INDATA_ACLR_A set to NONE
        Info (286033): Parameter WRCONTROL_ACLR_A set to NONE
        Info (286033): Parameter INIT_FILE set to db/s32Alien3.ram0_s32_linebuf_dafd803b.hdl.mif
        Info (286033): Parameter READ_DURING_WRITE_MODE_MIXED_PORTS set to OLD_DATA
    Info (276029): Inferred altsyncram megafunction from the following design logic: "emu:emu|s32_core:core|s32_linebuf:shared_lbuf|lbuf_text_b1_rtl_0" 
        Info (286033): Parameter OPERATION_MODE set to DUAL_PORT
        Info (286033): Parameter WIDTH_A set to 14
        Info (286033): Parameter WIDTHAD_A set to 9
        Info (286033): Parameter NUMWORDS_A set to 512
        Info (286033): Parameter WIDTH_B set to 14
        Info (286033): Parameter WIDTHAD_B set to 9
        Info (286033): Parameter NUMWORDS_B set to 512
        Info (286033): Parameter ADDRESS_ACLR_A set to NONE
        Info (286033): Parameter OUTDATA_REG_B set to UNREGISTERED
        Info (286033): Parameter ADDRESS_ACLR_B set to NONE
        Info (286033): Parameter OUTDATA_ACLR_B set to NONE
        Info (286033): Parameter ADDRESS_REG_B set to CLOCK0
        Info (286033): Parameter INDATA_ACLR_A set to NONE
        Info (286033): Parameter WRCONTROL_ACLR_A set to NONE
        Info (286033): Parameter INIT_FILE set to db/s32Alien3.ram1_s32_linebuf_dafd803b.hdl.mif
        Info (286033): Parameter READ_DURING_WRITE_MODE_MIXED_PORTS set to OLD_DATA
    Info (276029): Inferred altsyncram megafunction from the following design logic: "emu:emu|s32_core:core|s32_linebuf:shared_lbuf|lbuf_nbg0_b0_rtl_0" 
        Info (286033): Parameter OPERATION_MODE set to DUAL_PORT
        Info (286033): Parameter WIDTH_A set to 14
        Info (286033): Parameter WIDTHAD_A set to 9
        Info (286033): Parameter NUMWORDS_A set to 512
        Info (286033): Parameter WIDTH_B set to 14
        Info (286033): Parameter WIDTHAD_B set to 9
        Info (286033): Parameter NUMWORDS_B set to 512
        Info (286033): Parameter ADDRESS_ACLR_A set to NONE
        Info (286033): Parameter OUTDATA_REG_B set to UNREGISTERED
        Info (286033): Parameter ADDRESS_ACLR_B set to NONE
        Info (286033): Parameter OUTDATA_ACLR_B set to NONE
        Info (286033): Parameter ADDRESS_REG_B set to CLOCK0
        Info (286033): Parameter INDATA_ACLR_A set to NONE
        Info (286033): Parameter WRCONTROL_ACLR_A set to NONE
        Info (286033): Parameter INIT_FILE set to db/s32Alien3.ram2_s32_linebuf_dafd803b.hdl.mif
        Info (286033): Parameter READ_DURING_WRITE_MODE_MIXED_PORTS set to OLD_DATA
    Info (276029): Inferred altsyncram megafunction from the following design logic: "emu:emu|s32_core:core|s32_linebuf:shared_lbuf|lbuf_nbg0_b1_rtl_0" 
        Info (286033): Parameter OPERATION_MODE set to DUAL_PORT
        Info (286033): Parameter WIDTH_A set to 14
        Info (286033): Parameter WIDTHAD_A set to 9
        Info (286033): Parameter NUMWORDS_A set to 512
        Info (286033): Parameter WIDTH_B set to 14
        Info (286033): Parameter WIDTHAD_B set to 9
        Info (286033): Parameter NUMWORDS_B set to 512
        Info (286033): Parameter ADDRESS_ACLR_A set to NONE
        Info (286033): Parameter OUTDATA_REG_B set to UNREGISTERED
        Info (286033): Parameter ADDRESS_ACLR_B set to NONE
        Info (286033): Parameter OUTDATA_ACLR_B set to NONE
        Info (286033): Parameter ADDRESS_REG_B set to CLOCK0
        Info (286033): Parameter INDATA_ACLR_A set to NONE
        Info (286033): Parameter WRCONTROL_ACLR_A set to NONE
        Info (286033): Parameter INIT_FILE set to db/s32Alien3.ram3_s32_linebuf_dafd803b.hdl.mif
        Info (286033): Parameter READ_DURING_WRITE_MODE_MIXED_PORTS set to OLD_DATA
    Info (276029): Inferred altsyncram megafunction from the following design logic: "emu:emu|s32_core:core|s32_linebuf:shared_lbuf|lbuf_nbg1_b0_rtl_0" 
        Info (286033): Parameter OPERATION_MODE set to DUAL_PORT
        Info (286033): Parameter WIDTH_A set to 14
        Info (286033): Parameter WIDTHAD_A set to 9
        Info (286033): Parameter NUMWORDS_A set to 512
        Info (286033): Parameter WIDTH_B set to 14
        Info (286033): Parameter WIDTHAD_B set to 9
        Info (286033): Parameter NUMWORDS_B set to 512
        Info (286033): Parameter ADDRESS_ACLR_A set to NONE
        Info (286033): Parameter OUTDATA_REG_B set to UNREGISTERED
        Info (286033): Parameter ADDRESS_ACLR_B set to NONE
        Info (286033): Parameter OUTDATA_ACLR_B set to NONE
        Info (286033): Parameter ADDRESS_REG_B set to CLOCK0
        Info (286033): Parameter INDATA_ACLR_A set to NONE
        Info (286033): Parameter WRCONTROL_ACLR_A set to NONE
        Info (286033): Parameter INIT_FILE set to db/s32Alien3.ram4_s32_linebuf_dafd803b.hdl.mif
        Info (286033): Parameter READ_DURING_WRITE_MODE_MIXED_PORTS set to OLD_DATA
    Info (276029): Inferred altsyncram megafunction from the following design logic: "emu:emu|s32_core:core|s32_linebuf:shared_lbuf|lbuf_nbg1_b1_rtl_0" 
        Info (286033): Parameter OPERATION_MODE set to DUAL_PORT
        Info (286033): Parameter WIDTH_A set to 14
        Info (286033): Parameter WIDTHAD_A set to 9
        Info (286033): Parameter NUMWORDS_A set to 512
        Info (286033): Parameter WIDTH_B set to 14
        Info (286033): Parameter WIDTHAD_B set to 9
        Info (286033): Parameter NUMWORDS_B set to 512
        Info (286033): Parameter ADDRESS_ACLR_A set to NONE
        Info (286033): Parameter OUTDATA_REG_B set to UNREGISTERED
        Info (286033): Parameter ADDRESS_ACLR_B set to NONE
        Info (286033): Parameter OUTDATA_ACLR_B set to NONE
        Info (286033): Parameter ADDRESS_REG_B set to CLOCK0
        Info (286033): Parameter INDATA_ACLR_A set to NONE
        Info (286033): Parameter WRCONTROL_ACLR_A set to NONE
        Info (286033): Parameter INIT_FILE set to db/s32Alien3.ram5_s32_linebuf_dafd803b.hdl.mif
        Info (286033): Parameter READ_DURING_WRITE_MODE_MIXED_PORTS set to OLD_DATA
    Info (276029): Inferred altsyncram megafunction from the following design logic: "emu:emu|s32_core:core|s32_linebuf:shared_lbuf|lbuf_nbg2_b0_rtl_0" 
        Info (286033): Parameter OPERATION_MODE set to DUAL_PORT
        Info (286033): Parameter WIDTH_A set to 14
        Info (286033): Parameter WIDTHAD_A set to 9
        Info (286033): Parameter NUMWORDS_A set to 512
        Info (286033): Parameter WIDTH_B set to 14
        Info (286033): Parameter WIDTHAD_B set to 9
        Info (286033): Parameter NUMWORDS_B set to 512
        Info (286033): Parameter ADDRESS_ACLR_A set to NONE
        Info (286033): Parameter OUTDATA_REG_B set to UNREGISTERED
        Info (286033): Parameter ADDRESS_ACLR_B set to NONE
        Info (286033): Parameter OUTDATA_ACLR_B set to NONE
        Info (286033): Parameter ADDRESS_REG_B set to CLOCK0
        Info (286033): Parameter INDATA_ACLR_A set to NONE
        Info (286033): Parameter WRCONTROL_ACLR_A set to NONE
        Info (286033): Parameter INIT_FILE set to db/s32Alien3.ram6_s32_linebuf_dafd803b.hdl.mif
        Info (286033): Parameter READ_DURING_WRITE_MODE_MIXED_PORTS set to OLD_DATA
    Info (276029): Inferred altsyncram megafunction from the following design logic: "emu:emu|s32_core:core|s32_linebuf:shared_lbuf|lbuf_nbg2_b1_rtl_0" 
        Info (286033): Parameter OPERATION_MODE set to DUAL_PORT
        Info (286033): Parameter WIDTH_A set to 14
        Info (286033): Parameter WIDTHAD_A set to 9
        Info (286033): Parameter NUMWORDS_A set to 512
        Info (286033): Parameter WIDTH_B set to 14
        Info (286033): Parameter WIDTHAD_B set to 9
        Info (286033): Parameter NUMWORDS_B set to 512
        Info (286033): Parameter ADDRESS_ACLR_A set to NONE
        Info (286033): Parameter OUTDATA_REG_B set to UNREGISTERED
        Info (286033): Parameter ADDRESS_ACLR_B set to NONE
        Info (286033): Parameter OUTDATA_ACLR_B set to NONE
        Info (286033): Parameter ADDRESS_REG_B set to CLOCK0
        Info (286033): Parameter INDATA_ACLR_A set to NONE
        Info (286033): Parameter WRCONTROL_ACLR_A set to NONE
        Info (286033): Parameter INIT_FILE set to db/s32Alien3.ram7_s32_linebuf_dafd803b.hdl.mif
        Info (286033): Parameter READ_DURING_WRITE_MODE_MIXED_PORTS set to OLD_DATA
    Info (276029): Inferred altsyncram megafunction from the following design logic: "emu:emu|s32_core:core|s32_linebuf:shared_lbuf|lbuf_nbg3_b0_rtl_0" 
        Info (286033): Parameter OPERATION_MODE set to DUAL_PORT
        Info (286033): Parameter WIDTH_A set to 14
        Info (286033): Parameter WIDTHAD_A set to 9
        Info (286033): Parameter NUMWORDS_A set to 512
        Info (286033): Parameter WIDTH_B set to 14
        Info (286033): Parameter WIDTHAD_B set to 9
        Info (286033): Parameter NUMWORDS_B set to 512
        Info (286033): Parameter ADDRESS_ACLR_A set to NONE
        Info (286033): Parameter OUTDATA_REG_B set to UNREGISTERED
        Info (286033): Parameter ADDRESS_ACLR_B set to NONE
        Info (286033): Parameter OUTDATA_ACLR_B set to NONE
        Info (286033): Parameter ADDRESS_REG_B set to CLOCK0
        Info (286033): Parameter INDATA_ACLR_A set to NONE
        Info (286033): Parameter WRCONTROL_ACLR_A set to NONE
        Info (286033): Parameter INIT_FILE set to db/s32Alien3.ram8_s32_linebuf_dafd803b.hdl.mif
        Info (286033): Parameter READ_DURING_WRITE_MODE_MIXED_PORTS set to OLD_DATA
    Info (276029): Inferred altsyncram megafunction from the following design logic: "emu:emu|s32_core:core|s32_linebuf:shared_lbuf|lbuf_nbg3_b1_rtl_0" 
        Info (286033): Parameter OPERATION_MODE set to DUAL_PORT
        Info (286033): Parameter WIDTH_A set to 14
        Info (286033): Parameter WIDTHAD_A set to 9
        Info (286033): Parameter NUMWORDS_A set to 512
        Info (286033): Parameter WIDTH_B set to 14
        Info (286033): Parameter WIDTHAD_B set to 9
        Info (286033): Parameter NUMWORDS_B set to 512
        Info (286033): Parameter ADDRESS_ACLR_A set to NONE
        Info (286033): Parameter OUTDATA_REG_B set to UNREGISTERED
        Info (286033): Parameter ADDRESS_ACLR_B set to NONE
        Info (286033): Parameter OUTDATA_ACLR_B set to NONE
        Info (286033): Parameter ADDRESS_REG_B set to CLOCK0
        Info (286033): Parameter INDATA_ACLR_A set to NONE
        Info (286033): Parameter WRCONTROL_ACLR_A set to NONE
        Info (286033): Parameter INIT_FILE set to db/s32Alien3.ram9_s32_linebuf_dafd803b.hdl.mif
        Info (286033): Parameter READ_DURING_WRITE_MODE_MIXED_PORTS set to OLD_DATA
    Info (276029): Inferred altsyncram megafunction from the following design logic: "emu:emu|s32_core:core|s32_linebuf:shared_lbuf|lbuf_bmp_b0_rtl_0" 
        Info (286033): Parameter OPERATION_MODE set to DUAL_PORT
        Info (286033): Parameter WIDTH_A set to 14
        Info (286033): Parameter WIDTHAD_A set to 9
        Info (286033): Parameter NUMWORDS_A set to 512
        Info (286033): Parameter WIDTH_B set to 14
        Info (286033): Parameter WIDTHAD_B set to 9
        Info (286033): Parameter NUMWORDS_B set to 512
        Info (286033): Parameter ADDRESS_ACLR_A set to NONE
        Info (286033): Parameter OUTDATA_REG_B set to UNREGISTERED
        Info (286033): Parameter ADDRESS_ACLR_B set to NONE
        Info (286033): Parameter OUTDATA_ACLR_B set to NONE
        Info (286033): Parameter ADDRESS_REG_B set to CLOCK0
        Info (286033): Parameter INDATA_ACLR_A set to NONE
        Info (286033): Parameter WRCONTROL_ACLR_A set to NONE
        Info (286033): Parameter INIT_FILE set to db/s32Alien3.ram10_s32_linebuf_dafd803b.hdl.mif
        Info (286033): Parameter READ_DURING_WRITE_MODE_MIXED_PORTS set to OLD_DATA
    Info (276029): Inferred altsyncram megafunction from the following design logic: "emu:emu|s32_core:core|s32_linebuf:shared_lbuf|lbuf_bmp_b1_rtl_0" 
        Info (286033): Parameter OPERATION_MODE set to DUAL_PORT
        Info (286033): Parameter WIDTH_A set to 14
        Info (286033): Parameter WIDTHAD_A set to 9
        Info (286033): Parameter NUMWORDS_A set to 512
        Info (286033): Parameter WIDTH_B set to 14
        Info (286033): Parameter WIDTHAD_B set to 9
        Info (286033): Parameter NUMWORDS_B set to 512
        Info (286033): Parameter ADDRESS_ACLR_A set to NONE
        Info (286033): Parameter OUTDATA_REG_B set to UNREGISTERED
        Info (286033): Parameter ADDRESS_ACLR_B set to NONE
        Info (286033): Parameter OUTDATA_ACLR_B set to NONE
        Info (286033): Parameter ADDRESS_REG_B set to CLOCK0
        Info (286033): Parameter INDATA_ACLR_A set to NONE
        Info (286033): Parameter WRCONTROL_ACLR_A set to NONE
        Info (286033): Parameter INIT_FILE set to db/s32Alien3.ram11_s32_linebuf_dafd803b.hdl.mif
        Info (286033): Parameter READ_DURING_WRITE_MODE_MIXED_PORTS set to OLD_DATA
    Info (276029): Inferred altsyncram megafunction from the following design logic: "osd:vga_osd|osd_buffer_rtl_0" 
        Info (286033): Parameter OPERATION_MODE set to DUAL_PORT
        Info (286033): Parameter WIDTH_A set to 8
        Info (286033): Parameter WIDTHAD_A set to 12
        Info (286033): Parameter NUMWORDS_A set to 4096
        Info (286033): Parameter WIDTH_B set to 8
        Info (286033): Parameter WIDTHAD_B set to 12
        Info (286033): Parameter NUMWORDS_B set to 4096
        Info (286033): Parameter ADDRESS_ACLR_A set to NONE
        Info (286033): Parameter OUTDATA_REG_B set to UNREGISTERED
        Info (286033): Parameter ADDRESS_ACLR_B set to NONE
        Info (286033): Parameter OUTDATA_ACLR_B set to NONE
        Info (286033): Parameter ADDRESS_REG_B set to CLOCK0
        Info (286033): Parameter INDATA_ACLR_A set to NONE
        Info (286033): Parameter WRCONTROL_ACLR_A set to NONE
        Info (286033): Parameter RDCONTROL_REG_B set to CLOCK0
    Info (276029): Inferred altsyncram megafunction from the following design logic: "osd:hdmi_osd|osd_buffer_rtl_0" 
        Info (286033): Parameter OPERATION_MODE set to DUAL_PORT
        Info (286033): Parameter WIDTH_A set to 8
        Info (286033): Parameter WIDTHAD_A set to 12
        Info (286033): Parameter NUMWORDS_A set to 4096
        Info (286033): Parameter WIDTH_B set to 8
        Info (286033): Parameter WIDTHAD_B set to 12
        Info (286033): Parameter NUMWORDS_B set to 4096
        Info (286033): Parameter ADDRESS_ACLR_A set to NONE
        Info (286033): Parameter OUTDATA_REG_B set to UNREGISTERED
        Info (286033): Parameter ADDRESS_ACLR_B set to NONE
        Info (286033): Parameter OUTDATA_ACLR_B set to NONE
        Info (286033): Parameter ADDRESS_REG_B set to CLOCK1
        Info (286033): Parameter INDATA_ACLR_A set to NONE
        Info (286033): Parameter WRCONTROL_ACLR_A set to NONE
    Info (276029): Inferred altsyncram megafunction from the following design logic: "shadowmask:HDMI_shadowmask|mask_lut_rtl_0" 
        Info (286033): Parameter OPERATION_MODE set to DUAL_PORT
        Info (286033): Parameter WIDTH_A set to 11
        Info (286033): Parameter WIDTHAD_A set to 8
        Info (286033): Parameter NUMWORDS_A set to 256
        Info (286033): Parameter WIDTH_B set to 11
        Info (286033): Parameter WIDTHAD_B set to 8
        Info (286033): Parameter NUMWORDS_B set to 256
        Info (286033): Parameter ADDRESS_ACLR_A set to NONE
        Info (286033): Parameter OUTDATA_REG_B set to UNREGISTERED
        Info (286033): Parameter ADDRESS_ACLR_B set to NONE
        Info (286033): Parameter OUTDATA_ACLR_B set to NONE
        Info (286033): Parameter ADDRESS_REG_B set to CLOCK1
        Info (286033): Parameter INDATA_ACLR_A set to NONE
        Info (286033): Parameter WRCONTROL_ACLR_A set to NONE
    Info (276029): Inferred altsyncram megafunction from the following design logic: "ascal:ascal|i_dpram_rtl_0" 
        Info (286033): Parameter OPERATION_MODE set to DUAL_PORT
        Info (286033): Parameter WIDTH_A set to 128
        Info (286033): Parameter WIDTHAD_A set to 5
        Info (286033): Parameter NUMWORDS_A set to 32
        Info (286033): Parameter WIDTH_B set to 128
        Info (286033): Parameter WIDTHAD_B set to 5
        Info (286033): Parameter NUMWORDS_B set to 32
        Info (286033): Parameter ADDRESS_ACLR_A set to NONE
        Info (286033): Parameter OUTDATA_REG_B set to UNREGISTERED
        Info (286033): Parameter ADDRESS_ACLR_B set to NONE
        Info (286033): Parameter OUTDATA_ACLR_B set to NONE
        Info (286033): Parameter ADDRESS_REG_B set to CLOCK1
        Info (286033): Parameter INDATA_ACLR_A set to NONE
        Info (286033): Parameter WRCONTROL_ACLR_A set to NONE
    Info (276029): Inferred altsyncram megafunction from the following design logic: "ascal:ascal|pal1_mem_rtl_0" 
        Info (286033): Parameter OPERATION_MODE set to DUAL_PORT
        Info (286033): Parameter WIDTH_A set to 48
        Info (286033): Parameter WIDTHAD_A set to 7
        Info (286033): Parameter NUMWORDS_A set to 128
        Info (286033): Parameter WIDTH_B set to 48
        Info (286033): Parameter WIDTHAD_B set to 7
        Info (286033): Parameter NUMWORDS_B set to 128
        Info (286033): Parameter ADDRESS_ACLR_A set to NONE
        Info (286033): Parameter OUTDATA_REG_B set to UNREGISTERED
        Info (286033): Parameter ADDRESS_ACLR_B set to NONE
        Info (286033): Parameter OUTDATA_ACLR_B set to NONE
        Info (286033): Parameter ADDRESS_REG_B set to CLOCK1
        Info (286033): Parameter INDATA_ACLR_A set to NONE
        Info (286033): Parameter WRCONTROL_ACLR_A set to NONE
    Info (276029): Inferred altsyncram megafunction from the following design logic: "ascal:ascal|o_dpram_rtl_0" 
        Info (286033): Parameter OPERATION_MODE set to DUAL_PORT
        Info (286033): Parameter WIDTH_A set to 128
        Info (286033): Parameter WIDTHAD_A set to 5
        Info (286033): Parameter NUMWORDS_A set to 32
        Info (286033): Parameter WIDTH_B set to 128
        Info (286033): Parameter WIDTHAD_B set to 5
        Info (286033): Parameter NUMWORDS_B set to 32
        Info (286033): Parameter ADDRESS_ACLR_A set to NONE
        Info (286033): Parameter OUTDATA_REG_B set to CLOCK1
        Info (286033): Parameter ADDRESS_ACLR_B set to NONE
        Info (286033): Parameter OUTDATA_ACLR_B set to NONE
        Info (286033): Parameter ADDRESS_REG_B set to CLOCK1
        Info (286033): Parameter INDATA_ACLR_A set to NONE
        Info (286033): Parameter WRCONTROL_ACLR_A set to NONE
    Info (276029): Inferred altsyncram megafunction from the following design logic: "ascal:ascal|o_h_poly_mem_rtl_0" 
        Info (286033): Parameter OPERATION_MODE set to DUAL_PORT
        Info (286033): Parameter WIDTH_A set to 40
        Info (286033): Parameter WIDTHAD_A set to 8
        Info (286033): Parameter NUMWORDS_A set to 256
        Info (286033): Parameter WIDTH_B set to 40
        Info (286033): Parameter WIDTHAD_B set to 8
        Info (286033): Parameter NUMWORDS_B set to 256
        Info (286033): Parameter ADDRESS_ACLR_A set to NONE
        Info (286033): Parameter OUTDATA_REG_B set to UNREGISTERED
        Info (286033): Parameter ADDRESS_ACLR_B set to NONE
        Info (286033): Parameter OUTDATA_ACLR_B set to NONE
        Info (286033): Parameter ADDRESS_REG_B set to CLOCK1
        Info (286033): Parameter INDATA_ACLR_A set to NONE
        Info (286033): Parameter WRCONTROL_ACLR_A set to NONE
    Info (276029): Inferred altsyncram megafunction from the following design logic: "ascal:ascal|o_v_poly_mem_rtl_0" 
        Info (286033): Parameter OPERATION_MODE set to DUAL_PORT
        Info (286033): Parameter WIDTH_A set to 40
        Info (286033): Parameter WIDTHAD_A set to 8
        Info (286033): Parameter NUMWORDS_A set to 256
        Info (286033): Parameter WIDTH_B set to 40
        Info (286033): Parameter WIDTHAD_B set to 8
        Info (286033): Parameter NUMWORDS_B set to 256
        Info (286033): Parameter ADDRESS_ACLR_A set to NONE
        Info (286033): Parameter OUTDATA_REG_B set to UNREGISTERED
        Info (286033): Parameter ADDRESS_ACLR_B set to NONE
        Info (286033): Parameter OUTDATA_ACLR_B set to NONE
        Info (286033): Parameter ADDRESS_REG_B set to CLOCK1
        Info (286033): Parameter INDATA_ACLR_A set to NONE
        Info (286033): Parameter WRCONTROL_ACLR_A set to NONE
    Info (276034): Inferred altshift_taps megafunction from the following design logic: "emu:emu|s32_core:core|s32_soundsys:sound|jt12:fm2|jt12_top:u_jt12|jt12_eg:u_eg|jt12_sh_rst:u_konsh|bits_rtl_0"
        Info (286033): Parameter NUMBER_OF_TAPS set to 1
        Info (286033): Parameter TAP_DISTANCE set to 22
        Info (286033): Parameter WIDTH set to 25
        Info (286033): Parameter POWER_UP_STATE set to DONT_CARE
        Info (286033): Parameter RAM_BLOCK_TYPE set to MLAB
    Info (276034): Inferred altshift_taps megafunction from the following design logic: "emu:emu|s32_core:core|s32_soundsys:sound|jt12:fm1|jt12_top:u_jt12|jt12_eg:u_eg|jt12_sh_rst:u_konsh|bits_rtl_0"
        Info (286033): Parameter NUMBER_OF_TAPS set to 1
        Info (286033): Parameter TAP_DISTANCE set to 22
        Info (286033): Parameter WIDTH set to 25
        Info (286033): Parameter POWER_UP_STATE set to DONT_CARE
        Info (286033): Parameter RAM_BLOCK_TYPE set to MLAB
    Info (276034): Inferred altshift_taps megafunction from the following design logic: "emu:emu|s32_core:core|s32_soundsys:sound|jt12:fm2|jt12_top:u_jt12|jt12_eg:u_eg|jt12_sh_rst:u_ssg_inv|bits_rtl_0"
        Info (286033): Parameter NUMBER_OF_TAPS set to 1
        Info (286033): Parameter TAP_DISTANCE set to 19
        Info (286033): Parameter WIDTH set to 11
        Info (286033): Parameter POWER_UP_STATE set to DONT_CARE
        Info (286033): Parameter RAM_BLOCK_TYPE set to MLAB
    Info (276034): Inferred altshift_taps megafunction from the following design logic: "emu:emu|s32_core:core|s32_soundsys:sound|jt12:fm1|jt12_top:u_jt12|jt12_eg:u_eg|jt12_sh_rst:u_ssg_inv|bits_rtl_0"
        Info (286033): Parameter NUMBER_OF_TAPS set to 1
        Info (286033): Parameter TAP_DISTANCE set to 19
        Info (286033): Parameter WIDTH set to 11
        Info (286033): Parameter POWER_UP_STATE set to DONT_CARE
        Info (286033): Parameter RAM_BLOCK_TYPE set to MLAB
    Info (276034): Inferred altshift_taps megafunction from the following design logic: "emu:emu|s32_core:core|s32_soundsys:sound|jt12:fm2|jt12_top:u_jt12|jt12_mmr:u_mmr|jt12_reg:u_reg|jt12_csr:u_csr1|jt12_sh_rst:u_regch|bits_rtl_0"
        Info (286033): Parameter NUMBER_OF_TAPS set to 1
        Info (286033): Parameter TAP_DISTANCE set to 10
        Info (286033): Parameter WIDTH set to 84
        Info (286033): Parameter POWER_UP_STATE set to DONT_CARE
        Info (286033): Parameter RAM_BLOCK_TYPE set to MLAB
    Info (276034): Inferred altshift_taps megafunction from the following design logic: "emu:emu|s32_core:core|s32_soundsys:sound|jt12:fm1|jt12_top:u_jt12|jt12_mmr:u_mmr|jt12_reg:u_reg|jt12_csr:u_csr1|jt12_sh_rst:u_regch|bits_rtl_0"
        Info (286033): Parameter NUMBER_OF_TAPS set to 1
        Info (286033): Parameter TAP_DISTANCE set to 10
        Info (286033): Parameter WIDTH set to 84
        Info (286033): Parameter POWER_UP_STATE set to DONT_CARE
        Info (286033): Parameter RAM_BLOCK_TYPE set to MLAB
    Info (276034): Inferred altshift_taps megafunction from the following design logic: "emu:emu|s32_core:core|s32_soundsys:sound|jt12:fm2|jt12_top:u_jt12|jt12_mmr:u_mmr|jt12_reg:u_reg|jt12_csr:u_csr1|jt12_sh_rst:u_regch|bits_rtl_1"
        Info (286033): Parameter NUMBER_OF_TAPS set to 1
        Info (286033): Parameter TAP_DISTANCE set to 9
        Info (286033): Parameter WIDTH set to 4
        Info (286033): Parameter POWER_UP_STATE set to DONT_CARE
        Info (286033): Parameter RAM_BLOCK_TYPE set to MLAB
    Info (276034): Inferred altshift_taps megafunction from the following design logic: "emu:emu|s32_core:core|s32_soundsys:sound|jt12:fm1|jt12_top:u_jt12|jt12_mmr:u_mmr|jt12_reg:u_reg|jt12_csr:u_csr1|jt12_sh_rst:u_regch|bits_rtl_1"
        Info (286033): Parameter NUMBER_OF_TAPS set to 1
        Info (286033): Parameter TAP_DISTANCE set to 9
        Info (286033): Parameter WIDTH set to 4
        Info (286033): Parameter POWER_UP_STATE set to DONT_CARE
        Info (286033): Parameter RAM_BLOCK_TYPE set to MLAB
    Info (276034): Inferred altshift_taps megafunction from the following design logic: "ascal:ascal|o_dev_rtl_0"
        Info (286033): Parameter NUMBER_OF_TAPS set to 1
        Info (286033): Parameter TAP_DISTANCE set to 11
        Info (286033): Parameter WIDTH set to 3
        Info (286033): Parameter POWER_UP_STATE set to DONT_CARE
    Info (276034): Inferred altshift_taps megafunction from the following design logic: "emu:emu|s32_core:core|s32_soundsys:sound|jt12:fm2|jt12_top:u_jt12|jt12_op:u_op|jt12_sh:phasemod_sh|bits_rtl_0"
        Info (286033): Parameter NUMBER_OF_TAPS set to 1
        Info (286033): Parameter TAP_DISTANCE set to 4
        Info (286033): Parameter WIDTH set to 66
        Info (286033): Parameter POWER_UP_STATE set to DONT_CARE
        Info (286033): Parameter RAM_BLOCK_TYPE set to MLAB
    Info (276034): Inferred altshift_taps megafunction from the following design logic: "emu:emu|s32_core:core|s32_soundsys:sound|jt12:fm1|jt12_top:u_jt12|jt12_op:u_op|jt12_sh:phasemod_sh|bits_rtl_0"
        Info (286033): Parameter NUMBER_OF_TAPS set to 1
        Info (286033): Parameter TAP_DISTANCE set to 4
        Info (286033): Parameter WIDTH set to 66
        Info (286033): Parameter POWER_UP_STATE set to DONT_CARE
        Info (286033): Parameter RAM_BLOCK_TYPE set to MLAB
    Info (276034): Inferred altshift_taps megafunction from the following design logic: "osd:vga_osd|rdout2_rtl_0"
        Info (286033): Parameter NUMBER_OF_TAPS set to 2
        Info (286033): Parameter TAP_DISTANCE set to 3
        Info (286033): Parameter WIDTH set to 24
        Info (286033): Parameter POWER_UP_STATE set to DONT_CARE
    Info (276034): Inferred altshift_taps megafunction from the following design logic: "shadowmask:HDMI_shadowmask|vid_rtl_0"
        Info (286033): Parameter NUMBER_OF_TAPS set to 1
        Info (286033): Parameter TAP_DISTANCE set to 4
        Info (286033): Parameter WIDTH set to 81
        Info (286033): Parameter POWER_UP_STATE set to DONT_CARE
    Info (276034): Inferred altshift_taps megafunction from the following design logic: "ascal:ascal|o_vpix_inner[2].r_rtl_0"
        Info (286033): Parameter NUMBER_OF_TAPS set to 1
        Info (286033): Parameter TAP_DISTANCE set to 4
        Info (286033): Parameter WIDTH set to 24
        Info (286033): Parameter POWER_UP_STATE set to DONT_CARE
    Info (276034): Inferred altshift_taps megafunction from the following design logic: "audio_out:audio_out|aud_mix_top:audmix_r|a1_rtl_0"
        Info (286033): Parameter NUMBER_OF_TAPS set to 1
        Info (286033): Parameter TAP_DISTANCE set to 3
        Info (286033): Parameter WIDTH set to 32
        Info (286033): Parameter POWER_UP_STATE set to DONT_CARE
    Info (276034): Inferred altshift_taps megafunction from the following design logic: "vga_out:vga_scaler_out|din1_rtl_0"
        Info (286033): Parameter NUMBER_OF_TAPS set to 1
        Info (286033): Parameter TAP_DISTANCE set to 3
        Info (286033): Parameter WIDTH set to 31
        Info (286033): Parameter POWER_UP_STATE set to DONT_CARE
Info (278001): Inferred 1 megafunctions from design logic
    Info (278004): Inferred divider/modulo megafunction ("lpm_divide") from the following logic: "emu:emu|s32_core:core|s32_v60:v60|Div0" File: D:/Arcade/AI/s32/rtl/cpu/v60/s32_v60.sv Line: 425
Info (12130): Elaborated megafunction instantiation "emu:emu|s32_core:core|s32_ga_rom_cache:ga_rom_cache|altdpram:cache_mem_rtl_0"
Info (12133): Instantiated megafunction "emu:emu|s32_core:core|s32_ga_rom_cache:ga_rom_cache|altdpram:cache_mem_rtl_0" with the following parameter:
    Info (12134): Parameter "WIDTH" = "77"
    Info (12134): Parameter "WIDTHAD" = "5"
    Info (12134): Parameter "NUMWORDS" = "32"
    Info (12134): Parameter "WRADDRESS_REG" = "INCLOCK"
    Info (12134): Parameter "WRADDRESS_ACLR" = "OFF"
    Info (12134): Parameter "WRCONTROL_REG" = "INCLOCK"
    Info (12134): Parameter "WRCONTROL_ACLR" = "OFF"
    Info (12134): Parameter "RDADDRESS_REG" = "UNREGISTERED"
    Info (12134): Parameter "RDADDRESS_ACLR" = "OFF"
    Info (12134): Parameter "RDCONTROL_REG" = "UNREGISTERED"
    Info (12134): Parameter "RDCONTROL_ACLR" = "OFF"
    Info (12134): Parameter "INDATA_REG" = "INCLOCK"
    Info (12134): Parameter "INDATA_ACLR" = "OFF"
    Info (12134): Parameter "OUTDATA_REG" = "OUTCLOCK"
    Info (12134): Parameter "OUTDATA_ACLR" = "OFF"
    Info (12134): Parameter "LPM_FILE" = "UNUSED"
    Info (12134): Parameter "RAM_BLOCK_TYPE" = "LUTRAM"
Info (12021): Found 1 design units, including 1 entities, in source file db/dpram_gno1.tdf
    Info (12023): Found entity 1: dpram_gno1 File: D:/Arcade/AI/s32/db/dpram_gno1.tdf Line: 26
Info (12130): Elaborated megafunction instantiation "shadowmask:HDMI_shadowmask|altsyncram:mask_lut_rtl_0"
Info (12133): Instantiated megafunction "shadowmask:HDMI_shadowmask|altsyncram:mask_lut_rtl_0" with the following parameter:
    Info (12134): Parameter "OPERATION_MODE" = "DUAL_PORT"
    Info (12134): Parameter "WIDTH_A" = "11"
    Info (12134): Parameter "WIDTHAD_A" = "8"
    Info (12134): Parameter "NUMWORDS_A" = "256"
    Info (12134): Parameter "WIDTH_B" = "11"
    Info (12134): Parameter "WIDTHAD_B" = "8"
    Info (12134): Parameter "NUMWORDS_B" = "256"
    Info (12134): Parameter "ADDRESS_ACLR_A" = "NONE"
    Info (12134): Parameter "OUTDATA_REG_B" = "UNREGISTERED"
    Info (12134): Parameter "ADDRESS_ACLR_B" = "NONE"
    Info (12134): Parameter "OUTDATA_ACLR_B" = "NONE"
    Info (12134): Parameter "ADDRESS_REG_B" = "CLOCK1"
    Info (12134): Parameter "INDATA_ACLR_A" = "NONE"
    Info (12134): Parameter "WRCONTROL_ACLR_A" = "NONE"
Info (12021): Found 1 design units, including 1 entities, in source file db/altsyncram_k9j1.tdf
    Info (12023): Found entity 1: altsyncram_k9j1 File: D:/Arcade/AI/s32/db/altsyncram_k9j1.tdf Line: 28
Info (12130): Elaborated megafunction instantiation "ascal:ascal|altshift_taps:o_dev_rtl_0"
Info (12133): Instantiated megafunction "ascal:ascal|altshift_taps:o_dev_rtl_0" with the following parameter:
    Info (12134): Parameter "NUMBER_OF_TAPS" = "1"
    Info (12134): Parameter "TAP_DISTANCE" = "11"
    Info (12134): Parameter "WIDTH" = "3"
    Info (12134): Parameter "POWER_UP_STATE" = "DONT_CARE"
Info (12021): Found 1 design units, including 1 entities, in source file db/shift_taps_5gv.tdf
    Info (12023): Found entity 1: shift_taps_5gv File: D:/Arcade/AI/s32/db/shift_taps_5gv.tdf Line: 27
Info (12021): Found 1 design units, including 1 entities, in source file db/altsyncram_dr91.tdf
    Info (12023): Found entity 1: altsyncram_dr91 File: D:/Arcade/AI/s32/db/altsyncram_dr91.tdf Line: 28
Info (12021): Found 1 design units, including 1 entities, in source file db/cntr_9jf.tdf
    Info (12023): Found entity 1: cntr_9jf File: D:/Arcade/AI/s32/db/cntr_9jf.tdf Line: 28
Info (12021): Found 1 design units, including 1 entities, in source file db/cmpr_c9c.tdf
    Info (12023): Found entity 1: cmpr_c9c File: D:/Arcade/AI/s32/db/cmpr_c9c.tdf Line: 23
Info (12130): Elaborated megafunction instantiation "osd:vga_osd|altshift_taps:rdout2_rtl_0"
Info (12133): Instantiated megafunction "osd:vga_osd|altshift_taps:rdout2_rtl_0" with the following parameter:
    Info (12134): Parameter "NUMBER_OF_TAPS" = "2"
    Info (12134): Parameter "TAP_DISTANCE" = "3"
    Info (12134): Parameter "WIDTH" = "24"
    Info (12134): Parameter "POWER_UP_STATE" = "DONT_CARE"
Info (12021): Found 1 design units, including 1 entities, in source file db/shift_taps_tuu.tdf
    Info (12023): Found entity 1: shift_taps_tuu File: D:/Arcade/AI/s32/db/shift_taps_tuu.tdf Line: 27
Info (12021): Found 1 design units, including 1 entities, in source file db/altsyncram_tr91.tdf
    Info (12023): Found entity 1: altsyncram_tr91 File: D:/Arcade/AI/s32/db/altsyncram_tr91.tdf Line: 28
Info (12021): Found 1 design units, including 1 entities, in source file db/cntr_ohf.tdf
    Info (12023): Found entity 1: cntr_ohf File: D:/Arcade/AI/s32/db/cntr_ohf.tdf Line: 28
Info (12021): Found 1 design units, including 1 entities, in source file db/cmpr_a9c.tdf
    Info (12023): Found entity 1: cmpr_a9c File: D:/Arcade/AI/s32/db/cmpr_a9c.tdf Line: 23
Info (12130): Elaborated megafunction instantiation "ascal:ascal|altsyncram:o_h_poly_mem_rtl_0"
Info (12133): Instantiated megafunction "ascal:ascal|altsyncram:o_h_poly_mem_rtl_0" with the following parameter:
    Info (12134): Parameter "OPERATION_MODE" = "DUAL_PORT"
    Info (12134): Parameter "WIDTH_A" = "40"
    Info (12134): Parameter "WIDTHAD_A" = "8"
    Info (12134): Parameter "NUMWORDS_A" = "256"
    Info (12134): Parameter "WIDTH_B" = "40"
    Info (12134): Parameter "WIDTHAD_B" = "8"
    Info (12134): Parameter "NUMWORDS_B" = "256"
    Info (12134): Parameter "ADDRESS_ACLR_A" = "NONE"
    Info (12134): Parameter "OUTDATA_REG_B" = "UNREGISTERED"
    Info (12134): Parameter "ADDRESS_ACLR_B" = "NONE"
    Info (12134): Parameter "OUTDATA_ACLR_B" = "NONE"
    Info (12134): Parameter "ADDRESS_REG_B" = "CLOCK1"
    Info (12134): Parameter "INDATA_ACLR_A" = "NONE"
    Info (12134): Parameter "WRCONTROL_ACLR_A" = "NONE"
Info (12021): Found 1 design units, including 1 entities, in source file db/altsyncram_o9j1.tdf
    Info (12023): Found entity 1: altsyncram_o9j1 File: D:/Arcade/AI/s32/db/altsyncram_o9j1.tdf Line: 28
Info (12130): Elaborated megafunction instantiation "emu:emu|s32_core:core|altsyncram:comm_ram_rtl_0"
Info (12133): Instantiated megafunction "emu:emu|s32_core:core|altsyncram:comm_ram_rtl_0" with the following parameter:
    Info (12134): Parameter "OPERATION_MODE" = "DUAL_PORT"
    Info (12134): Parameter "WIDTH_A" = "8"
    Info (12134): Parameter "WIDTHAD_A" = "11"
    Info (12134): Parameter "NUMWORDS_A" = "2048"
    Info (12134): Parameter "WIDTH_B" = "8"
    Info (12134): Parameter "WIDTHAD_B" = "11"
    Info (12134): Parameter "NUMWORDS_B" = "2048"
    Info (12134): Parameter "ADDRESS_ACLR_A" = "NONE"
    Info (12134): Parameter "OUTDATA_REG_B" = "UNREGISTERED"
    Info (12134): Parameter "ADDRESS_ACLR_B" = "NONE"
    Info (12134): Parameter "OUTDATA_ACLR_B" = "NONE"
    Info (12134): Parameter "ADDRESS_REG_B" = "CLOCK0"
    Info (12134): Parameter "INDATA_ACLR_A" = "NONE"
    Info (12134): Parameter "WRCONTROL_ACLR_A" = "NONE"
    Info (12134): Parameter "INIT_FILE" = "db/s32Alien3.ram0_s32_core_ef98aca.hdl.mif"
    Info (12134): Parameter "READ_DURING_WRITE_MODE_MIXED_PORTS" = "OLD_DATA"
Info (12021): Found 1 design units, including 1 entities, in source file db/altsyncram_qvr1.tdf
    Info (12023): Found entity 1: altsyncram_qvr1 File: D:/Arcade/AI/s32/db/altsyncram_qvr1.tdf Line: 28
Info (12130): Elaborated megafunction instantiation "emu:emu|s32_core:core|s32_linebuf:shared_lbuf|altsyncram:lbuf_text_b0_rtl_0"
Info (12133): Instantiated megafunction "emu:emu|s32_core:core|s32_linebuf:shared_lbuf|altsyncram:lbuf_text_b0_rtl_0" with the following parameter:
    Info (12134): Parameter "OPERATION_MODE" = "DUAL_PORT"
    Info (12134): Parameter "WIDTH_A" = "14"
    Info (12134): Parameter "WIDTHAD_A" = "9"
    Info (12134): Parameter "NUMWORDS_A" = "512"
    Info (12134): Parameter "WIDTH_B" = "14"
    Info (12134): Parameter "WIDTHAD_B" = "9"
    Info (12134): Parameter "NUMWORDS_B" = "512"
    Info (12134): Parameter "ADDRESS_ACLR_A" = "NONE"
    Info (12134): Parameter "OUTDATA_REG_B" = "UNREGISTERED"
    Info (12134): Parameter "ADDRESS_ACLR_B" = "NONE"
    Info (12134): Parameter "OUTDATA_ACLR_B" = "NONE"
    Info (12134): Parameter "ADDRESS_REG_B" = "CLOCK0"
    Info (12134): Parameter "INDATA_ACLR_A" = "NONE"
    Info (12134): Parameter "WRCONTROL_ACLR_A" = "NONE"
    Info (12134): Parameter "INIT_FILE" = "db/s32Alien3.ram0_s32_linebuf_dafd803b.hdl.mif"
    Info (12134): Parameter "READ_DURING_WRITE_MODE_MIXED_PORTS" = "OLD_DATA"
Info (12021): Found 1 design units, including 1 entities, in source file db/altsyncram_t7s1.tdf
    Info (12023): Found entity 1: altsyncram_t7s1 File: D:/Arcade/AI/s32/db/altsyncram_t7s1.tdf Line: 28
Info (12130): Elaborated megafunction instantiation "emu:emu|s32_core:core|s32_linebuf:shared_lbuf|altsyncram:lbuf_text_b1_rtl_0"
Info (12133): Instantiated megafunction "emu:emu|s32_core:core|s32_linebuf:shared_lbuf|altsyncram:lbuf_text_b1_rtl_0" with the following parameter:
    Info (12134): Parameter "OPERATION_MODE" = "DUAL_PORT"
    Info (12134): Parameter "WIDTH_A" = "14"
    Info (12134): Parameter "WIDTHAD_A" = "9"
    Info (12134): Parameter "NUMWORDS_A" = "512"
    Info (12134): Parameter "WIDTH_B" = "14"
    Info (12134): Parameter "WIDTHAD_B" = "9"
    Info (12134): Parameter "NUMWORDS_B" = "512"
    Info (12134): Parameter "ADDRESS_ACLR_A" = "NONE"
    Info (12134): Parameter "OUTDATA_REG_B" = "UNREGISTERED"
    Info (12134): Parameter "ADDRESS_ACLR_B" = "NONE"
    Info (12134): Parameter "OUTDATA_ACLR_B" = "NONE"
    Info (12134): Parameter "ADDRESS_REG_B" = "CLOCK0"
    Info (12134): Parameter "INDATA_ACLR_A" = "NONE"
    Info (12134): Parameter "WRCONTROL_ACLR_A" = "NONE"
    Info (12134): Parameter "INIT_FILE" = "db/s32Alien3.ram1_s32_linebuf_dafd803b.hdl.mif"
    Info (12134): Parameter "READ_DURING_WRITE_MODE_MIXED_PORTS" = "OLD_DATA"
Info (12021): Found 1 design units, including 1 entities, in source file db/altsyncram_u7s1.tdf
    Info (12023): Found entity 1: altsyncram_u7s1 File: D:/Arcade/AI/s32/db/altsyncram_u7s1.tdf Line: 28
Info (12130): Elaborated megafunction instantiation "emu:emu|s32_core:core|s32_linebuf:shared_lbuf|altsyncram:lbuf_nbg0_b0_rtl_0"
Info (12133): Instantiated megafunction "emu:emu|s32_core:core|s32_linebuf:shared_lbuf|altsyncram:lbuf_nbg0_b0_rtl_0" with the following parameter:
    Info (12134): Parameter "OPERATION_MODE" = "DUAL_PORT"
    Info (12134): Parameter "WIDTH_A" = "14"
    Info (12134): Parameter "WIDTHAD_A" = "9"
    Info (12134): Parameter "NUMWORDS_A" = "512"
    Info (12134): Parameter "WIDTH_B" = "14"
    Info (12134): Parameter "WIDTHAD_B" = "9"
    Info (12134): Parameter "NUMWORDS_B" = "512"
    Info (12134): Parameter "ADDRESS_ACLR_A" = "NONE"
    Info (12134): Parameter "OUTDATA_REG_B" = "UNREGISTERED"
    Info (12134): Parameter "ADDRESS_ACLR_B" = "NONE"
    Info (12134): Parameter "OUTDATA_ACLR_B" = "NONE"
    Info (12134): Parameter "ADDRESS_REG_B" = "CLOCK0"
    Info (12134): Parameter "INDATA_ACLR_A" = "NONE"
    Info (12134): Parameter "WRCONTROL_ACLR_A" = "NONE"
    Info (12134): Parameter "INIT_FILE" = "db/s32Alien3.ram2_s32_linebuf_dafd803b.hdl.mif"
    Info (12134): Parameter "READ_DURING_WRITE_MODE_MIXED_PORTS" = "OLD_DATA"
Info (12021): Found 1 design units, including 1 entities, in source file db/altsyncram_v7s1.tdf
    Info (12023): Found entity 1: altsyncram_v7s1 File: D:/Arcade/AI/s32/db/altsyncram_v7s1.tdf Line: 28
Info (12130): Elaborated megafunction instantiation "emu:emu|s32_core:core|s32_linebuf:shared_lbuf|altsyncram:lbuf_nbg0_b1_rtl_0"
Info (12133): Instantiated megafunction "emu:emu|s32_core:core|s32_linebuf:shared_lbuf|altsyncram:lbuf_nbg0_b1_rtl_0" with the following parameter:
    Info (12134): Parameter "OPERATION_MODE" = "DUAL_PORT"
    Info (12134): Parameter "WIDTH_A" = "14"
    Info (12134): Parameter "WIDTHAD_A" = "9"
    Info (12134): Parameter "NUMWORDS_A" = "512"
    Info (12134): Parameter "WIDTH_B" = "14"
    Info (12134): Parameter "WIDTHAD_B" = "9"
    Info (12134): Parameter "NUMWORDS_B" = "512"
    Info (12134): Parameter "ADDRESS_ACLR_A" = "NONE"
    Info (12134): Parameter "OUTDATA_REG_B" = "UNREGISTERED"
    Info (12134): Parameter "ADDRESS_ACLR_B" = "NONE"
    Info (12134): Parameter "OUTDATA_ACLR_B" = "NONE"
    Info (12134): Parameter "ADDRESS_REG_B" = "CLOCK0"
    Info (12134): Parameter "INDATA_ACLR_A" = "NONE"
    Info (12134): Parameter "WRCONTROL_ACLR_A" = "NONE"
    Info (12134): Parameter "INIT_FILE" = "db/s32Alien3.ram3_s32_linebuf_dafd803b.hdl.mif"
    Info (12134): Parameter "READ_DURING_WRITE_MODE_MIXED_PORTS" = "OLD_DATA"
Info (12021): Found 1 design units, including 1 entities, in source file db/altsyncram_08s1.tdf
    Info (12023): Found entity 1: altsyncram_08s1 File: D:/Arcade/AI/s32/db/altsyncram_08s1.tdf Line: 28
Info (12130): Elaborated megafunction instantiation "emu:emu|s32_core:core|s32_linebuf:shared_lbuf|altsyncram:lbuf_nbg1_b0_rtl_0"
Info (12133): Instantiated megafunction "emu:emu|s32_core:core|s32_linebuf:shared_lbuf|altsyncram:lbuf_nbg1_b0_rtl_0" with the following parameter:
    Info (12134): Parameter "OPERATION_MODE" = "DUAL_PORT"
    Info (12134): Parameter "WIDTH_A" = "14"
    Info (12134): Parameter "WIDTHAD_A" = "9"
    Info (12134): Parameter "NUMWORDS_A" = "512"
    Info (12134): Parameter "WIDTH_B" = "14"
    Info (12134): Parameter "WIDTHAD_B" = "9"
    Info (12134): Parameter "NUMWORDS_B" = "512"
    Info (12134): Parameter "ADDRESS_ACLR_A" = "NONE"
    Info (12134): Parameter "OUTDATA_REG_B" = "UNREGISTERED"
    Info (12134): Parameter "ADDRESS_ACLR_B" = "NONE"
    Info (12134): Parameter "OUTDATA_ACLR_B" = "NONE"
    Info (12134): Parameter "ADDRESS_REG_B" = "CLOCK0"
    Info (12134): Parameter "INDATA_ACLR_A" = "NONE"
    Info (12134): Parameter "WRCONTROL_ACLR_A" = "NONE"
    Info (12134): Parameter "INIT_FILE" = "db/s32Alien3.ram4_s32_linebuf_dafd803b.hdl.mif"
    Info (12134): Parameter "READ_DURING_WRITE_MODE_MIXED_PORTS" = "OLD_DATA"
Info (12021): Found 1 design units, including 1 entities, in source file db/altsyncram_18s1.tdf
    Info (12023): Found entity 1: altsyncram_18s1 File: D:/Arcade/AI/s32/db/altsyncram_18s1.tdf Line: 28
Info (12130): Elaborated megafunction instantiation "emu:emu|s32_core:core|s32_linebuf:shared_lbuf|altsyncram:lbuf_nbg1_b1_rtl_0"
Info (12133): Instantiated megafunction "emu:emu|s32_core:core|s32_linebuf:shared_lbuf|altsyncram:lbuf_nbg1_b1_rtl_0" with the following parameter:
    Info (12134): Parameter "OPERATION_MODE" = "DUAL_PORT"
    Info (12134): Parameter "WIDTH_A" = "14"
    Info (12134): Parameter "WIDTHAD_A" = "9"
    Info (12134): Parameter "NUMWORDS_A" = "512"
    Info (12134): Parameter "WIDTH_B" = "14"
    Info (12134): Parameter "WIDTHAD_B" = "9"
    Info (12134): Parameter "NUMWORDS_B" = "512"
    Info (12134): Parameter "ADDRESS_ACLR_A" = "NONE"
    Info (12134): Parameter "OUTDATA_REG_B" = "UNREGISTERED"
    Info (12134): Parameter "ADDRESS_ACLR_B" = "NONE"
    Info (12134): Parameter "OUTDATA_ACLR_B" = "NONE"
    Info (12134): Parameter "ADDRESS_REG_B" = "CLOCK0"
    Info (12134): Parameter "INDATA_ACLR_A" = "NONE"
    Info (12134): Parameter "WRCONTROL_ACLR_A" = "NONE"
    Info (12134): Parameter "INIT_FILE" = "db/s32Alien3.ram5_s32_linebuf_dafd803b.hdl.mif"
    Info (12134): Parameter "READ_DURING_WRITE_MODE_MIXED_PORTS" = "OLD_DATA"
Info (12021): Found 1 design units, including 1 entities, in source file db/altsyncram_28s1.tdf
    Info (12023): Found entity 1: altsyncram_28s1 File: D:/Arcade/AI/s32/db/altsyncram_28s1.tdf Line: 28
Info (12130): Elaborated megafunction instantiation "emu:emu|s32_core:core|s32_linebuf:shared_lbuf|altsyncram:lbuf_nbg2_b0_rtl_0"
Info (12133): Instantiated megafunction "emu:emu|s32_core:core|s32_linebuf:shared_lbuf|altsyncram:lbuf_nbg2_b0_rtl_0" with the following parameter:
    Info (12134): Parameter "OPERATION_MODE" = "DUAL_PORT"
    Info (12134): Parameter "WIDTH_A" = "14"
    Info (12134): Parameter "WIDTHAD_A" = "9"
    Info (12134): Parameter "NUMWORDS_A" = "512"
    Info (12134): Parameter "WIDTH_B" = "14"
    Info (12134): Parameter "WIDTHAD_B" = "9"
    Info (12134): Parameter "NUMWORDS_B" = "512"
    Info (12134): Parameter "ADDRESS_ACLR_A" = "NONE"
    Info (12134): Parameter "OUTDATA_REG_B" = "UNREGISTERED"
    Info (12134): Parameter "ADDRESS_ACLR_B" = "NONE"
    Info (12134): Parameter "OUTDATA_ACLR_B" = "NONE"
    Info (12134): Parameter "ADDRESS_REG_B" = "CLOCK0"
    Info (12134): Parameter "INDATA_ACLR_A" = "NONE"
    Info (12134): Parameter "WRCONTROL_ACLR_A" = "NONE"
    Info (12134): Parameter "INIT_FILE" = "db/s32Alien3.ram6_s32_linebuf_dafd803b.hdl.mif"
    Info (12134): Parameter "READ_DURING_WRITE_MODE_MIXED_PORTS" = "OLD_DATA"
Info (12021): Found 1 design units, including 1 entities, in source file db/altsyncram_38s1.tdf
    Info (12023): Found entity 1: altsyncram_38s1 File: D:/Arcade/AI/s32/db/altsyncram_38s1.tdf Line: 28
Info (12130): Elaborated megafunction instantiation "emu:emu|s32_core:core|s32_linebuf:shared_lbuf|altsyncram:lbuf_nbg2_b1_rtl_0"
Info (12133): Instantiated megafunction "emu:emu|s32_core:core|s32_linebuf:shared_lbuf|altsyncram:lbuf_nbg2_b1_rtl_0" with the following parameter:
    Info (12134): Parameter "OPERATION_MODE" = "DUAL_PORT"
    Info (12134): Parameter "WIDTH_A" = "14"
    Info (12134): Parameter "WIDTHAD_A" = "9"
    Info (12134): Parameter "NUMWORDS_A" = "512"
    Info (12134): Parameter "WIDTH_B" = "14"
    Info (12134): Parameter "WIDTHAD_B" = "9"
    Info (12134): Parameter "NUMWORDS_B" = "512"
    Info (12134): Parameter "ADDRESS_ACLR_A" = "NONE"
    Info (12134): Parameter "OUTDATA_REG_B" = "UNREGISTERED"
    Info (12134): Parameter "ADDRESS_ACLR_B" = "NONE"
    Info (12134): Parameter "OUTDATA_ACLR_B" = "NONE"
    Info (12134): Parameter "ADDRESS_REG_B" = "CLOCK0"
    Info (12134): Parameter "INDATA_ACLR_A" = "NONE"
    Info (12134): Parameter "WRCONTROL_ACLR_A" = "NONE"
    Info (12134): Parameter "INIT_FILE" = "db/s32Alien3.ram7_s32_linebuf_dafd803b.hdl.mif"
    Info (12134): Parameter "READ_DURING_WRITE_MODE_MIXED_PORTS" = "OLD_DATA"
Info (12021): Found 1 design units, including 1 entities, in source file db/altsyncram_48s1.tdf
    Info (12023): Found entity 1: altsyncram_48s1 File: D:/Arcade/AI/s32/db/altsyncram_48s1.tdf Line: 28
Info (12130): Elaborated megafunction instantiation "emu:emu|s32_core:core|s32_linebuf:shared_lbuf|altsyncram:lbuf_nbg3_b0_rtl_0"
Info (12133): Instantiated megafunction "emu:emu|s32_core:core|s32_linebuf:shared_lbuf|altsyncram:lbuf_nbg3_b0_rtl_0" with the following parameter:
    Info (12134): Parameter "OPERATION_MODE" = "DUAL_PORT"
    Info (12134): Parameter "WIDTH_A" = "14"
    Info (12134): Parameter "WIDTHAD_A" = "9"
    Info (12134): Parameter "NUMWORDS_A" = "512"
    Info (12134): Parameter "WIDTH_B" = "14"
    Info (12134): Parameter "WIDTHAD_B" = "9"
    Info (12134): Parameter "NUMWORDS_B" = "512"
    Info (12134): Parameter "ADDRESS_ACLR_A" = "NONE"
    Info (12134): Parameter "OUTDATA_REG_B" = "UNREGISTERED"
    Info (12134): Parameter "ADDRESS_ACLR_B" = "NONE"
    Info (12134): Parameter "OUTDATA_ACLR_B" = "NONE"
    Info (12134): Parameter "ADDRESS_REG_B" = "CLOCK0"
    Info (12134): Parameter "INDATA_ACLR_A" = "NONE"
    Info (12134): Parameter "WRCONTROL_ACLR_A" = "NONE"
    Info (12134): Parameter "INIT_FILE" = "db/s32Alien3.ram8_s32_linebuf_dafd803b.hdl.mif"
    Info (12134): Parameter "READ_DURING_WRITE_MODE_MIXED_PORTS" = "OLD_DATA"
Info (12021): Found 1 design units, including 1 entities, in source file db/altsyncram_58s1.tdf
    Info (12023): Found entity 1: altsyncram_58s1 File: D:/Arcade/AI/s32/db/altsyncram_58s1.tdf Line: 28
Info (12130): Elaborated megafunction instantiation "emu:emu|s32_core:core|s32_linebuf:shared_lbuf|altsyncram:lbuf_nbg3_b1_rtl_0"
Info (12133): Instantiated megafunction "emu:emu|s32_core:core|s32_linebuf:shared_lbuf|altsyncram:lbuf_nbg3_b1_rtl_0" with the following parameter:
    Info (12134): Parameter "OPERATION_MODE" = "DUAL_PORT"
    Info (12134): Parameter "WIDTH_A" = "14"
    Info (12134): Parameter "WIDTHAD_A" = "9"
    Info (12134): Parameter "NUMWORDS_A" = "512"
    Info (12134): Parameter "WIDTH_B" = "14"
    Info (12134): Parameter "WIDTHAD_B" = "9"
    Info (12134): Parameter "NUMWORDS_B" = "512"
    Info (12134): Parameter "ADDRESS_ACLR_A" = "NONE"
    Info (12134): Parameter "OUTDATA_REG_B" = "UNREGISTERED"
    Info (12134): Parameter "ADDRESS_ACLR_B" = "NONE"
    Info (12134): Parameter "OUTDATA_ACLR_B" = "NONE"
    Info (12134): Parameter "ADDRESS_REG_B" = "CLOCK0"
    Info (12134): Parameter "INDATA_ACLR_A" = "NONE"
    Info (12134): Parameter "WRCONTROL_ACLR_A" = "NONE"
    Info (12134): Parameter "INIT_FILE" = "db/s32Alien3.ram9_s32_linebuf_dafd803b.hdl.mif"
    Info (12134): Parameter "READ_DURING_WRITE_MODE_MIXED_PORTS" = "OLD_DATA"
Info (12021): Found 1 design units, including 1 entities, in source file db/altsyncram_68s1.tdf
    Info (12023): Found entity 1: altsyncram_68s1 File: D:/Arcade/AI/s32/db/altsyncram_68s1.tdf Line: 28
Info (12130): Elaborated megafunction instantiation "emu:emu|s32_core:core|s32_linebuf:shared_lbuf|altsyncram:lbuf_bmp_b0_rtl_0"
Info (12133): Instantiated megafunction "emu:emu|s32_core:core|s32_linebuf:shared_lbuf|altsyncram:lbuf_bmp_b0_rtl_0" with the following parameter:
    Info (12134): Parameter "OPERATION_MODE" = "DUAL_PORT"
    Info (12134): Parameter "WIDTH_A" = "14"
    Info (12134): Parameter "WIDTHAD_A" = "9"
    Info (12134): Parameter "NUMWORDS_A" = "512"
    Info (12134): Parameter "WIDTH_B" = "14"
    Info (12134): Parameter "WIDTHAD_B" = "9"
    Info (12134): Parameter "NUMWORDS_B" = "512"
    Info (12134): Parameter "ADDRESS_ACLR_A" = "NONE"
    Info (12134): Parameter "OUTDATA_REG_B" = "UNREGISTERED"
    Info (12134): Parameter "ADDRESS_ACLR_B" = "NONE"
    Info (12134): Parameter "OUTDATA_ACLR_B" = "NONE"
    Info (12134): Parameter "ADDRESS_REG_B" = "CLOCK0"
    Info (12134): Parameter "INDATA_ACLR_A" = "NONE"
    Info (12134): Parameter "WRCONTROL_ACLR_A" = "NONE"
    Info (12134): Parameter "INIT_FILE" = "db/s32Alien3.ram10_s32_linebuf_dafd803b.hdl.mif"
    Info (12134): Parameter "READ_DURING_WRITE_MODE_MIXED_PORTS" = "OLD_DATA"
Info (12021): Found 1 design units, including 1 entities, in source file db/altsyncram_e9s1.tdf
    Info (12023): Found entity 1: altsyncram_e9s1 File: D:/Arcade/AI/s32/db/altsyncram_e9s1.tdf Line: 28
Info (12130): Elaborated megafunction instantiation "emu:emu|s32_core:core|s32_linebuf:shared_lbuf|altsyncram:lbuf_bmp_b1_rtl_0"
Info (12133): Instantiated megafunction "emu:emu|s32_core:core|s32_linebuf:shared_lbuf|altsyncram:lbuf_bmp_b1_rtl_0" with the following parameter:
    Info (12134): Parameter "OPERATION_MODE" = "DUAL_PORT"
    Info (12134): Parameter "WIDTH_A" = "14"
    Info (12134): Parameter "WIDTHAD_A" = "9"
    Info (12134): Parameter "NUMWORDS_A" = "512"
    Info (12134): Parameter "WIDTH_B" = "14"
    Info (12134): Parameter "WIDTHAD_B" = "9"
    Info (12134): Parameter "NUMWORDS_B" = "512"
    Info (12134): Parameter "ADDRESS_ACLR_A" = "NONE"
    Info (12134): Parameter "OUTDATA_REG_B" = "UNREGISTERED"
    Info (12134): Parameter "ADDRESS_ACLR_B" = "NONE"
    Info (12134): Parameter "OUTDATA_ACLR_B" = "NONE"
    Info (12134): Parameter "ADDRESS_REG_B" = "CLOCK0"
    Info (12134): Parameter "INDATA_ACLR_A" = "NONE"
    Info (12134): Parameter "WRCONTROL_ACLR_A" = "NONE"
    Info (12134): Parameter "INIT_FILE" = "db/s32Alien3.ram11_s32_linebuf_dafd803b.hdl.mif"
    Info (12134): Parameter "READ_DURING_WRITE_MODE_MIXED_PORTS" = "OLD_DATA"
Info (12021): Found 1 design units, including 1 entities, in source file db/altsyncram_f9s1.tdf
    Info (12023): Found entity 1: altsyncram_f9s1 File: D:/Arcade/AI/s32/db/altsyncram_f9s1.tdf Line: 28
Info (12130): Elaborated megafunction instantiation "emu:emu|s32_core:core|s32_soundsys:sound|jt12:fm2|jt12_top:u_jt12|jt12_op:u_op|jt12_exprom:u_exprom|altsyncram:explut_jt51_rtl_0"
Info (12133): Instantiated megafunction "emu:emu|s32_core:core|s32_soundsys:sound|jt12:fm2|jt12_top:u_jt12|jt12_op:u_op|jt12_exprom:u_exprom|altsyncram:explut_jt51_rtl_0" with the following parameter:
    Info (12134): Parameter "OPERATION_MODE" = "ROM"
    Info (12134): Parameter "WIDTH_A" = "10"
    Info (12134): Parameter "WIDTHAD_A" = "8"
    Info (12134): Parameter "NUMWORDS_A" = "256"
    Info (12134): Parameter "OUTDATA_REG_A" = "UNREGISTERED"
    Info (12134): Parameter "ADDRESS_ACLR_A" = "NONE"
    Info (12134): Parameter "OUTDATA_ACLR_A" = "NONE"
    Info (12134): Parameter "INDATA_ACLR_A" = "NONE"
    Info (12134): Parameter "WRCONTROL_ACLR_A" = "NONE"
    Info (12134): Parameter "INIT_FILE" = "db/s32Alien3.ram0_jt12_exprom_ef3db0f0.hdl.mif"
Info (12021): Found 1 design units, including 1 entities, in source file db/altsyncram_7ee1.tdf
    Info (12023): Found entity 1: altsyncram_7ee1 File: D:/Arcade/AI/s32/db/altsyncram_7ee1.tdf Line: 28
Info (12130): Elaborated megafunction instantiation "emu:emu|s32_core:core|s32_soundsys:sound|jt12:fm2|jt12_top:u_jt12|jt12_op:u_op|jt12_logsin:u_logsin|altsyncram:sinelut_rtl_0"
Info (12133): Instantiated megafunction "emu:emu|s32_core:core|s32_soundsys:sound|jt12:fm2|jt12_top:u_jt12|jt12_op:u_op|jt12_logsin:u_logsin|altsyncram:sinelut_rtl_0" with the following parameter:
    Info (12134): Parameter "OPERATION_MODE" = "ROM"
    Info (12134): Parameter "WIDTH_A" = "12"
    Info (12134): Parameter "WIDTHAD_A" = "8"
    Info (12134): Parameter "NUMWORDS_A" = "256"
    Info (12134): Parameter "OUTDATA_REG_A" = "UNREGISTERED"
    Info (12134): Parameter "ADDRESS_ACLR_A" = "NONE"
    Info (12134): Parameter "OUTDATA_ACLR_A" = "NONE"
    Info (12134): Parameter "INDATA_ACLR_A" = "NONE"
    Info (12134): Parameter "WRCONTROL_ACLR_A" = "NONE"
    Info (12134): Parameter "INIT_FILE" = "db/s32Alien3.ram0_jt12_logsin_ed1e88d6.hdl.mif"
Info (12021): Found 1 design units, including 1 entities, in source file db/altsyncram_pce1.tdf
    Info (12023): Found entity 1: altsyncram_pce1 File: D:/Arcade/AI/s32/db/altsyncram_pce1.tdf Line: 28
Info (12130): Elaborated megafunction instantiation "emu:emu|s32_core:core|s32_soundsys:sound|jt12:fm2|jt12_top:u_jt12|jt12_eg:u_eg|jt12_sh_rst:u_konsh|altshift_taps:bits_rtl_0"
Info (12133): Instantiated megafunction "emu:emu|s32_core:core|s32_soundsys:sound|jt12:fm2|jt12_top:u_jt12|jt12_eg:u_eg|jt12_sh_rst:u_konsh|altshift_taps:bits_rtl_0" with the following parameter:
    Info (12134): Parameter "NUMBER_OF_TAPS" = "1"
    Info (12134): Parameter "TAP_DISTANCE" = "22"
    Info (12134): Parameter "WIDTH" = "25"
    Info (12134): Parameter "POWER_UP_STATE" = "DONT_CARE"
    Info (12134): Parameter "RAM_BLOCK_TYPE" = "MLAB"
Info (12021): Found 1 design units, including 1 entities, in source file db/shift_taps_4i11.tdf
    Info (12023): Found entity 1: shift_taps_4i11 File: D:/Arcade/AI/s32/db/shift_taps_4i11.tdf Line: 27
Info (12021): Found 1 design units, including 1 entities, in source file db/dpram_5oh1.tdf
    Info (12023): Found entity 1: dpram_5oh1 File: D:/Arcade/AI/s32/db/dpram_5oh1.tdf Line: 26
Info (12021): Found 1 design units, including 1 entities, in source file db/cntr_cjf.tdf
    Info (12023): Found entity 1: cntr_cjf File: D:/Arcade/AI/s32/db/cntr_cjf.tdf Line: 28
Info (12021): Found 1 design units, including 1 entities, in source file db/cmpr_d9c.tdf
    Info (12023): Found entity 1: cmpr_d9c File: D:/Arcade/AI/s32/db/cmpr_d9c.tdf Line: 23
Info (12130): Elaborated megafunction instantiation "emu:emu|s32_core:core|s32_soundsys:sound|jt12:fm2|jt12_top:u_jt12|jt12_eg:u_eg|jt12_sh_rst:u_ssg_inv|altshift_taps:bits_rtl_0"
Info (12133): Instantiated megafunction "emu:emu|s32_core:core|s32_soundsys:sound|jt12:fm2|jt12_top:u_jt12|jt12_eg:u_eg|jt12_sh_rst:u_ssg_inv|altshift_taps:bits_rtl_0" with the following parameter:
    Info (12134): Parameter "NUMBER_OF_TAPS" = "1"
    Info (12134): Parameter "TAP_DISTANCE" = "19"
    Info (12134): Parameter "WIDTH" = "11"
    Info (12134): Parameter "POWER_UP_STATE" = "DONT_CARE"
    Info (12134): Parameter "RAM_BLOCK_TYPE" = "MLAB"
Info (12021): Found 1 design units, including 1 entities, in source file db/shift_taps_5i11.tdf
    Info (12023): Found entity 1: shift_taps_5i11 File: D:/Arcade/AI/s32/db/shift_taps_5i11.tdf Line: 27
Info (12021): Found 1 design units, including 1 entities, in source file db/dpram_6oh1.tdf
    Info (12023): Found entity 1: dpram_6oh1 File: D:/Arcade/AI/s32/db/dpram_6oh1.tdf Line: 26
Info (12021): Found 1 design units, including 1 entities, in source file db/cntr_ijf.tdf
    Info (12023): Found entity 1: cntr_ijf File: D:/Arcade/AI/s32/db/cntr_ijf.tdf Line: 28
Info (12130): Elaborated megafunction instantiation "emu:emu|s32_core:core|s32_soundsys:sound|jt12:fm2|jt12_top:u_jt12|jt12_mmr:u_mmr|jt12_reg:u_reg|jt12_csr:u_csr1|jt12_sh_rst:u_regch|altshift_taps:bits_rtl_0"
Info (12133): Instantiated megafunction "emu:emu|s32_core:core|s32_soundsys:sound|jt12:fm2|jt12_top:u_jt12|jt12_mmr:u_mmr|jt12_reg:u_reg|jt12_csr:u_csr1|jt12_sh_rst:u_regch|altshift_taps:bits_rtl_0" with the following parameter:
    Info (12134): Parameter "NUMBER_OF_TAPS" = "1"
    Info (12134): Parameter "TAP_DISTANCE" = "10"
    Info (12134): Parameter "WIDTH" = "84"
    Info (12134): Parameter "POWER_UP_STATE" = "DONT_CARE"
    Info (12134): Parameter "RAM_BLOCK_TYPE" = "MLAB"
Info (12021): Found 1 design units, including 1 entities, in source file db/shift_taps_6i11.tdf
    Info (12023): Found entity 1: shift_taps_6i11 File: D:/Arcade/AI/s32/db/shift_taps_6i11.tdf Line: 27
Info (12021): Found 1 design units, including 1 entities, in source file db/dpram_7oh1.tdf
    Info (12023): Found entity 1: dpram_7oh1 File: D:/Arcade/AI/s32/db/dpram_7oh1.tdf Line: 26
Info (12021): Found 1 design units, including 1 entities, in source file db/cntr_8jf.tdf
    Info (12023): Found entity 1: cntr_8jf File: D:/Arcade/AI/s32/db/cntr_8jf.tdf Line: 28
Info (12130): Elaborated megafunction instantiation "emu:emu|s32_core:core|s32_soundsys:sound|jt12:fm2|jt12_top:u_jt12|jt12_mmr:u_mmr|jt12_reg:u_reg|jt12_csr:u_csr1|jt12_sh_rst:u_regch|altshift_taps:bits_rtl_1"
Info (12133): Instantiated megafunction "emu:emu|s32_core:core|s32_soundsys:sound|jt12:fm2|jt12_top:u_jt12|jt12_mmr:u_mmr|jt12_reg:u_reg|jt12_csr:u_csr1|jt12_sh_rst:u_regch|altshift_taps:bits_rtl_1" with the following parameter:
    Info (12134): Parameter "NUMBER_OF_TAPS" = "1"
    Info (12134): Parameter "TAP_DISTANCE" = "9"
    Info (12134): Parameter "WIDTH" = "4"
    Info (12134): Parameter "POWER_UP_STATE" = "DONT_CARE"
    Info (12134): Parameter "RAM_BLOCK_TYPE" = "MLAB"
Info (12021): Found 1 design units, including 1 entities, in source file db/shift_taps_5f11.tdf
    Info (12023): Found entity 1: shift_taps_5f11 File: D:/Arcade/AI/s32/db/shift_taps_5f11.tdf Line: 27
Info (12021): Found 1 design units, including 1 entities, in source file db/dpram_5lh1.tdf
    Info (12023): Found entity 1: dpram_5lh1 File: D:/Arcade/AI/s32/db/dpram_5lh1.tdf Line: 26
Info (12021): Found 1 design units, including 1 entities, in source file db/cntr_0if.tdf
    Info (12023): Found entity 1: cntr_0if File: D:/Arcade/AI/s32/db/cntr_0if.tdf Line: 28
Info (12130): Elaborated megafunction instantiation "emu:emu|s32_core:core|s32_soundsys:sound|jt12:fm2|jt12_top:u_jt12|jt12_op:u_op|jt12_sh:phasemod_sh|altshift_taps:bits_rtl_0"
Info (12133): Instantiated megafunction "emu:emu|s32_core:core|s32_soundsys:sound|jt12:fm2|jt12_top:u_jt12|jt12_op:u_op|jt12_sh:phasemod_sh|altshift_taps:bits_rtl_0" with the following parameter:
    Info (12134): Parameter "NUMBER_OF_TAPS" = "1"
    Info (12134): Parameter "TAP_DISTANCE" = "4"
    Info (12134): Parameter "WIDTH" = "66"
    Info (12134): Parameter "POWER_UP_STATE" = "DONT_CARE"
    Info (12134): Parameter "RAM_BLOCK_TYPE" = "MLAB"
Info (12021): Found 1 design units, including 1 entities, in source file db/shift_taps_og11.tdf
    Info (12023): Found entity 1: shift_taps_og11 File: D:/Arcade/AI/s32/db/shift_taps_og11.tdf Line: 27
Info (12021): Found 1 design units, including 1 entities, in source file db/dpram_mmh1.tdf
    Info (12023): Found entity 1: dpram_mmh1 File: D:/Arcade/AI/s32/db/dpram_mmh1.tdf Line: 26
Info (12021): Found 1 design units, including 1 entities, in source file db/cntr_phf.tdf
    Info (12023): Found entity 1: cntr_phf File: D:/Arcade/AI/s32/db/cntr_phf.tdf Line: 26
Info (12130): Elaborated megafunction instantiation "osd:hdmi_osd|altsyncram:osd_buffer_rtl_0"
Info (12133): Instantiated megafunction "osd:hdmi_osd|altsyncram:osd_buffer_rtl_0" with the following parameter:
    Info (12134): Parameter "OPERATION_MODE" = "DUAL_PORT"
    Info (12134): Parameter "WIDTH_A" = "8"
    Info (12134): Parameter "WIDTHAD_A" = "12"
    Info (12134): Parameter "NUMWORDS_A" = "4096"
    Info (12134): Parameter "WIDTH_B" = "8"
    Info (12134): Parameter "WIDTHAD_B" = "12"
    Info (12134): Parameter "NUMWORDS_B" = "4096"
    Info (12134): Parameter "ADDRESS_ACLR_A" = "NONE"
    Info (12134): Parameter "OUTDATA_REG_B" = "UNREGISTERED"
    Info (12134): Parameter "ADDRESS_ACLR_B" = "NONE"
    Info (12134): Parameter "OUTDATA_ACLR_B" = "NONE"
    Info (12134): Parameter "ADDRESS_REG_B" = "CLOCK1"
    Info (12134): Parameter "INDATA_ACLR_A" = "NONE"
    Info (12134): Parameter "WRCONTROL_ACLR_A" = "NONE"
Info (12021): Found 1 design units, including 1 entities, in source file db/altsyncram_i6k1.tdf
    Info (12023): Found entity 1: altsyncram_i6k1 File: D:/Arcade/AI/s32/db/altsyncram_i6k1.tdf Line: 28
Info (12130): Elaborated megafunction instantiation "shadowmask:HDMI_shadowmask|altshift_taps:vid_rtl_0"
Info (12133): Instantiated megafunction "shadowmask:HDMI_shadowmask|altshift_taps:vid_rtl_0" with the following parameter:
    Info (12134): Parameter "NUMBER_OF_TAPS" = "1"
    Info (12134): Parameter "TAP_DISTANCE" = "4"
    Info (12134): Parameter "WIDTH" = "81"
    Info (12134): Parameter "POWER_UP_STATE" = "DONT_CARE"
Info (12021): Found 1 design units, including 1 entities, in source file db/shift_taps_0vu.tdf
    Info (12023): Found entity 1: shift_taps_0vu File: D:/Arcade/AI/s32/db/shift_taps_0vu.tdf Line: 27
Info (12021): Found 1 design units, including 1 entities, in source file db/altsyncram_pr91.tdf
    Info (12023): Found entity 1: altsyncram_pr91 File: D:/Arcade/AI/s32/db/altsyncram_pr91.tdf Line: 28
Info (12130): Elaborated megafunction instantiation "ascal:ascal|altshift_taps:o_vpix_inner[2].r_rtl_0"
Info (12133): Instantiated megafunction "ascal:ascal|altshift_taps:o_vpix_inner[2].r_rtl_0" with the following parameter:
    Info (12134): Parameter "NUMBER_OF_TAPS" = "1"
    Info (12134): Parameter "TAP_DISTANCE" = "4"
    Info (12134): Parameter "WIDTH" = "24"
    Info (12134): Parameter "POWER_UP_STATE" = "DONT_CARE"
Info (12021): Found 1 design units, including 1 entities, in source file db/shift_taps_agv.tdf
    Info (12023): Found entity 1: shift_taps_agv File: D:/Arcade/AI/s32/db/shift_taps_agv.tdf Line: 27
Info (12021): Found 1 design units, including 1 entities, in source file db/altsyncram_jr91.tdf
    Info (12023): Found entity 1: altsyncram_jr91 File: D:/Arcade/AI/s32/db/altsyncram_jr91.tdf Line: 28
Info (12130): Elaborated megafunction instantiation "ascal:ascal|altsyncram:i_dpram_rtl_0"
Info (12133): Instantiated megafunction "ascal:ascal|altsyncram:i_dpram_rtl_0" with the following parameter:
    Info (12134): Parameter "OPERATION_MODE" = "DUAL_PORT"
    Info (12134): Parameter "WIDTH_A" = "128"
    Info (12134): Parameter "WIDTHAD_A" = "5"
    Info (12134): Parameter "NUMWORDS_A" = "32"
    Info (12134): Parameter "WIDTH_B" = "128"
    Info (12134): Parameter "WIDTHAD_B" = "5"
    Info (12134): Parameter "NUMWORDS_B" = "32"
    Info (12134): Parameter "ADDRESS_ACLR_A" = "NONE"
    Info (12134): Parameter "OUTDATA_REG_B" = "UNREGISTERED"
    Info (12134): Parameter "ADDRESS_ACLR_B" = "NONE"
    Info (12134): Parameter "OUTDATA_ACLR_B" = "NONE"
    Info (12134): Parameter "ADDRESS_REG_B" = "CLOCK1"
    Info (12134): Parameter "INDATA_ACLR_A" = "NONE"
    Info (12134): Parameter "WRCONTROL_ACLR_A" = "NONE"
Info (12021): Found 1 design units, including 1 entities, in source file db/altsyncram_g9j1.tdf
    Info (12023): Found entity 1: altsyncram_g9j1 File: D:/Arcade/AI/s32/db/altsyncram_g9j1.tdf Line: 28
Info (12130): Elaborated megafunction instantiation "ascal:ascal|altsyncram:pal1_mem_rtl_0"
Info (12133): Instantiated megafunction "ascal:ascal|altsyncram:pal1_mem_rtl_0" with the following parameter:
    Info (12134): Parameter "OPERATION_MODE" = "DUAL_PORT"
    Info (12134): Parameter "WIDTH_A" = "48"
    Info (12134): Parameter "WIDTHAD_A" = "7"
    Info (12134): Parameter "NUMWORDS_A" = "128"
    Info (12134): Parameter "WIDTH_B" = "48"
    Info (12134): Parameter "WIDTHAD_B" = "7"
    Info (12134): Parameter "NUMWORDS_B" = "128"
    Info (12134): Parameter "ADDRESS_ACLR_A" = "NONE"
    Info (12134): Parameter "OUTDATA_REG_B" = "UNREGISTERED"
    Info (12134): Parameter "ADDRESS_ACLR_B" = "NONE"
    Info (12134): Parameter "OUTDATA_ACLR_B" = "NONE"
    Info (12134): Parameter "ADDRESS_REG_B" = "CLOCK1"
    Info (12134): Parameter "INDATA_ACLR_A" = "NONE"
    Info (12134): Parameter "WRCONTROL_ACLR_A" = "NONE"
Info (12021): Found 1 design units, including 1 entities, in source file db/altsyncram_2aj1.tdf
    Info (12023): Found entity 1: altsyncram_2aj1 File: D:/Arcade/AI/s32/db/altsyncram_2aj1.tdf Line: 28
Info (12130): Elaborated megafunction instantiation "audio_out:audio_out|aud_mix_top:audmix_r|altshift_taps:a1_rtl_0"
Info (12133): Instantiated megafunction "audio_out:audio_out|aud_mix_top:audmix_r|altshift_taps:a1_rtl_0" with the following parameter:
    Info (12134): Parameter "NUMBER_OF_TAPS" = "1"
    Info (12134): Parameter "TAP_DISTANCE" = "3"
    Info (12134): Parameter "WIDTH" = "32"
    Info (12134): Parameter "POWER_UP_STATE" = "DONT_CARE"
Info (12021): Found 1 design units, including 1 entities, in source file db/shift_taps_8gv.tdf
    Info (12023): Found entity 1: shift_taps_8gv File: D:/Arcade/AI/s32/db/shift_taps_8gv.tdf Line: 27
Info (12021): Found 1 design units, including 1 entities, in source file db/altsyncram_fr91.tdf
    Info (12023): Found entity 1: altsyncram_fr91 File: D:/Arcade/AI/s32/db/altsyncram_fr91.tdf Line: 28
Info (12130): Elaborated megafunction instantiation "osd:vga_osd|altsyncram:osd_buffer_rtl_0"
Info (12133): Instantiated megafunction "osd:vga_osd|altsyncram:osd_buffer_rtl_0" with the following parameter:
    Info (12134): Parameter "OPERATION_MODE" = "DUAL_PORT"
    Info (12134): Parameter "WIDTH_A" = "8"
    Info (12134): Parameter "WIDTHAD_A" = "12"
    Info (12134): Parameter "NUMWORDS_A" = "4096"
    Info (12134): Parameter "WIDTH_B" = "8"
    Info (12134): Parameter "WIDTHAD_B" = "12"
    Info (12134): Parameter "NUMWORDS_B" = "4096"
    Info (12134): Parameter "ADDRESS_ACLR_A" = "NONE"
    Info (12134): Parameter "OUTDATA_REG_B" = "UNREGISTERED"
    Info (12134): Parameter "ADDRESS_ACLR_B" = "NONE"
    Info (12134): Parameter "OUTDATA_ACLR_B" = "NONE"
    Info (12134): Parameter "ADDRESS_REG_B" = "CLOCK0"
    Info (12134): Parameter "INDATA_ACLR_A" = "NONE"
    Info (12134): Parameter "WRCONTROL_ACLR_A" = "NONE"
    Info (12134): Parameter "RDCONTROL_REG_B" = "CLOCK0"
Info (12021): Found 1 design units, including 1 entities, in source file db/altsyncram_0nl1.tdf
    Info (12023): Found entity 1: altsyncram_0nl1 File: D:/Arcade/AI/s32/db/altsyncram_0nl1.tdf Line: 28
Info (12130): Elaborated megafunction instantiation "ascal:ascal|altsyncram:o_dpram_rtl_0"
Info (12133): Instantiated megafunction "ascal:ascal|altsyncram:o_dpram_rtl_0" with the following parameter:
    Info (12134): Parameter "OPERATION_MODE" = "DUAL_PORT"
    Info (12134): Parameter "WIDTH_A" = "128"
    Info (12134): Parameter "WIDTHAD_A" = "5"
    Info (12134): Parameter "NUMWORDS_A" = "32"
    Info (12134): Parameter "WIDTH_B" = "128"
    Info (12134): Parameter "WIDTHAD_B" = "5"
    Info (12134): Parameter "NUMWORDS_B" = "32"
    Info (12134): Parameter "ADDRESS_ACLR_A" = "NONE"
    Info (12134): Parameter "OUTDATA_REG_B" = "CLOCK1"
    Info (12134): Parameter "ADDRESS_ACLR_B" = "NONE"
    Info (12134): Parameter "OUTDATA_ACLR_B" = "NONE"
    Info (12134): Parameter "ADDRESS_REG_B" = "CLOCK1"
    Info (12134): Parameter "INDATA_ACLR_A" = "NONE"
    Info (12134): Parameter "WRCONTROL_ACLR_A" = "NONE"
Info (12021): Found 1 design units, including 1 entities, in source file db/altsyncram_32k1.tdf
    Info (12023): Found entity 1: altsyncram_32k1 File: D:/Arcade/AI/s32/db/altsyncram_32k1.tdf Line: 28
Info (12130): Elaborated megafunction instantiation "vga_out:vga_scaler_out|altshift_taps:din1_rtl_0"
Info (12133): Instantiated megafunction "vga_out:vga_scaler_out|altshift_taps:din1_rtl_0" with the following parameter:
    Info (12134): Parameter "NUMBER_OF_TAPS" = "1"
    Info (12134): Parameter "TAP_DISTANCE" = "3"
    Info (12134): Parameter "WIDTH" = "31"
    Info (12134): Parameter "POWER_UP_STATE" = "DONT_CARE"
Info (12021): Found 1 design units, including 1 entities, in source file db/shift_taps_quu.tdf
    Info (12023): Found entity 1: shift_taps_quu File: D:/Arcade/AI/s32/db/shift_taps_quu.tdf Line: 27
Info (12021): Found 1 design units, including 1 entities, in source file db/altsyncram_er91.tdf
    Info (12023): Found entity 1: altsyncram_er91 File: D:/Arcade/AI/s32/db/altsyncram_er91.tdf Line: 28
Info (12130): Elaborated megafunction instantiation "emu:emu|s32_core:core|s32_v60:v60|lpm_divide:Div0" File: D:/Arcade/AI/s32/rtl/cpu/v60/s32_v60.sv Line: 425
Info (12133): Instantiated megafunction "emu:emu|s32_core:core|s32_v60:v60|lpm_divide:Div0" with the following parameter: File: D:/Arcade/AI/s32/rtl/cpu/v60/s32_v60.sv Line: 425
    Info (12134): Parameter "LPM_WIDTHN" = "7"
    Info (12134): Parameter "LPM_WIDTHD" = "4"
    Info (12134): Parameter "LPM_NREPRESENTATION" = "UNSIGNED"
    Info (12134): Parameter "LPM_DREPRESENTATION" = "UNSIGNED"
Info (12021): Found 1 design units, including 1 entities, in source file db/lpm_divide_4am.tdf
    Info (12023): Found entity 1: lpm_divide_4am File: D:/Arcade/AI/s32/db/lpm_divide_4am.tdf Line: 25
Info (12021): Found 1 design units, including 1 entities, in source file db/sign_div_unsign_akh.tdf
    Info (12023): Found entity 1: sign_div_unsign_akh File: D:/Arcade/AI/s32/db/sign_div_unsign_akh.tdf Line: 25
Info (12021): Found 1 design units, including 1 entities, in source file db/alt_u_div_qse.tdf
    Info (12023): Found entity 1: alt_u_div_qse File: D:/Arcade/AI/s32/db/alt_u_div_qse.tdf Line: 23
Warning (12241): 13 hierarchies have connectivity warnings - see the Connectivity Checks report folder
Info (17026): Resynthesizing 0 WYSIWYG logic cells and I/Os using "speed" technology mapper which leaves 7 WYSIWYG logic cells and I/Os untouched
Warning (14284): Synthesized away the following node(s):
    Warning (14285): Synthesized away the following LCELL buffer node(s):
        Warning (14320): Synthesized away node "pll_cfg_hdmi:pll_cfg_hdmi|phase_done" File: D:/Arcade/AI/s32/sys/pll_cfg/pll_cfg_hdmi.v Line: 165
Warning (13050): Open-drain buffer(s) that do not directly drive top-level pin(s) are removed
    Warning (13051): Converted the fanout from the open-drain buffer "HDMI_I2C_SCL" to the node "hdmi_scl_en" into a wire File: D:/Arcade/AI/s32/sys/sys_top.v Line: 30
Warning (13050): Open-drain buffer(s) that do not directly drive top-level pin(s) are removed
    Warning (13051): Converted the fanout from the open-drain buffer "emu:emu|SD_SCK" to the node "emu:emu|SD_SCK" into a wire File: D:/Arcade/AI/s32/Arcade-SegaSystem32.sv Line: 74
    Warning (13051): Converted the fanout from the open-drain buffer "emu:emu|SD_MOSI" to the node "emu:emu|SD_MOSI" into a wire File: D:/Arcade/AI/s32/Arcade-SegaSystem32.sv Line: 75
Warning (13024): Output pins are stuck at VCC or GND
    Warning (13410): Pin "SDRAM_nCS" is stuck at GND File: D:/Arcade/AI/s32/sys/sys_top.v Line: 54
    Warning (13410): Pin "SDRAM_CKE" is stuck at VCC File: D:/Arcade/AI/s32/sys/sys_top.v Line: 57
Info (17049): 1318 registers lost all their fanouts during netlist optimizations.
Info (17016): Found the following redundant logic cells in design
    Info (17048): Logic cell "pll_cfg_hdmi:pll_cfg_hdmi|generic_lcell_comb:lcell_dprio_read|combout" File: D:/Arcade/AI/s32/sys/pll_cfg/altera_pll_reconfig_core.v Line: 2179
    Info (17048): Logic cell "pll_cfg_hdmi:pll_cfg_hdmi|dyn_phase_shift:dyn_phase_shift_inst|generic_lcell_comb:lcell_cnt_sel_0|combout" File: D:/Arcade/AI/s32/sys/pll_cfg/altera_pll_reconfig_core.v Line: 2179
    Info (17048): Logic cell "pll_cfg_hdmi:pll_cfg_hdmi|dyn_phase_shift:dyn_phase_shift_inst|generic_lcell_comb:lcell_cnt_sel_1|combout" File: D:/Arcade/AI/s32/sys/pll_cfg/altera_pll_reconfig_core.v Line: 2179
    Info (17048): Logic cell "pll_cfg_hdmi:pll_cfg_hdmi|dyn_phase_shift:dyn_phase_shift_inst|generic_lcell_comb:lcell_cnt_sel_2|combout" File: D:/Arcade/AI/s32/sys/pll_cfg/altera_pll_reconfig_core.v Line: 2179
    Info (17048): Logic cell "pll_cfg_hdmi:pll_cfg_hdmi|dyn_phase_shift:dyn_phase_shift_inst|generic_lcell_comb:lcell_cnt_sel_3|combout" File: D:/Arcade/AI/s32/sys/pll_cfg/altera_pll_reconfig_core.v Line: 2179
    Info (17048): Logic cell "pll_cfg_hdmi:pll_cfg_hdmi|dyn_phase_shift:dyn_phase_shift_inst|generic_lcell_comb:lcell_cnt_sel_4|combout" File: D:/Arcade/AI/s32/sys/pll_cfg/altera_pll_reconfig_core.v Line: 2179
    Info (17048): Logic cell "pll_cfg_hdmi:pll_cfg_hdmi|generic_lcell_comb:lcell_fpll_0_1|combout" File: D:/Arcade/AI/s32/sys/pll_cfg/altera_pll_reconfig_core.v Line: 2179
    Info (17048): Logic cell "pll_cfg_hdmi:pll_cfg_hdmi|up_dn" File: D:/Arcade/AI/s32/sys/pll_cfg/pll_cfg_hdmi.v Line: 167
    Info (17048): Logic cell "pll_cfg_hdmi:pll_cfg_hdmi|phase_en" File: D:/Arcade/AI/s32/sys/pll_cfg/pll_cfg_hdmi.v Line: 166
    Info (17048): Logic cell "pll_cfg_hdmi:pll_cfg_hdmi|dprio_ser_shift_load" File: D:/Arcade/AI/s32/sys/pll_cfg/pll_cfg_hdmi.v Line: 159
    Info (17048): Logic cell "pll_cfg_hdmi:pll_cfg_hdmi|dyn_phase_shift:dyn_phase_shift_inst|gnd" File: D:/Arcade/AI/s32/sys/pll_cfg/altera_pll_reconfig_core.v Line: 1919
Info (144001): Generated suppressed messages file D:/Arcade/AI/s32/output_files/s32Alien3.map.smsg
Info (16010): Generating hard_block partition "hard_block:auto_generated_inst"
    Info (16011): Adding 42 node(s), including 2 DDIO, 4 PLL, 0 transceiver and 0 LCELL
Warning: RST port on the PLL is not properly connected on instance emu:emu|pll:pll|pll_pll_inst:pll_inst|altera_pll:altera_pll_i|general[0].gpll. The reset port on the PLL should be connected. If the PLL loses lock for any reason, you might need to manually reset the PLL in order to re-establish lock to the reference clock. File: d:/q17/quartus/libraries/megafunctions/altera_pll.v Line: 749
    Info: Must be connected
Warning: RST port on the PLL is not properly connected on instance pll_audio:pll_audio|pll_audio_0002:pll_audio_inst|altera_pll:altera_pll_i|general[0].gpll. The reset port on the PLL should be connected. If the PLL loses lock for any reason, you might need to manually reset the PLL in order to re-establish lock to the reference clock. File: d:/q17/quartus/libraries/megafunctions/altera_pll.v Line: 749
    Info: Must be connected
Warning: RST port on the PLL is not properly connected on instance emu:emu|pll:pll|pll_pll_inst:pll_inst|altera_pll:altera_pll_i|general[2].gpll. The reset port on the PLL should be connected. If the PLL loses lock for any reason, you might need to manually reset the PLL in order to re-establish lock to the reference clock. File: d:/q17/quartus/libraries/megafunctions/altera_pll.v Line: 749
    Info: Must be connected
Warning: RST port on the PLL is not properly connected on instance emu:emu|pll:pll|pll_pll_inst:pll_inst|altera_pll:altera_pll_i|general[1].gpll. The reset port on the PLL should be connected. If the PLL loses lock for any reason, you might need to manually reset the PLL in order to re-establish lock to the reference clock. File: d:/q17/quartus/libraries/megafunctions/altera_pll.v Line: 749
    Info: Must be connected
Warning (21074): Design contains 2 input pin(s) that do not drive logic
    Warning (15610): No output dependent on input pin "SD_SPI_MISO" File: D:/Arcade/AI/s32/sys/sys_top.v Line: 100
    Warning (15610): No output dependent on input pin "ADC_SDO" File: D:/Arcade/AI/s32/sys/sys_top.v Line: 110
Info (21057): Implemented 90925 device resources after synthesis - the final resource count might be different
    Info (21058): Implemented 16 input pins
    Info (21059): Implemented 97 output pins
    Info (21060): Implemented 32 bidirectional pins
    Info (21061): Implemented 88697 logic cells
    Info (21064): Implemented 2011 RAM segments
    Info (21065): Implemented 4 PLLs
    Info (21062): Implemented 49 DSP elements
Info: Quartus Prime Analysis & Synthesis was successful. 0 errors, 86 warnings
    Info: Peak virtual memory: 6417 megabytes
    Info: Processing ended: Tue Jul 28 11:35:23 2026
    Info: Elapsed time: 00:03:33
    Info: Total CPU time (on all processors): 00:03:53
Info: *******************************************************************
Info: Running Quartus Prime Fitter
    Info: Version 17.0.2 Build 602 07/19/2017 SJ Lite Edition
    Info: Processing started: Tue Jul 28 11:35:23 2026
Info: Command: quartus_fit --read_settings_files=off --write_settings_files=off s32Alien3 -c s32Alien3
Info: qfit2_default_script.tcl version: #1
Info: Project  = s32Alien3
Info: Revision = s32Alien3
Info (20032): Parallel compilation is enabled and will use up to 6 processors
Info (119006): Selected device 5CSEBA6U23I7 for design "s32Alien3"
Info (21077): Low junction temperature is -40 degrees C
Info (21077): High junction temperature is 100 degrees C
Warning: RST port on the PLL is not properly connected on instance emu:emu|pll:pll|pll_pll_inst:pll_inst|altera_pll:altera_pll_i|general[0].gpll. The reset port on the PLL should be connected. If the PLL loses lock for any reason, you might need to manually reset the PLL in order to re-establish lock to the reference clock. File: d:/q17/quartus/libraries/megafunctions/altera_pll.v Line: 749
    Info: Must be connected
Warning: RST port on the PLL is not properly connected on instance pll_audio:pll_audio|pll_audio_0002:pll_audio_inst|altera_pll:altera_pll_i|general[0].gpll. The reset port on the PLL should be connected. If the PLL loses lock for any reason, you might need to manually reset the PLL in order to re-establish lock to the reference clock. File: d:/q17/quartus/libraries/megafunctions/altera_pll.v Line: 749
    Info: Must be connected
Warning (21300): LOCKED port on the PLL is not properly connected on instance "pll_audio:pll_audio|pll_audio_0002:pll_audio_inst|altera_pll:altera_pll_i|general[0].gpll". The LOCKED port on the PLL should be connected when the FBOUTCLK port is connected. Although it is unnecessary to connect the LOCKED signal, any logic driven off of an output clock of the PLL will not know when the PLL is locked and ready.
Info (171001): Fitter is performing a Fast Fit compilation, which decreases Fitter effort to reduce compilation time
Warning (292013): Feature LogicLock is only available with a valid subscription license. You can purchase a software subscription to gain full access to this feature.
Warning (15714): Some pins have incomplete I/O assignments. Refer to the I/O Assignment Warnings report for details
Info (176045): Design uses memory blocks. Violating setup or hold times of memory block address registers for either read or write operations could cause memory contents to be corrupted. Make sure that all memory block address registers meet the setup and hold time requirements.
Info (184020): Starting Fitter periphery placement operations
Info (11178): Promoted 9 clocks (8 global, 1 regional)
    Info (11162): sysmem_lite:sysmem|sysmem_HPS_fpga_interfaces:fpga_interfaces|h2f_rst_n[0]~CLKENA0 with 31 fanout uses global clock CLKCTRL_G8
    Info (11162): sysmem_lite:sysmem|sysmem_HPS_fpga_interfaces:fpga_interfaces|h2f_user0_clk[0]~CLKENA0 with 938 fanout uses global clock CLKCTRL_G9
    Info (11162): hdmi_tx_clk~CLKENA0 with 84 fanout uses global clock CLKCTRL_G4
    Info (11162): pll_hdmi:pll_hdmi|pll_hdmi_0002:pll_hdmi_inst|altera_pll:altera_pll_i|altera_cyclonev_pll:cyclonev_pll|divclk[0]~CLKENA0 with 4448 fanout uses regional clock CLKCTRL_R39
        Info (11177): Node drives Regional Clock Region 1 from (0, 0) to (44, 36)
    Info (11162): vga_tx_clk~CLKENA0 with 3 fanout uses global clock CLKCTRL_G5
    Info (11162): emu:emu|pll:pll|pll_pll_inst:pll_inst|altera_pll:altera_pll_i|outclk_wire[0]~CLKENA0 with 22630 fanout uses global clock CLKCTRL_G7
    Info (11162): emu:emu|pll:pll|pll_pll_inst:pll_inst|altera_pll:altera_pll_i|outclk_wire[2]~CLKENA0 with 1 fanout uses global clock CLKCTRL_G11
    Info (11162): emu:emu|pll:pll|pll_pll_inst:pll_inst|altera_pll:altera_pll_i|outclk_wire[1]~CLKENA0 with 14555 fanout uses global clock CLKCTRL_G6
    Info (11162): pll_audio:pll_audio|pll_audio_0002:pll_audio_inst|altera_pll:altera_pll_i|outclk_wire[0]~CLKENA0 with 1221 fanout uses global clock CLKCTRL_G14
Info (11191): Automatically promoted 3 clocks (3 global)
    Info (11162): FPGA_CLK1_50~inputCLKENA0 with 705 fanout uses global clock CLKCTRL_G2
    Info (11162): FPGA_CLK2_50~inputCLKENA0 with 189 fanout uses global clock CLKCTRL_G0
    Info (11162): emu:emu|reset~1CLKENA0 with 374 fanout uses global clock CLKCTRL_G3
        Info (12525): This signal is driven by core routing -- it may be moved during placement to reduce routing delays
Info (184021): Fitter periphery placement operations ending: elapsed time is 00:00:01
Info (332164): Evaluating HDL-embedded SDC commands
    Info (332165): Entity altera_std_synchronizer
        Info (332166): set_false_path -to [get_keepers {*altera_std_synchronizer:*|din_s1}]
Info (332104): Reading SDC File: 'sys/sys_top.sdc'
Info (332110): Deriving PLL clocks
    Info (332110): create_generated_clock -source {pll_hdmi|pll_hdmi_inst|altera_pll_i|cyclonev_pll|counter[0].output_counter|vco0ph[0]} -divide_by 3 -duty_cycle 50.00 -name {pll_hdmi|pll_hdmi_inst|altera_pll_i|cyclonev_pll|counter[0].output_counter|divclk} {pll_hdmi|pll_hdmi_inst|altera_pll_i|cyclonev_pll|counter[0].output_counter|divclk}
    Info (332110): create_generated_clock -source {pll_hdmi|pll_hdmi_inst|altera_pll_i|cyclonev_pll|fpll_0|fpll|refclkin} -divide_by 512 -multiply_by 4563 -duty_cycle 50.00 -name {pll_hdmi|pll_hdmi_inst|altera_pll_i|cyclonev_pll|fpll_0|fpll|vcoph[0]} {pll_hdmi|pll_hdmi_inst|altera_pll_i|cyclonev_pll|fpll_0|fpll|vcoph[0]}
    Info (332110): create_generated_clock -source {emu|pll|pll_inst|altera_pll_i|general[0].gpll~FRACTIONAL_PLL|refclkin} -divide_by 8 -multiply_by 201 -duty_cycle 50.00 -name {emu|pll|pll_inst|altera_pll_i|general[0].gpll~FRACTIONAL_PLL|vcoph[0]} {emu|pll|pll_inst|altera_pll_i|general[0].gpll~FRACTIONAL_PLL|vcoph[0]}
    Info (332110): create_generated_clock -source {emu|pll|pll_inst|altera_pll_i|general[0].gpll~PLL_OUTPUT_COUNTER|vco0ph[0]} -divide_by 13 -duty_cycle 50.00 -name {emu|pll|pll_inst|altera_pll_i|general[0].gpll~PLL_OUTPUT_COUNTER|divclk} {emu|pll|pll_inst|altera_pll_i|general[0].gpll~PLL_OUTPUT_COUNTER|divclk}
    Info (332110): create_generated_clock -source {emu|pll|pll_inst|altera_pll_i|general[2].gpll~PLL_OUTPUT_COUNTER|vco0ph[0]} -divide_by 13 -phase 180.00 -duty_cycle 50.00 -name {emu|pll|pll_inst|altera_pll_i|general[2].gpll~PLL_OUTPUT_COUNTER|divclk} {emu|pll|pll_inst|altera_pll_i|general[2].gpll~PLL_OUTPUT_COUNTER|divclk}
    Info (332110): create_generated_clock -source {emu|pll|pll_inst|altera_pll_i|general[1].gpll~PLL_OUTPUT_COUNTER|vco0ph[0]} -divide_by 26 -duty_cycle 50.00 -name {emu|pll|pll_inst|altera_pll_i|general[1].gpll~PLL_OUTPUT_COUNTER|divclk} {emu|pll|pll_inst|altera_pll_i|general[1].gpll~PLL_OUTPUT_COUNTER|divclk}
    Info (332110): create_generated_clock -source {pll_audio|pll_audio_inst|altera_pll_i|general[0].gpll~FRACTIONAL_PLL|refclkin} -divide_by 512 -multiply_by 4279 -duty_cycle 50.00 -name {pll_audio|pll_audio_inst|altera_pll_i|general[0].gpll~FRACTIONAL_PLL|vcoph[0]} {pll_audio|pll_audio_inst|altera_pll_i|general[0].gpll~FRACTIONAL_PLL|vcoph[0]}
    Info (332110): create_generated_clock -source {pll_audio|pll_audio_inst|altera_pll_i|general[0].gpll~PLL_OUTPUT_COUNTER|vco0ph[0]} -divide_by 17 -duty_cycle 50.00 -name {pll_audio|pll_audio_inst|altera_pll_i|general[0].gpll~PLL_OUTPUT_COUNTER|divclk} {pll_audio|pll_audio_inst|altera_pll_i|general[0].gpll~PLL_OUTPUT_COUNTER|divclk}
Info (332151): Clock uncertainty is not calculated until you update the timing netlist.
Info (332104): Reading SDC File: 'Arcade-SegaSystem32.sdc'
Info (332151): Clock uncertainty is not calculated until you update the timing netlist.
Info: s32 SDC: dedicated no-FP profile has no fp_a registers
Info (332097): The following timing edges are non-unate.  TimeQuest will assume pos-unate behavior for these edges in the clock network.
    Info (332098): Cell: emu|pll|pll_inst|altera_pll_i|general[0].gpll~FRACTIONAL_PLL  from: refclkin  to: fbclk
    Info (332098): Cell: emu|pll|pll_inst|altera_pll_i|general[0].gpll~PLL_OUTPUT_COUNTER  from: vco0ph[0]  to: divclk
    Info (332098): Cell: emu|pll|pll_inst|altera_pll_i|general[0].gpll~PLL_REFCLK_SELECT  from: clkin[0]  to: clkout
    Info (332098): Cell: emu|pll|pll_inst|altera_pll_i|general[1].gpll~PLL_OUTPUT_COUNTER  from: vco0ph[0]  to: divclk
    Info (332098): Cell: emu|pll|pll_inst|altera_pll_i|general[2].gpll~PLL_OUTPUT_COUNTER  from: vco0ph[0]  to: divclk
    Info (332098): Cell: pll_audio|pll_audio_inst|altera_pll_i|general[0].gpll~FRACTIONAL_PLL  from: refclkin  to: fbclk
    Info (332098): Cell: pll_audio|pll_audio_inst|altera_pll_i|general[0].gpll~PLL_OUTPUT_COUNTER  from: vco0ph[0]  to: divclk
    Info (332098): Cell: pll_audio|pll_audio_inst|altera_pll_i|general[0].gpll~PLL_REFCLK_SELECT  from: clkin[0]  to: clkout
    Info (332098): Cell: pll_hdmi|pll_hdmi_inst|altera_pll_i|cyclonev_pll|counter[0].output_counter  from: vco0ph[0]  to: divclk
    Info (332098): Cell: pll_hdmi|pll_hdmi_inst|altera_pll_i|cyclonev_pll|fpll_0|REFCLK_SELECT  from: clkin[0]  to: clkout
    Info (332098): Cell: pll_hdmi|pll_hdmi_inst|altera_pll_i|cyclonev_pll|fpll_0|fpll  from: refclkin  to: fbclk
    Info (332098): From: sysmem|fpga_interfaces|f2sdram|cmd_port_clk_0  to: sysmem_lite:sysmem|sysmem_HPS_fpga_interfaces:fpga_interfaces|f2sdram~FF_762
    Info (332098): From: sysmem|fpga_interfaces|f2sdram|cmd_port_clk_1  to: sysmem_lite:sysmem|sysmem_HPS_fpga_interfaces:fpga_interfaces|f2sdram~FF_827
    Info (332098): From: sysmem|fpga_interfaces|f2sdram|cmd_port_clk_2  to: sysmem_lite:sysmem|sysmem_HPS_fpga_interfaces:fpga_interfaces|f2sdram~FF_920
    Info (332098): From: sysmem|fpga_interfaces|f2sdram|rd_clk_0  to: sysmem_lite:sysmem|sysmem_HPS_fpga_interfaces:fpga_interfaces|f2sdram~FF_7
    Info (332098): From: sysmem|fpga_interfaces|f2sdram|rd_clk_1  to: sysmem_lite:sysmem|sysmem_HPS_fpga_interfaces:fpga_interfaces|f2sdram~FF_6
    Info (332098): From: sysmem|fpga_interfaces|f2sdram|rd_clk_2  to: sysmem_lite:sysmem|sysmem_HPS_fpga_interfaces:fpga_interfaces|f2sdram~FF_5
    Info (332098): From: sysmem|fpga_interfaces|f2sdram|rd_clk_3  to: sysmem_lite:sysmem|sysmem_HPS_fpga_interfaces:fpga_interfaces|f2sdram~FF_4
    Info (332098): From: sysmem|fpga_interfaces|f2sdram|wr_clk_0  to: sysmem_lite:sysmem|sysmem_HPS_fpga_interfaces:fpga_interfaces|f2sdram~FF_3
    Info (332098): From: sysmem|fpga_interfaces|f2sdram|wr_clk_1  to: sysmem_lite:sysmem|sysmem_HPS_fpga_interfaces:fpga_interfaces|f2sdram~FF_2
    Info (332098): From: sysmem|fpga_interfaces|f2sdram|wr_clk_2  to: sysmem_lite:sysmem|sysmem_HPS_fpga_interfaces:fpga_interfaces|f2sdram~FF_1
    Info (332098): From: sysmem|fpga_interfaces|f2sdram|wr_clk_3  to: sysmem_lite:sysmem|sysmem_HPS_fpga_interfaces:fpga_interfaces|f2sdram~FF_0
Info (332123): Deriving Clock Uncertainty. Please refer to report_sdc in TimeQuest to see clock uncertainties.
Info (332129): Detected timing requirements -- optimizing circuit to achieve only the specified requirements
Info (332111): Found 14 clocks
    Info (332111):   Period   Clock Name
    Info (332111): ======== ============
    Info (332111):    0.796 emu|pll|pll_inst|altera_pll_i|general[0].gpll~FRACTIONAL_PLL|vcoph[0]
    Info (332111):   10.348 emu|pll|pll_inst|altera_pll_i|general[0].gpll~PLL_OUTPUT_COUNTER|divclk
    Info (332111):   20.696 emu|pll|pll_inst|altera_pll_i|general[1].gpll~PLL_OUTPUT_COUNTER|divclk
    Info (332111):   10.348 emu|pll|pll_inst|altera_pll_i|general[2].gpll~PLL_OUTPUT_COUNTER|divclk
    Info (332111):   20.000 FPGA_CLK1_50
    Info (332111):   20.000 FPGA_CLK2_50
    Info (332111):   20.000 FPGA_CLK3_50
    Info (332111):  100.000     hdmi_sck
    Info (332111):    2.393 pll_audio|pll_audio_inst|altera_pll_i|general[0].gpll~FRACTIONAL_PLL|vcoph[0]
    Info (332111):   40.682 pll_audio|pll_audio_inst|altera_pll_i|general[0].gpll~PLL_OUTPUT_COUNTER|divclk
    Info (332111):    6.732 pll_hdmi|pll_hdmi_inst|altera_pll_i|cyclonev_pll|counter[0].output_counter|divclk
    Info (332111):    2.244 pll_hdmi|pll_hdmi_inst|altera_pll_i|cyclonev_pll|fpll_0|fpll|vcoph[0]
    Info (332111):   10.348    SDRAM_CLK
    Info (332111):   10.000 sysmem|fpga_interfaces|clocks_resets|h2f_user0_clk
Info (176233): Starting register packing
Warning (176251): Ignoring some wildcard destinations of fast I/O register assignments
    Info (176252): Wildcard assignment "Fast Output Register=ON" to "SDRAM_*" matches multiple destination nodes -- some destinations are not valid targets for this assignment
Info: s32 SDC: dedicated no-FP profile has no fp_a registers
Info (176235): Finished register packing
    Extra Info (176218): Packed 31 registers into blocks of type Block RAM
    Extra Info (176218): Packed 1198 registers into blocks of type DSP block
    Extra Info (176218): Packed 16 registers into blocks of type I/O input buffer
    Extra Info (176218): Packed 79 registers into blocks of type I/O output buffer
    Extra Info (176218): Packed 457 registers into blocks of type MLAB cell
    Extra Info (176220): Created 558 register duplicates
Info (11798): Fitter preparation operations ending: elapsed time is 00:00:29
Info (170189): Fitter placement preparation operations beginning
Info: s32 SDC: dedicated no-FP profile has no fp_a registers
Info (14951): The Fitter is using Advanced Physical Optimization.
Error (170012): Fitter requires 4520 LABs to implement the design, but the device contains only 4191 LABs
Info (170190): Fitter placement preparation operations ending: elapsed time is 00:05:13
Info (11888): Total time spent on timing analysis during the Fitter is 26.88 seconds.
Warning (171167): Found invalid Fitter assignments. See the Ignored Assignments panel in the Fitter Compilation Report for more information.
Warning (169064): Following 4 pins have no output enable or a GND or VCC output enable - later changes to this connectivity may change fitting results
    Info (169065): Pin USER_IO[0] has a permanently disabled output enable File: D:/Arcade/AI/s32/sys/sys_top.v Line: 125
    Info (169065): Pin USER_IO[1] has a permanently disabled output enable File: D:/Arcade/AI/s32/sys/sys_top.v Line: 125
    Info (169065): Pin USER_IO[3] has a permanently disabled output enable File: D:/Arcade/AI/s32/sys/sys_top.v Line: 125
    Info (169065): Pin USER_IO[6] has a permanently disabled output enable File: D:/Arcade/AI/s32/sys/sys_top.v Line: 125
Warning (169069): Following 11 pins have nothing, GND, or VCC driving datain port -- changes to this connectivity may change fitting results
    Info (169070): Pin SD_SPI_CLK has VCC driving its datain port File: D:/Arcade/AI/s32/sys/sys_top.v Line: 101
    Info (169070): Pin SD_SPI_MOSI has VCC driving its datain port File: D:/Arcade/AI/s32/sys/sys_top.v Line: 102
    Info (169070): Pin ADC_SCK has VCC driving its datain port File: D:/Arcade/AI/s32/sys/sys_top.v Line: 109
    Info (169070): Pin ADC_SDI has VCC driving its datain port File: D:/Arcade/AI/s32/sys/sys_top.v Line: 111
    Info (169070): Pin ADC_CONVST has VCC driving its datain port File: D:/Arcade/AI/s32/sys/sys_top.v Line: 112
    Info (169070): Pin SDRAM_nCS has GND driving its datain port File: D:/Arcade/AI/s32/sys/sys_top.v Line: 54
    Info (169070): Pin SDRAM_CKE has VCC driving its datain port File: D:/Arcade/AI/s32/sys/sys_top.v Line: 57
    Info (169070): Pin USER_IO[0] has VCC driving its datain port File: D:/Arcade/AI/s32/sys/sys_top.v Line: 125
    Info (169070): Pin USER_IO[1] has VCC driving its datain port File: D:/Arcade/AI/s32/sys/sys_top.v Line: 125
    Info (169070): Pin USER_IO[3] has VCC driving its datain port File: D:/Arcade/AI/s32/sys/sys_top.v Line: 125
    Info (169070): Pin USER_IO[6] has VCC driving its datain port File: D:/Arcade/AI/s32/sys/sys_top.v Line: 125
Error (11802): Can't fit design in device. Modify your design to reduce resources, or choose a larger device. The Intel FPGA Knowledge Database contains many articles with specific details on how to resolve this error. Visit the Knowledge Database at https://www.altera.com/support/support-resources/knowledge-base/search.html and search for this specific error message number.
Info (144001): Generated suppressed messages file D:/Arcade/AI/s32/output_files/s32Alien3.fit.smsg
Error: Quartus Prime Fitter was unsuccessful. 2 errors, 9 warnings
    Error: Peak virtual memory: 8688 megabytes
    Error: Processing ended: Tue Jul 28 11:41:55 2026
    Error: Elapsed time: 00:06:32
    Error: Total CPU time (on all processors): 00:21:17
Error (293001): Quartus Prime Full Compilation was unsuccessful. 4 errors, 95 warnings
Error: Flow compile (for project D:/Arcade/AI/s32/s32Alien3) was not successful
Error: ERROR: Error(s) found while running an executable. See report file(s) for error message(s). Message log indicates which executable was run last.

Error (23031): Evaluation of Tcl script d:/q17/quartus/common/tcl/internal/qsh_flow.tcl unsuccessful
Error: Quartus Prime Shell was unsuccessful. 11 errors, 95 warnings
    Error: Peak virtual memory: 4628 megabytes
    Error: Processing ended: Tue Jul 28 11:41:56 2026
    Error: Elapsed time: 00:10:12
    Error: Total CPU time (on all processors): 00:00:03
ERROR: incremental Quartus build failed.
