 366344270958455684963247161776303233971243684327930015878202450304666375737561636882632597670878544064708792799488253074481139014401223943296740332576104032403096096051524714918404393046342716548910497541942983162063750738768905865738640398593753427584118643744748205697405314120475074881687618251559407948501281979348085993374510040179709445947758964339
[desc] D:/Arcade/AI/s32/roms/sim/radm/desc.txt -> 08 10 00 81
[desc] board: multi32=0 v25=0/0 adc=1 track=0 ppi=0 dsp=0 dual=0 prot=0 flip_y=0 gun=0 coinsw=0 analog=1 sbm=1
[eep] cs=0 sk=0 di=0 do=1 es=0 bitcnt=0
[eep] loaded D:/Arcade/AI/s32/roms/sim/radm/eeprom.hex
[ldpr] pc=00060006 op1=0007f000 op2=00000005
[sbr] pc=00060006 sbr 00000000 -> 0007f000
[intc] pc=00060041 wr [d00000] = 0000 be=01
[intc] pc=00060041 wr [d00000] = 0100 be=10
[intc] pc=00060041 wr [d00002] = 0002 be=01
[intc] pc=00060041 wr [d00002] = 0300 be=10
[intc] pc=00060041 wr [d00004] = 0004 be=01
[intc] pc=00060041 wr [d00004] = 0000 be=10
[intc] pc=00060041 wr [d00006] = 0000 be=01
[intc] pc=00060041 wr [d00006] = 0000 be=10
[intc] pc=00060041 wr [d00008] = 00ff be=01
[intc] pc=00060041 wr [d00008] = ff00 be=10
[intc] pc=00060041 wr [d0000a] = 00ff be=01
[intc] pc=00060041 wr [d0000a] = ff00 be=10
[ldpr] pc=0006005a op1=0020fe00 op2=00000002
[ldpr] pc=00060062 op1=0020fe00 op2=00000003
[ldpr] pc=0006006a op1=0020fe00 op2=00000004
[io] pc=00066277 wr [c00006] = 0010 be=01
[io] pc=0006627d wr [c0000c] = 0000 be=01
[io] pc=00066282 wr [c0000e] = 0000 be=01
[io] pc=00066287 wr [c0001c] = 0080 be=01
[io] pc=0006628d wr [c0001e] = 00c8 be=01
[io] pc=00066293 wr [c00006] = 0010 be=01
[io] pc=00066299 wr [c0000c] = 0000 be=01
[io] pc=0006629e wr [c0000e] = 0000 be=01
[io] pc=000662a3 wr [c00060] = 0000 be=01
[io] pc=00070cbc wr [c0001c] = 0084 be=01
[io] pc=00070cc4 wr [c00006] = 0010 be=01
[io] pc=00068146 wr [c00006] = 0010 be=01
[eep] cs=0 sk=1 di=0 do=1 es=0 bitcnt=0
[io] pc=00068146 wr [c00006] = 0050 be=01
[eep] cs=1 sk=0 di=0 do=1 es=0 bitcnt=0
[io] pc=00068146 wr [c00006] = 0030 be=01
[eep] cs=1 sk=1 di=0 do=1 es=0 bitcnt=0
[io] pc=00068146 wr [c00006] = 0070 be=01
[eep] cs=1 sk=0 di=1 do=1 es=0 bitcnt=0
[io] pc=00068146 wr [c00006] = 00b0 be=01
[eep] cs=1 sk=1 di=1 do=1 es=0 bitcnt=0
[io] pc=00068146 wr [c00006] = 00f0 be=01
[eep] cs=1 sk=0 di=1 do=1 es=1 bitcnt=0
[io] pc=00068146 wr [c00006] = 00b0 be=01
[eep] cs=1 sk=1 di=1 do=1 es=1 bitcnt=0
[io] pc=00068146 wr [c00006] = 00f0 be=01
[eep] cs=1 sk=0 di=0 do=1 es=1 bitcnt=1
[io] pc=00068146 wr [c00006] = 0030 be=01
[eep] cs=1 sk=1 di=0 do=1 es=1 bitcnt=1
[io] pc=00068146 wr [c00006] = 0070 be=01
[eep] cs=1 sk=0 di=0 do=1 es=1 bitcnt=2
[io] pc=00068146 wr [c00006] = 0030 be=01
[eep] cs=1 sk=1 di=0 do=1 es=1 bitcnt=2
[io] pc=00068146 wr [c00006] = 0070 be=01
[eep] cs=1 sk=0 di=0 do=1 es=1 bitcnt=3
[io] pc=00068146 wr [c00006] = 0030 be=01
[eep] cs=1 sk=1 di=0 do=1 es=1 bitcnt=3
[io] pc=00068146 wr [c00006] = 0070 be=01
[eep] cs=1 sk=0 di=0 do=1 es=1 bitcnt=4
[io] pc=00068146 wr [c00006] = 0030 be=01
[eep] cs=1 sk=1 di=0 do=1 es=1 bitcnt=4
[io] pc=00068146 wr [c00006] = 0070 be=01
[eep] cs=1 sk=0 di=0 do=1 es=1 bitcnt=5
[io] pc=00068146 wr [c00006] = 0030 be=01
[eep] cs=1 sk=1 di=0 do=1 es=1 bitcnt=5
[io] pc=00068146 wr [c00006] = 0070 be=01
[eep] cs=1 sk=0 di=0 do=1 es=1 bitcnt=6
[io] pc=00068146 wr [c00006] = 0030 be=01
[eep] cs=1 sk=1 di=0 do=1 es=1 bitcnt=6
[io] pc=00068146 wr [c00006] = 0070 be=01
[eep] cs=1 sk=0 di=0 do=1 es=1 bitcnt=7
[io] pc=00068146 wr [c00006] = 0030 be=01
[eep] cs=1 sk=1 di=0 do=1 es=1 bitcnt=7
[io] pc=00068146 wr [c00006] = 0070 be=01
[eep] cs=1 sk=1 di=0 do=0 es=2 bitcnt=0
[eep] cs=1 sk=0 di=0 do=0 es=2 bitcnt=0
[io] pc=00068146 wr [c00006] = 0030 be=01
[eep] cs=1 sk=1 di=0 do=0 es=2 bitcnt=0
[io] pc=00068146 wr [c00006] = 0070 be=01
[eep] cs=1 sk=0 di=0 do=0 es=2 bitcnt=1
[io] pc=00068146 wr [c00006] = 0030 be=01
[eep] cs=1 sk=1 di=0 do=0 es=2 bitcnt=1
[io] pc=00068146 wr [c00006] = 0070 be=01
[eep] cs=1 sk=1 di=0 do=1 es=2 bitcnt=2
[eep] cs=1 sk=0 di=0 do=1 es=2 bitcnt=2
[io] pc=00068146 wr [c00006] = 0030 be=01
[eep] cs=1 sk=1 di=0 do=1 es=2 bitcnt=2
[io] pc=00068146 wr [c00006] = 0070 be=01
[eep] cs=1 sk=1 di=0 do=0 es=2 bitcnt=3
[eep] cs=1 sk=0 di=0 do=0 es=2 bitcnt=3
[io] pc=00068146 wr [c00006] = 0030 be=01
[eep] cs=1 sk=1 di=0 do=0 es=2 bitcnt=3
[io] pc=00068146 wr [c00006] = 0070 be=01
[eep] cs=1 sk=1 di=0 do=1 es=2 bitcnt=4
[eep] cs=1 sk=0 di=0 do=1 es=2 bitcnt=4
[io] pc=00068146 wr [c00006] = 0030 be=01
[eep] cs=1 sk=1 di=0 do=1 es=2 bitcnt=4
[io] pc=00068146 wr [c00006] = 0070 be=01
[eep] cs=1 sk=1 di=0 do=0 es=2 bitcnt=5
[eep] cs=1 sk=0 di=0 do=0 es=2 bitcnt=5
[io] pc=00068146 wr [c00006] = 0030 be=01
[eep] cs=1 sk=1 di=0 do=0 es=2 bitcnt=5
[io] pc=00068146 wr [c00006] = 0070 be=01
[eep] cs=1 sk=0 di=0 do=0 es=2 bitcnt=6
[io] pc=00068146 wr [c00006] = 0030 be=01
[eep] cs=1 sk=1 di=0 do=0 es=2 bitcnt=6
[io] pc=00068146 wr [c00006] = 0070 be=01
[eep] cs=1 sk=1 di=0 do=1 es=2 bitcnt=7
[eep] cs=1 sk=0 di=0 do=1 es=2 bitcnt=7
[io] pc=00068146 wr [c00006] = 0030 be=01
[eep] cs=1 sk=1 di=0 do=1 es=2 bitcnt=7
[io] pc=00068146 wr [c00006] = 0070 be=01
[eep] cs=1 sk=0 di=0 do=1 es=2 bitcnt=8
[io] pc=00068146 wr [c00006] = 0030 be=01
[eep] cs=1 sk=1 di=0 do=1 es=2 bitcnt=8
[io] pc=00068146 wr [c00006] = 0070 be=01
[eep] cs=1 sk=1 di=0 do=0 es=2 bitcnt=9
[eep] cs=1 sk=0 di=0 do=0 es=2 bitcnt=9
[io] pc=00068146 wr [c00006] = 0030 be=01
[eep] cs=1 sk=1 di=0 do=0 es=2 bitcnt=9
[io] pc=00068146 wr [c00006] = 0070 be=01
[eep] cs=1 sk=1 di=0 do=1 es=2 bitcnt=10
[eep] cs=1 sk=0 di=0 do=1 es=2 bitcnt=10
[io] pc=00068146 wr [c00006] = 0030 be=01
[eep] cs=1 sk=1 di=0 do=1 es=2 bitcnt=10
[io] pc=00068146 wr [c00006] = 0070 be=01
[eep] cs=1 sk=1 di=0 do=0 es=2 bitcnt=11
[eep] cs=1 sk=0 di=0 do=0 es=2 bitcnt=11
[io] pc=00068146 wr [c00006] = 0030 be=01
[eep] cs=1 sk=1 di=0 do=0 es=2 bitcnt=11
[io] pc=00068146 wr [c00006] = 0070 be=01
[eep] cs=1 sk=0 di=0 do=0 es=2 bitcnt=12
[io] pc=00068146 wr [c00006] = 0030 be=01
[eep] cs=1 sk=1 di=0 do=0 es=2 bitcnt=12
[io] pc=00068146 wr [c00006] = 0070 be=01
[eep] cs=1 sk=0 di=0 do=0 es=2 bitcnt=13
[io] pc=00068146 wr [c00006] = 0030 be=01
[eep] cs=1 sk=1 di=0 do=0 es=2 bitcnt=13
[io] pc=00068146 wr [c00006] = 0070 be=01
[eep] cs=1 sk=1 di=0 do=1 es=2 bitcnt=14
[eep] cs=1 sk=0 di=0 do=1 es=2 bitcnt=14
[io] pc=00068146 wr [c00006] = 0030 be=01
[eep] cs=1 sk=1 di=0 do=1 es=2 bitcnt=14
[io] pc=00068146 wr [c00006] = 0070 be=01
[eep] cs=1 sk=1 di=0 do=0 es=2 bitcnt=15
[eep] cs=1 sk=0 di=0 do=0 es=2 bitcnt=15
[io] pc=00068146 wr [c00006] = 0030 be=01
[eep] cs=1 sk=1 di=0 do=0 es=2 bitcnt=15
[io] pc=00068146 wr [c00006] = 0070 be=01
[eep] cs=1 sk=1 di=0 do=1 es=4 bitcnt=0
[eep] cs=1 sk=0 di=0 do=1 es=4 bitcnt=0
[io] pc=00068146 wr [c00006] = 0030 be=01
[eep] cs=1 sk=1 di=0 do=1 es=4 bitcnt=0
[io] pc=00068146 wr [c00006] = 0070 be=01
[eep] cs=1 sk=0 di=0 do=1 es=4 bitcnt=0
[io] pc=00068146 wr [c00006] = 0030 be=01
[eep] cs=1 sk=1 di=0 do=1 es=4 bitcnt=0
[io] pc=00068146 wr [c00006] = 0070 be=01
[eep] cs=0 sk=0 di=0 do=1 es=4 bitcnt=0
[io] pc=00068146 wr [c00006] = 0010 be=01
[io] pc=00068146 wr [c00006] = 0010 be=01
[eep] cs=0 sk=1 di=0 do=1 es=0 bitcnt=0
[io] pc=00068146 wr [c00006] = 0050 be=01
[eep] cs=1 sk=0 di=0 do=1 es=0 bitcnt=0
[io] pc=00068146 wr [c00006] = 0030 be=01
[eep] cs=1 sk=1 di=0 do=1 es=0 bitcnt=0
[io] pc=00068146 wr [c00006] = 0070 be=01
[eep] cs=1 sk=0 di=1 do=1 es=0 bitcnt=0
[io] pc=00068146 wr [c00006] = 00b0 be=01
[eep] cs=1 sk=1 di=1 do=1 es=0 bitcnt=0
[io] pc=00068146 wr [c00006] = 00f0 be=01
[eep] cs=1 sk=0 di=1 do=1 es=1 bitcnt=0
[io] pc=00068146 wr [c00006] = 00b0 be=01
[eep] cs=1 sk=1 di=1 do=1 es=1 bitcnt=0
[io] pc=00068146 wr [c00006] = 00f0 be=01
[eep] cs=1 sk=0 di=0 do=1 es=1 bitcnt=1
[io] pc=00068146 wr [c00006] = 0030 be=01
[eep] cs=1 sk=1 di=0 do=1 es=1 bitcnt=1
[io] pc=00068146 wr [c00006] = 0070 be=01
[eep] cs=1 sk=0 di=0 do=1 es=1 bitcnt=2
[io] pc=00068146 wr [c00006] = 0030 be=01
[eep] cs=1 sk=1 di=0 do=1 es=1 bitcnt=2
[io] pc=00068146 wr [c00006] = 0070 be=01
[eep] cs=1 sk=0 di=0 do=1 es=1 bitcnt=3
[io] pc=00068146 wr [c00006] = 0030 be=01
[eep] cs=1 sk=1 di=0 do=1 es=1 bitcnt=3
[io] pc=00068146 wr [c00006] = 0070 be=01
[eep] cs=1 sk=0 di=0 do=1 es=1 bitcnt=4
[io] pc=00068146 wr [c00006] = 0030 be=01
[eep] cs=1 sk=1 di=0 do=1 es=1 bitcnt=4
[io] pc=00068146 wr [c00006] = 0070 be=01
[eep] cs=1 sk=0 di=0 do=1 es=1 bitcnt=5
[io] pc=00068146 wr [c00006] = 0030 be=01
[eep] cs=1 sk=1 di=0 do=1 es=1 bitcnt=5
[io] pc=00068146 wr [c00006] = 0070 be=01
[eep] cs=1 sk=0 di=0 do=1 es=1 bitcnt=6
[io] pc=00068146 wr [c00006] = 0030 be=01
[eep] cs=1 sk=1 di=0 do=1 es=1 bitcnt=6
[io] pc=00068146 wr [c00006] = 0070 be=01
[eep] cs=1 sk=0 di=1 do=1 es=1 bitcnt=7
[io] pc=00068146 wr [c00006] = 00b0 be=01
[eep] cs=1 sk=1 di=1 do=1 es=1 bitcnt=7
[io] pc=00068146 wr [c00006] = 00f0 be=01
[eep] cs=1 sk=1 di=1 do=0 es=2 bitcnt=0
[eep] cs=1 sk=0 di=0 do=0 es=2 bitcnt=0
[io] pc=00068146 wr [c00006] = 0030 be=01
[eep] cs=1 sk=1 di=0 do=0 es=2 bitcnt=0
[io] pc=00068146 wr [c00006] = 0070 be=01
[eep] cs=1 sk=0 di=0 do=0 es=2 bitcnt=1
[io] pc=00068146 wr [c00006] = 0030 be=01
[eep] cs=1 sk=1 di=0 do=0 es=2 bitcnt=1
[io] pc=00068146 wr [c00006] = 0070 be=01
[eep] cs=1 sk=1 di=0 do=1 es=2 bitcnt=2
[eep] cs=1 sk=0 di=0 do=1 es=2 bitcnt=2
[io] pc=00068146 wr [c00006] = 0030 be=01
[eep] cs=1 sk=1 di=0 do=1 es=2 bitcnt=2
[io] pc=00068146 wr [c00006] = 0070 be=01
[eep] cs=1 sk=1 di=0 do=0 es=2 bitcnt=3
[eep] cs=1 sk=0 di=0 do=0 es=2 bitcnt=3
[io] pc=00068146 wr [c00006] = 0030 be=01
[eep] cs=1 sk=1 di=0 do=0 es=2 bitcnt=3
[io] pc=00068146 wr [c00006] = 0070 be=01
[eep] cs=1 sk=0 di=0 do=0 es=2 bitcnt=4
[io] pc=00068146 wr [c00006] = 0030 be=01
[eep] cs=1 sk=1 di=0 do=0 es=2 bitcnt=4
[io] pc=00068146 wr [c00006] = 0070 be=01
[eep] cs=1 sk=0 di=0 do=0 es=2 bitcnt=5
[io] pc=00068146 wr [c00006] = 0030 be=01
[eep] cs=1 sk=1 di=0 do=0 es=2 bitcnt=5
[io] pc=00068146 wr [c00006] = 0070 be=01
[eep] cs=1 sk=1 di=0 do=1 es=2 bitcnt=6
[eep] cs=1 sk=0 di=0 do=1 es=2 bitcnt=6
[io] pc=00068146 wr [c00006] = 0030 be=01
[eep] cs=1 sk=1 di=0 do=1 es=2 bitcnt=6
[io] pc=00068146 wr [c00006] = 0070 be=01
[eep] cs=1 sk=0 di=0 do=1 es=2 bitcnt=7
[io] pc=00068146 wr [c00006] = 0030 be=01
[eep] cs=1 sk=1 di=0 do=1 es=2 bitcnt=7
[io] pc=00068146 wr [c00006] = 0070 be=01
[eep] cs=1 sk=0 di=0 do=1 es=2 bitcnt=8
[io] pc=00068146 wr [c00006] = 0030 be=01
[eep] cs=1 sk=1 di=0 do=1 es=2 bitcnt=8
[io] pc=00068146 wr [c00006] = 0070 be=01
[eep] cs=1 sk=1 di=0 do=0 es=2 bitcnt=9
[eep] cs=1 sk=0 di=0 do=0 es=2 bitcnt=9
[io] pc=00068146 wr [c00006] = 0030 be=01
[eep] cs=1 sk=1 di=0 do=0 es=2 bitcnt=9
[io] pc=00068146 wr [c00006] = 0070 be=01
[eep] cs=1 sk=1 di=0 do=1 es=2 bitcnt=10
[eep] cs=1 sk=0 di=0 do=1 es=2 bitcnt=10
[io] pc=00068146 wr [c00006] = 0030 be=01
[eep] cs=1 sk=1 di=0 do=1 es=2 bitcnt=10
[io] pc=00068146 wr [c00006] = 0070 be=01
[eep] cs=1 sk=1 di=0 do=0 es=2 bitcnt=11
[eep] cs=1 sk=0 di=0 do=0 es=2 bitcnt=11
[io] pc=00068146 wr [c00006] = 0030 be=01
[eep] cs=1 sk=1 di=0 do=0 es=2 bitcnt=11
[io] pc=00068146 wr [c00006] = 0070 be=01
[eep] cs=1 sk=0 di=0 do=0 es=2 bitcnt=12
[io] pc=00068146 wr [c00006] = 0030 be=01
[eep] cs=1 sk=1 di=0 do=0 es=2 bitcnt=12
[io] pc=00068146 wr [c00006] = 0070 be=01
[eep] cs=1 sk=0 di=0 do=0 es=2 bitcnt=13
[io] pc=00068146 wr [c00006] = 0030 be=01
[eep] cs=1 sk=1 di=0 do=0 es=2 bitcnt=13
[io] pc=00068146 wr [c00006] = 0070 be=01
[eep] cs=1 sk=0 di=0 do=0 es=2 bitcnt=14
[eep] cs=1 sk=1 di=0 do=0 es=2 bitcnt=14
[eep] cs=1 sk=0 di=0 do=0 es=2 bitcnt=15
[eep] cs=1 sk=1 di=0 do=0 es=2 bitcnt=15
[eep] cs=1 sk=1 di=0 do=1 es=4 bitcnt=0
[eep] cs=1 sk=0 di=0 do=1 es=4 bitcnt=0
[eep] cs=1 sk=1 di=0 do=1 es=4 bitcnt=0
[eep] cs=1 sk=0 di=0 do=1 es=4 bitcnt=0
[eep] cs=1 sk=1 di=0 do=1 es=4 bitcnt=0
[eep] cs=0 sk=0 di=0 do=1 es=4 bitcnt=0
[eep] cs=0 sk=1 di=0 do=1 es=0 bitcnt=0
[eep] cs=1 sk=0 di=0 do=1 es=0 bitcnt=0
[eep] cs=1 sk=1 di=0 do=1 es=0 bitcnt=0
[eep] cs=1 sk=0 di=1 do=1 es=0 bitcnt=0
[eep] cs=1 sk=1 di=1 do=1 es=0 bitcnt=0
[eep] cs=1 sk=0 di=1 do=1 es=1 bitcnt=0
[eep] cs=1 sk=1 di=1 do=1 es=1 bitcnt=0
[eep] cs=1 sk=0 di=0 do=1 es=1 bitcnt=1
[eep] cs=1 sk=1 di=0 do=1 es=1 bitcnt=1
[eep] cs=1 sk=0 di=0 do=1 es=1 bitcnt=2
[eep] cs=1 sk=1 di=0 do=1 es=1 bitcnt=2
[eep] cs=1 sk=0 di=0 do=1 es=1 bitcnt=3
[eep] cs=1 sk=1 di=0 do=1 es=1 bitcnt=3
[eep] cs=1 sk=0 di=0 do=1 es=1 bitcnt=4
[eep] cs=1 sk=1 di=0 do=1 es=1 bitcnt=4
[eep] cs=1 sk=0 di=0 do=1 es=1 bitcnt=5
[eep] cs=1 sk=1 di=0 do=1 es=1 bitcnt=5
[eep] cs=1 sk=0 di=1 do=1 es=1 bitcnt=6
[eep] cs=1 sk=1 di=1 do=1 es=1 bitcnt=6
[eep] cs=1 sk=0 di=0 do=1 es=1 bitcnt=7
[eep] cs=1 sk=1 di=0 do=1 es=1 bitcnt=7
[eep] cs=1 sk=1 di=0 do=0 es=2 bitcnt=0
[eep] cs=1 sk=0 di=0 do=0 es=2 bitcnt=0
[eep] cs=1 sk=1 di=0 do=0 es=2 bitcnt=0
[eep] cs=1 sk=0 di=0 do=0 es=2 bitcnt=1
[eep] cs=1 sk=1 di=0 do=0 es=2 bitcnt=1
[eep] cs=1 sk=0 di=0 do=0 es=2 bitcnt=2
[eep] cs=1 sk=1 di=0 do=0 es=2 bitcnt=2
[eep] cs=1 sk=0 di=0 do=0 es=2 bitcnt=3
[eep] cs=1 sk=1 di=0 do=0 es=2 bitcnt=3
[eep] cs=1 sk=0 di=0 do=0 es=2 bitcnt=4
[eep] cs=1 sk=1 di=0 do=0 es=2 bitcnt=4
[eep] cs=1 sk=0 di=0 do=0 es=2 bitcnt=5
[eep] cs=1 sk=1 di=0 do=0 es=2 bitcnt=5
[eep] cs=1 sk=0 di=0 do=0 es=2 bitcnt=6
[eep] cs=1 sk=1 di=0 do=0 es=2 bitcnt=6
[eep] cs=1 sk=0 di=0 do=0 es=2 bitcnt=7
[eep] cs=1 sk=1 di=0 do=0 es=2 bitcnt=7
[eep] cs=1 sk=1 di=0 do=1 es=2 bitcnt=8
[eep] cs=1 sk=0 di=0 do=1 es=2 bitcnt=8
[eep] cs=1 sk=1 di=0 do=1 es=2 bitcnt=8
[eep] cs=1 sk=0 di=0 do=1 es=2 bitcnt=9
[eep] cs=1 sk=1 di=0 do=1 es=2 bitcnt=9
[eep] cs=1 sk=1 di=0 do=0 es=2 bitcnt=10
[eep] cs=1 sk=0 di=0 do=0 es=2 bitcnt=10
[eep] cs=1 sk=1 di=0 do=0 es=2 bitcnt=10
[eep] cs=1 sk=0 di=0 do=0 es=2 bitcnt=11
[eep] cs=1 sk=1 di=0 do=0 es=2 bitcnt=11
[eep] cs=1 sk=0 di=0 do=0 es=2 bitcnt=12
[eep] cs=1 sk=1 di=0 do=0 es=2 bitcnt=12
[eep] cs=1 sk=0 di=0 do=0 es=2 bitcnt=13
[eep] cs=1 sk=1 di=0 do=0 es=2 bitcnt=13
[eep] cs=1 sk=0 di=0 do=0 es=2 bitcnt=14
[eep] cs=1 sk=1 di=0 do=0 es=2 bitcnt=14
[eep] cs=1 sk=1 di=0 do=1 es=2 bitcnt=15
[eep] cs=1 sk=0 di=0 do=1 es=2 bitcnt=15
[eep] cs=1 sk=1 di=0 do=1 es=2 bitcnt=15
[eep] cs=1 sk=0 di=0 do=1 es=4 bitcnt=0
[eep] cs=1 sk=1 di=0 do=1 es=4 bitcnt=0
[eep] cs=1 sk=0 di=0 do=1 es=4 bitcnt=0
[eep] cs=1 sk=1 di=0 do=1 es=4 bitcnt=0
[eep] cs=0 sk=0 di=0 do=1 es=4 bitcnt=0
[eep] cs=0 sk=1 di=0 do=1 es=0 bitcnt=0
[eep] cs=1 sk=0 di=0 do=1 es=0 bitcnt=0
[eep] cs=1 sk=1 di=0 do=1 es=0 bitcnt=0
[eep] cs=1 sk=0 di=1 do=1 es=0 bitcnt=0
[eep] cs=1 sk=1 di=1 do=1 es=0 bitcnt=0
[eep] cs=1 sk=0 di=1 do=1 es=1 bitcnt=0
[eep] cs=1 sk=1 di=1 do=1 es=1 bitcnt=0
[eep] cs=1 sk=0 di=0 do=1 es=1 bitcnt=1
[eep] cs=1 sk=1 di=0 do=1 es=1 bitcnt=1
[eep] cs=1 sk=0 di=0 do=1 es=1 bitcnt=2
[eep] cs=1 sk=1 di=0 do=1 es=1 bitcnt=2
[eep] cs=1 sk=0 di=0 do=1 es=1 bitcnt=3
[eep] cs=1 sk=1 di=0 do=1 es=1 bitcnt=3
[eep] cs=1 sk=0 di=0 do=1 es=1 bitcnt=4
[eep] cs=1 sk=1 di=0 do=1 es=1 bitcnt=4
[eep] cs=1 sk=0 di=0 do=1 es=1 bitcnt=5
[eep] cs=1 sk=1 di=0 do=1 es=1 bitcnt=5
[eep] cs=1 sk=0 di=1 do=1 es=1 bitcnt=6
[eep] cs=1 sk=1 di=1 do=1 es=1 bitcnt=6
[eep] cs=1 sk=0 di=1 do=1 es=1 bitcnt=7
[eep] cs=1 sk=1 di=1 do=1 es=1 bitcnt=7
[eep] cs=1 sk=1 di=1 do=0 es=2 bitcnt=0
[eep] cs=1 sk=0 di=0 do=0 es=2 bitcnt=0
[eep] cs=1 sk=1 di=0 do=0 es=2 bitcnt=0
[eep] cs=1 sk=0 di=0 do=0 es=2 bitcnt=1
[eep] cs=1 sk=1 di=0 do=0 es=2 bitcnt=1
[eep] cs=1 sk=0 di=0 do=0 es=2 bitcnt=2
[eep] cs=1 sk=1 di=0 do=0 es=2 bitcnt=2
[eep] cs=1 sk=0 di=0 do=0 es=2 bitcnt=3
[eep] cs=1 sk=1 di=0 do=0 es=2 bitcnt=3
[eep] cs=1 sk=0 di=0 do=0 es=2 bitcnt=4
[eep] cs=1 sk=1 di=0 do=0 es=2 bitcnt=4
[eep] cs=1 sk=0 di=0 do=0 es=2 bitcnt=5
[eep] cs=1 sk=1 di=0 do=0 es=2 bitcnt=5
[eep] cs=1 sk=0 di=0 do=0 es=2 bitcnt=6
[eep] cs=1 sk=1 di=0 do=0 es=2 bitcnt=6
[eep] cs=1 sk=0 di=0 do=0 es=2 bitcnt=7
[eep] cs=1 sk=1 di=0 do=0 es=2 bitcnt=7
[eep] cs=1 sk=1 di=0 do=1 es=2 bitcnt=8
[eep] cs=1 sk=0 di=0 do=1 es=2 bitcnt=8
[eep] cs=1 sk=1 di=0 do=1 es=2 bitcnt=8
[eep] cs=1 sk=1 di=0 do=0 es=2 bitcnt=9
[eep] cs=1 sk=0 di=0 do=0 es=2 bitcnt=9
[eep] cs=1 sk=1 di=0 do=0 es=2 bitcnt=9
[eep] cs=1 sk=0 di=0 do=0 es=2 bitcnt=10
[eep] cs=1 sk=1 di=0 do=0 es=2 bitcnt=10
[eep] cs=1 sk=0 di=0 do=0 es=2 bitcnt=11
[eep] cs=1 sk=1 di=0 do=0 es=2 bitcnt=11
[eep] cs=1 sk=0 di=0 do=0 es=2 bitcnt=12
[eep] cs=1 sk=1 di=0 do=0 es=2 bitcnt=12
[eep] cs=1 sk=0 di=0 do=0 es=2 bitcnt=13
[eep] cs=1 sk=1 di=0 do=0 es=2 bitcnt=13
[eep] cs=1 sk=0 di=0 do=0 es=2 bitcnt=14
[eep] cs=1 sk=1 di=0 do=0 es=2 bitcnt=14
[eep] cs=1 sk=0 di=0 do=0 es=2 bitcnt=15
[eep] cs=1 sk=1 di=0 do=0 es=2 bitcnt=15
[eep] cs=1 sk=0 di=0 do=0 es=4 bitcnt=0
[eep] cs=1 sk=1 di=0 do=0 es=4 bitcnt=0
[eep] cs=1 sk=0 di=0 do=0 es=4 bitcnt=0
[eep] cs=1 sk=1 di=0 do=0 es=4 bitcnt=0
[eep] cs=0 sk=0 di=0 do=0 es=4 bitcnt=0
[eep] cs=0 sk=0 di=0 do=1 es=0 bitcnt=0
[eep] cs=0 sk=1 di=0 do=1 es=0 bitcnt=0
[eep] cs=1 sk=0 di=0 do=1 es=0 bitcnt=0
[eep] cs=1 sk=1 di=0 do=1 es=0 bitcnt=0
[eep] cs=1 sk=0 di=1 do=1 es=0 bitcnt=0
[eep] cs=1 sk=1 di=1 do=1 es=0 bitcnt=0
[eep] cs=1 sk=0 di=1 do=1 es=1 bitcnt=0
[eep] cs=1 sk=1 di=1 do=1 es=1 bitcnt=0
[eep] cs=1 sk=0 di=0 do=1 es=1 bitcnt=1
[eep] cs=1 sk=1 di=0 do=1 es=1 bitcnt=1
[eep] cs=1 sk=0 di=0 do=1 es=1 bitcnt=2
[eep] cs=1 sk=1 di=0 do=1 es=1 bitcnt=2
[eep] cs=1 sk=0 di=0 do=1 es=1 bitcnt=3
[eep] cs=1 sk=1 di=0 do=1 es=1 bitcnt=3
[eep] cs=1 sk=0 di=0 do=1 es=1 bitcnt=4
[eep] cs=1 sk=1 di=0 do=1 es=1 bitcnt=4
[eep] cs=1 sk=0 di=1 do=1 es=1 bitcnt=5
[eep] cs=1 sk=1 di=1 do=1 es=1 bitcnt=5
[eep] cs=1 sk=0 di=0 do=1 es=1 bitcnt=6
[eep] cs=1 sk=1 di=0 do=1 es=1 bitcnt=6
[eep] cs=1 sk=0 di=0 do=1 es=1 bitcnt=7
[eep] cs=1 sk=1 di=0 do=1 es=1 bitcnt=7
[eep] cs=1 sk=1 di=0 do=0 es=2 bitcnt=0
[eep] cs=1 sk=0 di=0 do=0 es=2 bitcnt=0
[eep] cs=1 sk=1 di=0 do=0 es=2 bitcnt=0
[eep] cs=1 sk=1 di=0 do=1 es=2 bitcnt=1
[eep] cs=1 sk=0 di=0 do=1 es=2 bitcnt=1
[eep] cs=1 sk=1 di=0 do=1 es=2 bitcnt=1
[eep] cs=1 sk=1 di=0 do=0 es=2 bitcnt=2
[eep] cs=1 sk=0 di=0 do=0 es=2 bitcnt=2
[eep] cs=1 sk=1 di=0 do=0 es=2 bitcnt=2
[eep] cs=1 sk=0 di=0 do=0 es=2 bitcnt=3
[eep] cs=1 sk=1 di=0 do=0 es=2 bitcnt=3
[eep] cs=1 sk=1 di=0 do=1 es=2 bitcnt=4
[eep] cs=1 sk=0 di=0 do=1 es=2 bitcnt=4
[eep] cs=1 sk=1 di=0 do=1 es=2 bitcnt=4
[eep] cs=1 sk=1 di=0 do=0 es=2 bitcnt=5
[eep] cs=1 sk=0 di=0 do=0 es=2 bitcnt=5
[eep] cs=1 sk=1 di=0 do=0 es=2 bitcnt=5
[eep] cs=1 sk=0 di=0 do=0 es=2 bitcnt=6
[eep] cs=1 sk=1 di=0 do=0 es=2 bitcnt=6
[eep] cs=1 sk=1 di=0 do=1 es=2 bitcnt=7
[eep] cs=1 sk=0 di=0 do=1 es=2 bitcnt=7
[eep] cs=1 sk=1 di=0 do=1 es=2 bitcnt=7
[eep] cs=1 sk=0 di=0 do=1 es=2 bitcnt=8
[eep] cs=1 sk=1 di=0 do=1 es=2 bitcnt=8
[eep] cs=1 sk=1 di=0 do=0 es=2 bitcnt=9
[eep] cs=1 sk=0 di=0 do=0 es=2 bitcnt=9
[eep] cs=1 sk=1 di=0 do=0 es=2 bitcnt=9
[eep] cs=1 sk=0 di=0 do=0 es=2 bitcnt=10
[eep] cs=1 sk=1 di=0 do=0 es=2 bitcnt=10
[eep] cs=1 sk=0 di=0 do=0 es=2 bitcnt=11
[eep] cs=1 sk=1 di=0 do=0 es=2 bitcnt=11
[eep] cs=1 sk=0 di=0 do=0 es=2 bitcnt=12
[eep] cs=1 sk=1 di=0 do=0 es=2 bitcnt=12
[eep] cs=1 sk=0 di=0 do=0 es=2 bitcnt=13
[eep] cs=1 sk=1 di=0 do=0 es=2 bitcnt=13
[eep] cs=1 sk=0 di=0 do=0 es=2 bitcnt=14
[eep] cs=1 sk=1 di=0 do=0 es=2 bitcnt=14
[eep] cs=1 sk=1 di=0 do=1 es=2 bitcnt=15
[eep] cs=1 sk=0 di=0 do=1 es=2 bitcnt=15
[eep] cs=1 sk=1 di=0 do=1 es=2 bitcnt=15
[eep] cs=1 sk=0 di=0 do=1 es=4 bitcnt=0
[eep] cs=1 sk=1 di=0 do=1 es=4 bitcnt=0
[eep] cs=1 sk=0 di=0 do=1 es=4 bitcnt=0
[eep] cs=1 sk=1 di=0 do=1 es=4 bitcnt=0
[eep] cs=0 sk=0 di=0 do=1 es=4 bitcnt=0
[eep] cs=0 sk=1 di=0 do=1 es=0 bitcnt=0
[eep] cs=1 sk=0 di=0 do=1 es=0 bitcnt=0
[eep] cs=1 sk=1 di=0 do=1 es=0 bitcnt=0
[eep] cs=1 sk=0 di=1 do=1 es=0 bitcnt=0
[eep] cs=1 sk=1 di=1 do=1 es=0 bitcnt=0
[eep] cs=1 sk=0 di=1 do=1 es=1 bitcnt=0
[eep] cs=1 sk=1 di=1 do=1 es=1 bitcnt=0
[eep] cs=1 sk=0 di=0 do=1 es=1 bitcnt=1
[eep] cs=1 sk=1 di=0 do=1 es=1 bitcnt=1
[eep] cs=1 sk=0 di=0 do=1 es=1 bitcnt=2
[eep] cs=1 sk=1 di=0 do=1 es=1 bitcnt=2
[eep] cs=1 sk=0 di=0 do=1 es=1 bitcnt=3
[eep] cs=1 sk=1 di=0 do=1 es=1 bitcnt=3
[eep] cs=1 sk=0 di=0 do=1 es=1 bitcnt=4
[eep] cs=1 sk=1 di=0 do=1 es=1 bitcnt=4
[eep] cs=1 sk=0 di=1 do=1 es=1 bitcnt=5
[eep] cs=1 sk=1 di=1 do=1 es=1 bitcnt=5
[eep] cs=1 sk=0 di=0 do=1 es=1 bitcnt=6
[eep] cs=1 sk=1 di=0 do=1 es=1 bitcnt=6
[eep] cs=1 sk=0 di=1 do=1 es=1 bitcnt=7
[eep] cs=1 sk=1 di=1 do=1 es=1 bitcnt=7
[eep] cs=1 sk=1 di=1 do=0 es=2 bitcnt=0
[eep] cs=1 sk=0 di=0 do=0 es=2 bitcnt=0
[eep] cs=1 sk=1 di=0 do=0 es=2 bitcnt=0
[eep] cs=1 sk=0 di=0 do=0 es=2 bitcnt=1
[eep] cs=1 sk=1 di=0 do=0 es=2 bitcnt=1
[eep] cs=1 sk=0 di=0 do=0 es=2 bitcnt=2
[eep] cs=1 sk=1 di=0 do=0 es=2 bitcnt=2
[eep] cs=1 sk=0 di=0 do=0 es=2 bitcnt=3
[eep] cs=1 sk=1 di=0 do=0 es=2 bitcnt=3
[eep] cs=1 sk=0 di=0 do=0 es=2 bitcnt=4
[eep] cs=1 sk=1 di=0 do=0 es=2 bitcnt=4
[eep] cs=1 sk=0 di=0 do=0 es=2 bitcnt=5
[eep] cs=1 sk=1 di=0 do=0 es=2 bitcnt=5
[eep] cs=1 sk=0 di=0 do=0 es=2 bitcnt=6
[eep] cs=1 sk=1 di=0 do=0 es=2 bitcnt=6
[eep] cs=1 sk=0 di=0 do=0 es=2 bitcnt=7
[eep] cs=1 sk=1 di=0 do=0 es=2 bitcnt=7
[eep] cs=1 sk=0 di=0 do=0 es=2 bitcnt=8
[eep] cs=1 sk=1 di=0 do=0 es=2 bitcnt=8
[eep] cs=1 sk=0 di=0 do=0 es=2 bitcnt=9
[eep] cs=1 sk=1 di=0 do=0 es=2 bitcnt=9
[eep] cs=1 sk=0 di=0 do=0 es=2 bitcnt=10
[eep] cs=1 sk=1 di=0 do=0 es=2 bitcnt=10
[eep] cs=1 sk=0 di=0 do=0 es=2 bitcnt=11
[eep] cs=1 sk=1 di=0 do=0 es=2 bitcnt=11
[eep] cs=1 sk=0 di=0 do=0 es=2 bitcnt=12
[eep] cs=1 sk=1 di=0 do=0 es=2 bitcnt=12
[eep] cs=1 sk=0 di=0 do=0 es=2 bitcnt=13
[eep] cs=1 sk=1 di=0 do=0 es=2 bitcnt=13
[eep] cs=1 sk=0 di=0 do=0 es=2 bitcnt=14
[eep] cs=1 sk=1 di=0 do=0 es=2 bitcnt=14
[eep] cs=1 sk=0 di=0 do=0 es=2 bitcnt=15
[eep] cs=1 sk=1 di=0 do=0 es=2 bitcnt=15
[eep] cs=1 sk=0 di=0 do=0 es=4 bitcnt=0
[eep] cs=1 sk=1 di=0 do=0 es=4 bitcnt=0
[eep] cs=1 sk=0 di=0 do=0 es=4 bitcnt=0
[eep] cs=1 sk=1 di=0 do=0 es=4 bitcnt=0
[eep] cs=0 sk=0 di=0 do=0 es=4 bitcnt=0
[eep] cs=0 sk=0 di=0 do=1 es=0 bitcnt=0
[eep] cs=0 sk=1 di=0 do=1 es=0 bitcnt=0
[eep] cs=1 sk=0 di=0 do=1 es=0 bitcnt=0
[eep] cs=1 sk=1 di=0 do=1 es=0 bitcnt=0
[eep] cs=1 sk=0 di=1 do=1 es=0 bitcnt=0
[eep] cs=1 sk=1 di=1 do=1 es=0 bitcnt=0
[eep] cs=1 sk=0 di=1 do=1 es=1 bitcnt=0
[eep] cs=1 sk=1 di=1 do=1 es=1 bitcnt=0
[eep] cs=1 sk=0 di=0 do=1 es=1 bitcnt=1
[eep] cs=1 sk=1 di=0 do=1 es=1 bitcnt=1
[eep] cs=1 sk=0 di=0 do=1 es=1 bitcnt=2
[eep] cs=1 sk=1 di=0 do=1 es=1 bitcnt=2
[eep] cs=1 sk=0 di=0 do=1 es=1 bitcnt=3
[eep] cs=1 sk=1 di=0 do=1 es=1 bitcnt=3
[eep] cs=1 sk=0 di=0 do=1 es=1 bitcnt=4
[eep] cs=1 sk=1 di=0 do=1 es=1 bitcnt=4
[eep] cs=1 sk=0 di=1 do=1 es=1 bitcnt=5
[eep] cs=1 sk=1 di=1 do=1 es=1 bitcnt=5
[eep] cs=1 sk=0 di=1 do=1 es=1 bitcnt=6
[eep] cs=1 sk=1 di=1 do=1 es=1 bitcnt=6
[eep] cs=1 sk=0 di=0 do=1 es=1 bitcnt=7
[eep] cs=1 sk=1 di=0 do=1 es=1 bitcnt=7
[eep] cs=1 sk=1 di=0 do=0 es=2 bitcnt=0
[eep] cs=1 sk=0 di=0 do=0 es=2 bitcnt=0
[eep] cs=1 sk=1 di=0 do=0 es=2 bitcnt=0
[eep] cs=1 sk=0 di=0 do=0 es=2 bitcnt=1
[eep] cs=1 sk=1 di=0 do=0 es=2 bitcnt=1
[eep] cs=1 sk=0 di=0 do=0 es=2 bitcnt=2
[eep] cs=1 sk=1 di=0 do=0 es=2 bitcnt=2
[eep] cs=1 sk=0 di=0 do=0 es=2 bitcnt=3
[eep] cs=1 sk=1 di=0 do=0 es=2 bitcnt=3
[eep] cs=1 sk=0 di=0 do=0 es=2 bitcnt=4
[eep] cs=1 sk=1 di=0 do=0 es=2 bitcnt=4
[eep] cs=1 sk=0 di=0 do=0 es=2 bitcnt=5
[eep] cs=1 sk=1 di=0 do=0 es=2 bitcnt=5
[eep] cs=1 sk=0 di=0 do=0 es=2 bitcnt=6
[eep] cs=1 sk=1 di=0 do=0 es=2 bitcnt=6
[eep] cs=1 sk=0 di=0 do=0 es=2 bitcnt=7
[eep] cs=1 sk=1 di=0 do=0 es=2 bitcnt=7
[eep] cs=1 sk=0 di=0 do=0 es=2 bitcnt=8
[eep] cs=1 sk=1 di=0 do=0 es=2 bitcnt=8
[eep] cs=1 sk=0 di=0 do=0 es=2 bitcnt=9
[eep] cs=1 sk=1 di=0 do=0 es=2 bitcnt=9
[eep] cs=1 sk=0 di=0 do=0 es=2 bitcnt=10
[eep] cs=1 sk=1 di=0 do=0 es=2 bitcnt=10
[eep] cs=1 sk=0 di=0 do=0 es=2 bitcnt=11
[eep] cs=1 sk=1 di=0 do=0 es=2 bitcnt=11
[eep] cs=1 sk=0 di=0 do=0 es=2 bitcnt=12
[eep] cs=1 sk=1 di=0 do=0 es=2 bitcnt=12
[eep] cs=1 sk=0 di=0 do=0 es=2 bitcnt=13
[eep] cs=1 sk=1 di=0 do=0 es=2 bitcnt=13
[eep] cs=1 sk=0 di=0 do=0 es=2 bitcnt=14
[eep] cs=1 sk=1 di=0 do=0 es=2 bitcnt=14
[eep] cs=1 sk=0 di=0 do=0 es=2 bitcnt=15
[eep] cs=1 sk=1 di=0 do=0 es=2 bitcnt=15
[eep] cs=1 sk=0 di=0 do=0 es=4 bitcnt=0
[eep] cs=1 sk=1 di=0 do=0 es=4 bitcnt=0
[eep] cs=1 sk=0 di=0 do=0 es=4 bitcnt=0
[eep] cs=1 sk=1 di=0 do=0 es=4 bitcnt=0
[eep] cs=0 sk=0 di=0 do=0 es=4 bitcnt=0
[eep] cs=0 sk=0 di=0 do=1 es=0 bitcnt=0
[eep] cs=0 sk=1 di=0 do=1 es=0 bitcnt=0
[eep] cs=1 sk=0 di=0 do=1 es=0 bitcnt=0
[eep] cs=1 sk=1 di=0 do=1 es=0 bitcnt=0
[eep] cs=1 sk=0 di=1 do=1 es=0 bitcnt=0
[eep] cs=1 sk=1 di=1 do=1 es=0 bitcnt=0
[eep] cs=1 sk=0 di=1 do=1 es=1 bitcnt=0
[eep] cs=1 sk=1 di=1 do=1 es=1 bitcnt=0
[eep] cs=1 sk=0 di=0 do=1 es=1 bitcnt=1
[eep] cs=1 sk=1 di=0 do=1 es=1 bitcnt=1
[eep] cs=1 sk=0 di=0 do=1 es=1 bitcnt=2
[eep] cs=1 sk=1 di=0 do=1 es=1 bitcnt=2
[eep] cs=1 sk=0 di=0 do=1 es=1 bitcnt=3
[eep] cs=1 sk=1 di=0 do=1 es=1 bitcnt=3
[eep] cs=1 sk=0 di=0 do=1 es=1 bitcnt=4
[eep] cs=1 sk=1 di=0 do=1 es=1 bitcnt=4
[eep] cs=1 sk=0 di=1 do=1 es=1 bitcnt=5
[eep] cs=1 sk=1 di=1 do=1 es=1 bitcnt=5
[eep] cs=1 sk=0 di=1 do=1 es=1 bitcnt=6
[eep] cs=1 sk=1 di=1 do=1 es=1 bitcnt=6
[eep] cs=1 sk=0 di=1 do=1 es=1 bitcnt=7
[eep] cs=1 sk=1 di=1 do=1 es=1 bitcnt=7
[eep] cs=1 sk=1 di=1 do=0 es=2 bitcnt=0
[eep] cs=1 sk=0 di=0 do=0 es=2 bitcnt=0
[eep] cs=1 sk=1 di=0 do=0 es=2 bitcnt=0
[eep] cs=1 sk=0 di=0 do=0 es=2 bitcnt=1
[eep] cs=1 sk=1 di=0 do=0 es=2 bitcnt=1
[eep] cs=1 sk=0 di=0 do=0 es=2 bitcnt=2
[eep] cs=1 sk=1 di=0 do=0 es=2 bitcnt=2
[eep] cs=1 sk=0 di=0 do=0 es=2 bitcnt=3
[eep] cs=1 sk=1 di=0 do=0 es=2 bitcnt=3
[eep] cs=1 sk=0 di=0 do=0 es=2 bitcnt=4
[eep] cs=1 sk=1 di=0 do=0 es=2 bitcnt=4
[eep] cs=1 sk=0 di=0 do=0 es=2 bitcnt=5
[eep] cs=1 sk=1 di=0 do=0 es=2 bitcnt=5
[eep] cs=1 sk=0 di=0 do=0 es=2 bitcnt=6
[eep] cs=1 sk=1 di=0 do=0 es=2 bitcnt=6
[eep] cs=1 sk=0 di=0 do=0 es=2 bitcnt=7
[eep] cs=1 sk=1 di=0 do=0 es=2 bitcnt=7
[eep] cs=1 sk=0 di=0 do=0 es=2 bitcnt=8
[eep] cs=1 sk=1 di=0 do=0 es=2 bitcnt=8
[eep] cs=1 sk=0 di=0 do=0 es=2 bitcnt=9
[eep] cs=1 sk=1 di=0 do=0 es=2 bitcnt=9
[eep] cs=1 sk=0 di=0 do=0 es=2 bitcnt=10
[eep] cs=1 sk=1 di=0 do=0 es=2 bitcnt=10
[eep] cs=1 sk=0 di=0 do=0 es=2 bitcnt=11
[eep] cs=1 sk=1 di=0 do=0 es=2 bitcnt=11
[eep] cs=1 sk=0 di=0 do=0 es=2 bitcnt=12
[eep] cs=1 sk=1 di=0 do=0 es=2 bitcnt=12
[eep] cs=1 sk=0 di=0 do=0 es=2 bitcnt=13
[eep] cs=1 sk=1 di=0 do=0 es=2 bitcnt=13
[eep] cs=1 sk=0 di=0 do=0 es=2 bitcnt=14
[eep] cs=1 sk=1 di=0 do=0 es=2 bitcnt=14
[eep] cs=1 sk=0 di=0 do=0 es=2 bitcnt=15
[eep] cs=1 sk=1 di=0 do=0 es=2 bitcnt=15
[eep] cs=1 sk=0 di=0 do=0 es=4 bitcnt=0
[eep] cs=1 sk=1 di=0 do=0 es=4 bitcnt=0
[eep] cs=1 sk=0 di=0 do=0 es=4 bitcnt=0
[eep] cs=1 sk=1 di=0 do=0 es=4 bitcnt=0
[eep] cs=0 sk=0 di=0 do=0 es=4 bitcnt=0
[eep] cs=0 sk=0 di=0 do=1 es=0 bitcnt=0
[eep] cs=0 sk=1 di=0 do=1 es=0 bitcnt=0
[eep] cs=1 sk=0 di=0 do=1 es=0 bitcnt=0
[eep] cs=1 sk=1 di=0 do=1 es=0 bitcnt=0
[eep] cs=1 sk=0 di=1 do=1 es=0 bitcnt=0
[eep] cs=1 sk=1 di=1 do=1 es=0 bitcnt=0
[eep] cs=1 sk=0 di=1 do=1 es=1 bitcnt=0
[eep] cs=1 sk=1 di=1 do=1 es=1 bitcnt=0
[eep] cs=1 sk=0 di=0 do=1 es=1 bitcnt=1
[eep] cs=1 sk=1 di=0 do=1 es=1 bitcnt=1
[eep] cs=1 sk=0 di=0 do=1 es=1 bitcnt=2
[eep] cs=1 sk=1 di=0 do=1 es=1 bitcnt=2
[eep] cs=1 sk=0 di=0 do=1 es=1 bitcnt=3
[eep] cs=1 sk=1 di=0 do=1 es=1 bitcnt=3
[eep] cs=1 sk=0 di=1 do=1 es=1 bitcnt=4
[eep] cs=1 sk=1 di=1 do=1 es=1 bitcnt=4
[eep] cs=1 sk=0 di=0 do=1 es=1 bitcnt=5
[eep] cs=1 sk=1 di=0 do=1 es=1 bitcnt=5
[eep] cs=1 sk=0 di=0 do=1 es=1 bitcnt=6
[eep] cs=1 sk=1 di=0 do=1 es=1 bitcnt=6
[eep] cs=1 sk=0 di=0 do=1 es=1 bitcnt=7
[eep] cs=1 sk=1 di=0 do=1 es=1 bitcnt=7
[eep] cs=1 sk=1 di=0 do=0 es=2 bitcnt=0
[eep] cs=1 sk=0 di=0 do=0 es=2 bitcnt=0
[eep] cs=1 sk=1 di=0 do=0 es=2 bitcnt=0
[eep] cs=1 sk=1 di=0 do=1 es=2 bitcnt=1
[eep] cs=1 sk=0 di=0 do=1 es=2 bitcnt=1
[eep] cs=1 sk=1 di=0 do=1 es=2 bitcnt=1
[eep] cs=1 sk=0 di=0 do=1 es=2 bitcnt=2
[eep] cs=1 sk=1 di=0 do=1 es=2 bitcnt=2
[eep] cs=1 sk=0 di=0 do=1 es=2 bitcnt=3
[eep] cs=1 sk=1 di=0 do=1 es=2 bitcnt=3
[eep] cs=1 sk=0 di=0 do=1 es=2 bitcnt=4
[eep] cs=1 sk=1 di=0 do=1 es=2 bitcnt=4
[eep] cs=1 sk=0 di=0 do=1 es=2 bitcnt=5
[eep] cs=1 sk=1 di=0 do=1 es=2 bitcnt=5
[eep] cs=1 sk=0 di=0 do=1 es=2 bitcnt=6
[eep] cs=1 sk=1 di=0 do=1 es=2 bitcnt=6
[eep] cs=1 sk=0 di=0 do=1 es=2 bitcnt=7
[eep] cs=1 sk=1 di=0 do=1 es=2 bitcnt=7
[eep] cs=1 sk=0 di=0 do=1 es=2 bitcnt=8
[eep] cs=1 sk=1 di=0 do=1 es=2 bitcnt=8
[eep] cs=1 sk=1 di=0 do=0 es=2 bitcnt=9
[eep] cs=1 sk=0 di=0 do=0 es=2 bitcnt=9
[eep] cs=1 sk=1 di=0 do=0 es=2 bitcnt=9
[eep] cs=1 sk=0 di=0 do=0 es=2 bitcnt=10
[eep] cs=1 sk=1 di=0 do=0 es=2 bitcnt=10
[eep] cs=1 sk=0 di=0 do=0 es=2 bitcnt=11
[eep] cs=1 sk=1 di=0 do=0 es=2 bitcnt=11
[eep] cs=1 sk=0 di=0 do=0 es=2 bitcnt=12
[eep] cs=1 sk=1 di=0 do=0 es=2 bitcnt=12
[eep] cs=1 sk=0 di=0 do=0 es=2 bitcnt=13
[eep] cs=1 sk=1 di=0 do=0 es=2 bitcnt=13
[eep] cs=1 sk=0 di=0 do=0 es=2 bitcnt=14
[eep] cs=1 sk=1 di=0 do=0 es=2 bitcnt=14
[eep] cs=1 sk=0 di=0 do=0 es=2 bitcnt=15
[eep] cs=1 sk=1 di=0 do=0 es=2 bitcnt=15
[eep] cs=1 sk=1 di=0 do=1 es=4 bitcnt=0
[eep] cs=1 sk=0 di=0 do=1 es=4 bitcnt=0
[eep] cs=1 sk=1 di=0 do=1 es=4 bitcnt=0
[eep] cs=1 sk=0 di=0 do=1 es=4 bitcnt=0
[eep] cs=1 sk=1 di=0 do=1 es=4 bitcnt=0
[eep] cs=0 sk=0 di=0 do=1 es=4 bitcnt=0
[eep] cs=0 sk=1 di=0 do=1 es=0 bitcnt=0
[eep] cs=1 sk=0 di=0 do=1 es=0 bitcnt=0
[eep] cs=1 sk=1 di=0 do=1 es=0 bitcnt=0
[eep] cs=1 sk=0 di=1 do=1 es=0 bitcnt=0
[eep] cs=1 sk=1 di=1 do=1 es=0 bitcnt=0
[eep] cs=1 sk=0 di=1 do=1 es=1 bitcnt=0
[eep] cs=1 sk=1 di=1 do=1 es=1 bitcnt=0
[eep] cs=1 sk=0 di=0 do=1 es=1 bitcnt=1
[eep] cs=1 sk=1 di=0 do=1 es=1 bitcnt=1
[eep] cs=1 sk=0 di=0 do=1 es=1 bitcnt=2
[eep] cs=1 sk=1 di=0 do=1 es=1 bitcnt=2
[eep] cs=1 sk=0 di=0 do=1 es=1 bitcnt=3
[eep] cs=1 sk=1 di=0 do=1 es=1 bitcnt=3
[eep] cs=1 sk=0 di=1 do=1 es=1 bitcnt=4
[eep] cs=1 sk=1 di=1 do=1 es=1 bitcnt=4
[eep] cs=1 sk=0 di=0 do=1 es=1 bitcnt=5
[eep] cs=1 sk=1 di=0 do=1 es=1 bitcnt=5
[eep] cs=1 sk=0 di=0 do=1 es=1 bitcnt=6
[eep] cs=1 sk=1 di=0 do=1 es=1 bitcnt=6
[eep] cs=1 sk=0 di=1 do=1 es=1 bitcnt=7
[eep] cs=1 sk=1 di=1 do=1 es=1 bitcnt=7
[eep] cs=1 sk=1 di=1 do=0 es=2 bitcnt=0
[eep] cs=1 sk=0 di=0 do=0 es=2 bitcnt=0
[eep] cs=1 sk=1 di=0 do=0 es=2 bitcnt=0
[eep] cs=1 sk=0 di=0 do=0 es=2 bitcnt=1
[eep] cs=1 sk=1 di=0 do=0 es=2 bitcnt=1
[eep] cs=1 sk=0 di=0 do=0 es=2 bitcnt=2
[eep] cs=1 sk=1 di=0 do=0 es=2 bitcnt=2
[eep] cs=1 sk=0 di=0 do=0 es=2 bitcnt=3
[eep] cs=1 sk=1 di=0 do=0 es=2 bitcnt=3
[eep] cs=1 sk=0 di=0 do=0 es=2 bitcnt=4
[eep] cs=1 sk=1 di=0 do=0 es=2 bitcnt=4
[eep] cs=1 sk=0 di=0 do=0 es=2 bitcnt=5
[eep] cs=1 sk=1 di=0 do=0 es=2 bitcnt=5
[eep] cs=1 sk=0 di=0 do=0 es=2 bitcnt=6
[eep] cs=1 sk=1 di=0 do=0 es=2 bitcnt=6
[eep] cs=1 sk=0 di=0 do=0 es=2 bitcnt=7
[eep] cs=1 sk=1 di=0 do=0 es=2 bitcnt=7
[eep] cs=1 sk=1 di=0 do=1 es=2 bitcnt=8
[eep] cs=1 sk=0 di=0 do=1 es=2 bitcnt=8
[eep] cs=1 sk=1 di=0 do=1 es=2 bitcnt=8
[eep] cs=1 sk=1 di=0 do=0 es=2 bitcnt=9
[eep] cs=1 sk=0 di=0 do=0 es=2 bitcnt=9
[eep] cs=1 sk=1 di=0 do=0 es=2 bitcnt=9
[eep] cs=1 sk=0 di=0 do=0 es=2 bitcnt=10
[eep] cs=1 sk=1 di=0 do=0 es=2 bitcnt=10
[eep] cs=1 sk=0 di=0 do=0 es=2 bitcnt=11
[eep] cs=1 sk=1 di=0 do=0 es=2 bitcnt=11
[eep] cs=1 sk=0 di=0 do=0 es=2 bitcnt=12
[eep] cs=1 sk=1 di=0 do=0 es=2 bitcnt=12
[eep] cs=1 sk=0 di=0 do=0 es=2 bitcnt=13
[eep] cs=1 sk=1 di=0 do=0 es=2 bitcnt=13
[eep] cs=1 sk=0 di=0 do=0 es=2 bitcnt=14
[eep] cs=1 sk=1 di=0 do=0 es=2 bitcnt=14
[eep] cs=1 sk=0 di=0 do=0 es=2 bitcnt=15
[eep] cs=1 sk=1 di=0 do=0 es=2 bitcnt=15
[eep] cs=1 sk=1 di=0 do=1 es=4 bitcnt=0
[eep] cs=1 sk=0 di=0 do=1 es=4 bitcnt=0
[eep] cs=1 sk=1 di=0 do=1 es=4 bitcnt=0
[eep] cs=1 sk=0 di=0 do=1 es=4 bitcnt=0
[eep] cs=1 sk=1 di=0 do=1 es=4 bitcnt=0
[eep] cs=0 sk=0 di=0 do=1 es=4 bitcnt=0
[eep] cs=0 sk=1 di=0 do=1 es=0 bitcnt=0
[eep] cs=1 sk=0 di=0 do=1 es=0 bitcnt=0
[eep] cs=1 sk=1 di=0 do=1 es=0 bitcnt=0
[eep] cs=1 sk=0 di=1 do=1 es=0 bitcnt=0
[eep] cs=1 sk=1 di=1 do=1 es=0 bitcnt=0
[eep] cs=1 sk=0 di=1 do=1 es=1 bitcnt=0
[eep] cs=1 sk=1 di=1 do=1 es=1 bitcnt=0
[eep] cs=1 sk=0 di=0 do=1 es=1 bitcnt=1
[eep] cs=1 sk=1 di=0 do=1 es=1 bitcnt=1
[eep] cs=1 sk=0 di=0 do=1 es=1 bitcnt=2
[eep] cs=1 sk=1 di=0 do=1 es=1 bitcnt=2
[eep] cs=1 sk=0 di=0 do=1 es=1 bitcnt=3
[eep] cs=1 sk=1 di=0 do=1 es=1 bitcnt=3
[eep] cs=1 sk=0 di=1 do=1 es=1 bitcnt=4
[eep] cs=1 sk=1 di=1 do=1 es=1 bitcnt=4
[eep] cs=1 sk=0 di=0 do=1 es=1 bitcnt=5
[eep] cs=1 sk=1 di=0 do=1 es=1 bitcnt=5
[eep] cs=1 sk=0 di=1 do=1 es=1 bitcnt=6
[eep] cs=1 sk=1 di=1 do=1 es=1 bitcnt=6
[eep] cs=1 sk=0 di=0 do=1 es=1 bitcnt=7
[eep] cs=1 sk=1 di=0 do=1 es=1 bitcnt=7
[eep] cs=1 sk=1 di=0 do=0 es=2 bitcnt=0
[eep] cs=1 sk=0 di=0 do=0 es=2 bitcnt=0
[eep] cs=1 sk=1 di=0 do=0 es=2 bitcnt=0
[eep] cs=1 sk=0 di=0 do=0 es=2 bitcnt=1
[eep] cs=1 sk=1 di=0 do=0 es=2 bitcnt=1
[eep] cs=1 sk=0 di=0 do=0 es=2 bitcnt=2
[eep] cs=1 sk=1 di=0 do=0 es=2 bitcnt=2
[eep] cs=1 sk=0 di=0 do=0 es=2 bitcnt=3
[eep] cs=1 sk=1 di=0 do=0 es=2 bitcnt=3
[eep] cs=1 sk=0 di=0 do=0 es=2 bitcnt=4
[eep] cs=1 sk=1 di=0 do=0 es=2 bitcnt=4
[eep] cs=1 sk=0 di=0 do=0 es=2 bitcnt=5
[eep] cs=1 sk=1 di=0 do=0 es=2 bitcnt=5
[eep] cs=1 sk=0 di=0 do=0 es=2 bitcnt=6
[eep] cs=1 sk=1 di=0 do=0 es=2 bitcnt=6
[eep] cs=1 sk=0 di=0 do=0 es=2 bitcnt=7
[eep] cs=1 sk=1 di=0 do=0 es=2 bitcnt=7
[eep] cs=1 sk=0 di=0 do=0 es=2 bitcnt=8
[eep] cs=1 sk=1 di=0 do=0 es=2 bitcnt=8
[eep] cs=1 sk=0 di=0 do=0 es=2 bitcnt=9
[eep] cs=1 sk=1 di=0 do=0 es=2 bitcnt=9
[eep] cs=1 sk=0 di=0 do=0 es=2 bitcnt=10
[eep] cs=1 sk=1 di=0 do=0 es=2 bitcnt=10
[eep] cs=1 sk=0 di=0 do=0 es=2 bitcnt=11
[eep] cs=1 sk=1 di=0 do=0 es=2 bitcnt=11
[eep] cs=1 sk=0 di=0 do=0 es=2 bitcnt=12
[eep] cs=1 sk=1 di=0 do=0 es=2 bitcnt=12
[eep] cs=1 sk=0 di=0 do=0 es=2 bitcnt=13
[eep] cs=1 sk=1 di=0 do=0 es=2 bitcnt=13
[eep] cs=1 sk=0 di=0 do=0 es=2 bitcnt=14
[eep] cs=1 sk=1 di=0 do=0 es=2 bitcnt=14
[eep] cs=1 sk=0 di=0 do=0 es=2 bitcnt=15
[eep] cs=1 sk=1 di=0 do=0 es=2 bitcnt=15
[eep] cs=1 sk=1 di=0 do=1 es=4 bitcnt=0
[eep] cs=1 sk=0 di=0 do=1 es=4 bitcnt=0
[eep] cs=1 sk=1 di=0 do=1 es=4 bitcnt=0
[eep] cs=1 sk=0 di=0 do=1 es=4 bitcnt=0
[eep] cs=1 sk=1 di=0 do=1 es=4 bitcnt=0
[eep] cs=0 sk=0 di=0 do=1 es=4 bitcnt=0
[eep] cs=0 sk=1 di=0 do=1 es=0 bitcnt=0
[eep] cs=1 sk=0 di=0 do=1 es=0 bitcnt=0
[eep] cs=1 sk=1 di=0 do=1 es=0 bitcnt=0
[eep] cs=1 sk=0 di=1 do=1 es=0 bitcnt=0
[eep] cs=1 sk=1 di=1 do=1 es=0 bitcnt=0
[eep] cs=1 sk=0 di=1 do=1 es=1 bitcnt=0
[eep] cs=1 sk=1 di=1 do=1 es=1 bitcnt=0
[eep] cs=1 sk=0 di=0 do=1 es=1 bitcnt=1
[eep] cs=1 sk=1 di=0 do=1 es=1 bitcnt=1
[eep] cs=1 sk=0 di=0 do=1 es=1 bitcnt=2
[eep] cs=1 sk=1 di=0 do=1 es=1 bitcnt=2
[eep] cs=1 sk=0 di=0 do=1 es=1 bitcnt=3
[eep] cs=1 sk=1 di=0 do=1 es=1 bitcnt=3
[eep] cs=1 sk=0 di=1 do=1 es=1 bitcnt=4
[eep] cs=1 sk=1 di=1 do=1 es=1 bitcnt=4
[eep] cs=1 sk=0 di=0 do=1 es=1 bitcnt=5
[eep] cs=1 sk=1 di=0 do=1 es=1 bitcnt=5
[eep] cs=1 sk=0 di=1 do=1 es=1 bitcnt=6
[eep] cs=1 sk=1 di=1 do=1 es=1 bitcnt=6
[eep] cs=1 sk=0 di=1 do=1 es=1 bitcnt=7
[eep] cs=1 sk=1 di=1 do=1 es=1 bitcnt=7
[eep] cs=1 sk=1 di=1 do=0 es=2 bitcnt=0
[eep] cs=1 sk=0 di=0 do=0 es=2 bitcnt=0
[eep] cs=1 sk=1 di=0 do=0 es=2 bitcnt=0
[eep] cs=1 sk=0 di=0 do=0 es=2 bitcnt=1
[eep] cs=1 sk=1 di=0 do=0 es=2 bitcnt=1
[eep] cs=1 sk=0 di=0 do=0 es=2 bitcnt=2
[eep] cs=1 sk=1 di=0 do=0 es=2 bitcnt=2
[eep] cs=1 sk=0 di=0 do=0 es=2 bitcnt=3
[eep] cs=1 sk=1 di=0 do=0 es=2 bitcnt=3
[eep] cs=1 sk=0 di=0 do=0 es=2 bitcnt=4
[eep] cs=1 sk=1 di=0 do=0 es=2 bitcnt=4
[eep] cs=1 sk=0 di=0 do=0 es=2 bitcnt=5
[eep] cs=1 sk=1 di=0 do=0 es=2 bitcnt=5
[eep] cs=1 sk=0 di=0 do=0 es=2 bitcnt=6
[eep] cs=1 sk=1 di=0 do=0 es=2 bitcnt=6
[eep] cs=1 sk=1 di=0 do=1 es=2 bitcnt=7
[eep] cs=1 sk=0 di=0 do=1 es=2 bitcnt=7
[eep] cs=1 sk=1 di=0 do=1 es=2 bitcnt=7
[eep] cs=1 sk=1 di=0 do=0 es=2 bitcnt=8
[eep] cs=1 sk=0 di=0 do=0 es=2 bitcnt=8
[eep] cs=1 sk=1 di=0 do=0 es=2 bitcnt=8
[eep] cs=1 sk=0 di=0 do=0 es=2 bitcnt=9
[eep] cs=1 sk=1 di=0 do=0 es=2 bitcnt=9
[eep] cs=1 sk=0 di=0 do=0 es=2 bitcnt=10
[eep] cs=1 sk=1 di=0 do=0 es=2 bitcnt=10
[eep] cs=1 sk=0 di=0 do=0 es=2 bitcnt=11
[eep] cs=1 sk=1 di=0 do=0 es=2 bitcnt=11
[eep] cs=1 sk=0 di=0 do=0 es=2 bitcnt=12
[eep] cs=1 sk=1 di=0 do=0 es=2 bitcnt=12
[eep] cs=1 sk=0 di=0 do=0 es=2 bitcnt=13
[eep] cs=1 sk=1 di=0 do=0 es=2 bitcnt=13
[eep] cs=1 sk=0 di=0 do=0 es=2 bitcnt=14
[eep] cs=1 sk=1 di=0 do=0 es=2 bitcnt=14
[eep] cs=1 sk=0 di=0 do=0 es=2 bitcnt=15
[eep] cs=1 sk=1 di=0 do=0 es=2 bitcnt=15
[eep] cs=1 sk=0 di=0 do=0 es=4 bitcnt=0
[eep] cs=1 sk=1 di=0 do=0 es=4 bitcnt=0
[eep] cs=1 sk=0 di=0 do=0 es=4 bitcnt=0
[eep] cs=1 sk=1 di=0 do=0 es=4 bitcnt=0
[eep] cs=0 sk=0 di=0 do=0 es=4 bitcnt=0
[eep] cs=0 sk=0 di=0 do=1 es=0 bitcnt=0
[eep] cs=0 sk=1 di=0 do=1 es=0 bitcnt=0
[eep] cs=1 sk=0 di=0 do=1 es=0 bitcnt=0
[eep] cs=1 sk=1 di=0 do=1 es=0 bitcnt=0
[eep] cs=1 sk=0 di=1 do=1 es=0 bitcnt=0
[eep] cs=1 sk=1 di=1 do=1 es=0 bitcnt=0
[eep] cs=1 sk=0 di=1 do=1 es=1 bitcnt=0
[eep] cs=1 sk=1 di=1 do=1 es=1 bitcnt=0
[eep] cs=1 sk=0 di=0 do=1 es=1 bitcnt=1
[eep] cs=1 sk=1 di=0 do=1 es=1 bitcnt=1
[eep] cs=1 sk=0 di=0 do=1 es=1 bitcnt=2
[eep] cs=1 sk=1 di=0 do=1 es=1 bitcnt=2
[eep] cs=1 sk=0 di=0 do=1 es=1 bitcnt=3
[eep] cs=1 sk=1 di=0 do=1 es=1 bitcnt=3
[eep] cs=1 sk=0 di=1 do=1 es=1 bitcnt=4
[eep] cs=1 sk=1 di=1 do=1 es=1 bitcnt=4
[eep] cs=1 sk=0 di=1 do=1 es=1 bitcnt=5
[eep] cs=1 sk=1 di=1 do=1 es=1 bitcnt=5
[eep] cs=1 sk=0 di=0 do=1 es=1 bitcnt=6
[eep] cs=1 sk=1 di=0 do=1 es=1 bitcnt=6
[eep] cs=1 sk=0 di=0 do=1 es=1 bitcnt=7
[eep] cs=1 sk=1 di=0 do=1 es=1 bitcnt=7
[eep] cs=1 sk=1 di=0 do=0 es=2 bitcnt=0
[eep] cs=1 sk=0 di=0 do=0 es=2 bitcnt=0
[eep] cs=1 sk=1 di=0 do=0 es=2 bitcnt=0
[eep] cs=1 sk=0 di=0 do=0 es=2 bitcnt=1
[eep] cs=1 sk=1 di=0 do=0 es=2 bitcnt=1
[eep] cs=1 sk=0 di=0 do=0 es=2 bitcnt=2
[eep] cs=1 sk=1 di=0 do=0 es=2 bitcnt=2
[eep] cs=1 sk=0 di=0 do=0 es=2 bitcnt=3
[eep] cs=1 sk=1 di=0 do=0 es=2 bitcnt=3
[eep] cs=1 sk=0 di=0 do=0 es=2 bitcnt=4
[eep] cs=1 sk=1 di=0 do=0 es=2 bitcnt=4
[eep] cs=1 sk=0 di=0 do=0 es=2 bitcnt=5
[eep] cs=1 sk=1 di=0 do=0 es=2 bitcnt=5
[eep] cs=1 sk=0 di=0 do=0 es=2 bitcnt=6
[eep] cs=1 sk=1 di=0 do=0 es=2 bitcnt=6
[eep] cs=1 sk=0 di=0 do=0 es=2 bitcnt=7
[eep] cs=1 sk=1 di=0 do=0 es=2 bitcnt=7
[eep] cs=1 sk=1 di=0 do=1 es=2 bitcnt=8
[eep] cs=1 sk=0 di=0 do=1 es=2 bitcnt=8
[eep] cs=1 sk=1 di=0 do=1 es=2 bitcnt=8
[eep] cs=1 sk=1 di=0 do=0 es=2 bitcnt=9
[eep] cs=1 sk=0 di=0 do=0 es=2 bitcnt=9
[eep] cs=1 sk=1 di=0 do=0 es=2 bitcnt=9
[eep] cs=1 sk=0 di=0 do=0 es=2 bitcnt=10
[eep] cs=1 sk=1 di=0 do=0 es=2 bitcnt=10
[eep] cs=1 sk=0 di=0 do=0 es=2 bitcnt=11
[eep] cs=1 sk=1 di=0 do=0 es=2 bitcnt=11
[eep] cs=1 sk=0 di=0 do=0 es=2 bitcnt=12
[eep] cs=1 sk=1 di=0 do=0 es=2 bitcnt=12
[eep] cs=1 sk=0 di=0 do=0 es=2 bitcnt=13
[eep] cs=1 sk=1 di=0 do=0 es=2 bitcnt=13
[eep] cs=1 sk=0 di=0 do=0 es=2 bitcnt=14
[eep] cs=1 sk=1 di=0 do=0 es=2 bitcnt=14
[eep] cs=1 sk=0 di=0 do=0 es=2 bitcnt=15
[eep] cs=1 sk=1 di=0 do=0 es=2 bitcnt=15
[eep] cs=1 sk=0 di=0 do=0 es=4 bitcnt=0
[eep] cs=1 sk=1 di=0 do=0 es=4 bitcnt=0
[eep] cs=1 sk=0 di=0 do=0 es=4 bitcnt=0
[eep] cs=1 sk=1 di=0 do=0 es=4 bitcnt=0
[eep] cs=0 sk=0 di=0 do=0 es=4 bitcnt=0
[eep] cs=0 sk=0 di=0 do=1 es=0 bitcnt=0
[eep] cs=0 sk=1 di=0 do=1 es=0 bitcnt=0
[eep] cs=1 sk=0 di=0 do=1 es=0 bitcnt=0
[eep] cs=1 sk=1 di=0 do=1 es=0 bitcnt=0
[eep] cs=1 sk=0 di=1 do=1 es=0 bitcnt=0
[eep] cs=1 sk=1 di=1 do=1 es=0 bitcnt=0
[eep] cs=1 sk=0 di=1 do=1 es=1 bitcnt=0
[eep] cs=1 sk=1 di=1 do=1 es=1 bitcnt=0
[eep] cs=1 sk=0 di=0 do=1 es=1 bitcnt=1
[eep] cs=1 sk=1 di=0 do=1 es=1 bitcnt=1
[eep] cs=1 sk=0 di=0 do=1 es=1 bitcnt=2
[eep] cs=1 sk=1 di=0 do=1 es=1 bitcnt=2
[eep] cs=1 sk=0 di=0 do=1 es=1 bitcnt=3
[eep] cs=1 sk=1 di=0 do=1 es=1 bitcnt=3
[eep] cs=1 sk=0 di=1 do=1 es=1 bitcnt=4
[eep] cs=1 sk=1 di=1 do=1 es=1 bitcnt=4
[eep] cs=1 sk=0 di=1 do=1 es=1 bitcnt=5
[eep] cs=1 sk=1 di=1 do=1 es=1 bitcnt=5
[eep] cs=1 sk=0 di=0 do=1 es=1 bitcnt=6
[eep] cs=1 sk=1 di=0 do=1 es=1 bitcnt=6
[eep] cs=1 sk=0 di=1 do=1 es=1 bitcnt=7
[eep] cs=1 sk=1 di=1 do=1 es=1 bitcnt=7
[eep] cs=1 sk=1 di=1 do=0 es=2 bitcnt=0
[eep] cs=1 sk=0 di=0 do=0 es=2 bitcnt=0
[eep] cs=1 sk=1 di=0 do=0 es=2 bitcnt=0
[eep] cs=1 sk=0 di=0 do=0 es=2 bitcnt=1
[eep] cs=1 sk=1 di=0 do=0 es=2 bitcnt=1
[eep] cs=1 sk=0 di=0 do=0 es=2 bitcnt=2
[eep] cs=1 sk=1 di=0 do=0 es=2 bitcnt=2
[eep] cs=1 sk=0 di=0 do=0 es=2 bitcnt=3
[eep] cs=1 sk=1 di=0 do=0 es=2 bitcnt=3
[eep] cs=1 sk=0 di=0 do=0 es=2 bitcnt=4
[eep] cs=1 sk=1 di=0 do=0 es=2 bitcnt=4
[eep] cs=1 sk=0 di=0 do=0 es=2 bitcnt=5
[eep] cs=1 sk=1 di=0 do=0 es=2 bitcnt=5
[eep] cs=1 sk=0 di=0 do=0 es=2 bitcnt=6
[eep] cs=1 sk=1 di=0 do=0 es=2 bitcnt=6
[eep] cs=1 sk=0 di=0 do=0 es=2 bitcnt=7
[eep] cs=1 sk=1 di=0 do=0 es=2 bitcnt=7
[eep] cs=1 sk=0 di=0 do=0 es=2 bitcnt=8
[eep] cs=1 sk=1 di=0 do=0 es=2 bitcnt=8
[eep] cs=1 sk=0 di=0 do=0 es=2 bitcnt=9
[eep] cs=1 sk=1 di=0 do=0 es=2 bitcnt=9
[eep] cs=1 sk=0 di=0 do=0 es=2 bitcnt=10
[eep] cs=1 sk=1 di=0 do=0 es=2 bitcnt=10
[eep] cs=1 sk=0 di=0 do=0 es=2 bitcnt=11
[eep] cs=1 sk=1 di=0 do=0 es=2 bitcnt=11
[eep] cs=1 sk=0 di=0 do=0 es=2 bitcnt=12
[eep] cs=1 sk=1 di=0 do=0 es=2 bitcnt=12
[eep] cs=1 sk=0 di=0 do=0 es=2 bitcnt=13
[eep] cs=1 sk=1 di=0 do=0 es=2 bitcnt=13
[eep] cs=1 sk=0 di=0 do=0 es=2 bitcnt=14
[eep] cs=1 sk=1 di=0 do=0 es=2 bitcnt=14
[eep] cs=1 sk=0 di=0 do=0 es=2 bitcnt=15
[eep] cs=1 sk=1 di=0 do=0 es=2 bitcnt=15
[eep] cs=1 sk=0 di=0 do=0 es=4 bitcnt=0
[eep] cs=1 sk=1 di=0 do=0 es=4 bitcnt=0
[eep] cs=1 sk=0 di=0 do=0 es=4 bitcnt=0
[eep] cs=1 sk=1 di=0 do=0 es=4 bitcnt=0
[eep] cs=0 sk=0 di=0 do=0 es=4 bitcnt=0
[eep] cs=0 sk=0 di=0 do=1 es=0 bitcnt=0
[eep] cs=0 sk=1 di=0 do=1 es=0 bitcnt=0
[eep] cs=1 sk=0 di=0 do=1 es=0 bitcnt=0
[eep] cs=1 sk=1 di=0 do=1 es=0 bitcnt=0
[eep] cs=1 sk=0 di=1 do=1 es=0 bitcnt=0
[eep] cs=1 sk=1 di=1 do=1 es=0 bitcnt=0
[eep] cs=1 sk=0 di=1 do=1 es=1 bitcnt=0
[eep] cs=1 sk=1 di=1 do=1 es=1 bitcnt=0
[eep] cs=1 sk=0 di=0 do=1 es=1 bitcnt=1
[eep] cs=1 sk=1 di=0 do=1 es=1 bitcnt=1
[eep] cs=1 sk=0 di=0 do=1 es=1 bitcnt=2
[eep] cs=1 sk=1 di=0 do=1 es=1 bitcnt=2
[eep] cs=1 sk=0 di=0 do=1 es=1 bitcnt=3
[eep] cs=1 sk=1 di=0 do=1 es=1 bitcnt=3
[eep] cs=1 sk=0 di=1 do=1 es=1 bitcnt=4
[eep] cs=1 sk=1 di=1 do=1 es=1 bitcnt=4
[eep] cs=1 sk=0 di=1 do=1 es=1 bitcnt=5
[eep] cs=1 sk=1 di=1 do=1 es=1 bitcnt=5
[eep] cs=1 sk=0 di=1 do=1 es=1 bitcnt=6
[eep] cs=1 sk=1 di=1 do=1 es=1 bitcnt=6
[eep] cs=1 sk=0 di=0 do=1 es=1 bitcnt=7
[eep] cs=1 sk=1 di=0 do=1 es=1 bitcnt=7
[eep] cs=1 sk=1 di=0 do=0 es=2 bitcnt=0
[eep] cs=1 sk=0 di=0 do=0 es=2 bitcnt=0
[eep] cs=1 sk=1 di=0 do=0 es=2 bitcnt=0
[eep] cs=1 sk=0 di=0 do=0 es=2 bitcnt=1
[eep] cs=1 sk=1 di=0 do=0 es=2 bitcnt=1
[eep] cs=1 sk=0 di=0 do=0 es=2 bitcnt=2
[eep] cs=1 sk=1 di=0 do=0 es=2 bitcnt=2
[eep] cs=1 sk=0 di=0 do=0 es=2 bitcnt=3
[eep] cs=1 sk=1 di=0 do=0 es=2 bitcnt=3
[eep] cs=1 sk=0 di=0 do=0 es=2 bitcnt=4
[eep] cs=1 sk=1 di=0 do=0 es=2 bitcnt=4
[eep] cs=1 sk=0 di=0 do=0 es=2 bitcnt=5
[eep] cs=1 sk=1 di=0 do=0 es=2 bitcnt=5
[eep] cs=1 sk=0 di=0 do=0 es=2 bitcnt=6
[eep] cs=1 sk=1 di=0 do=0 es=2 bitcnt=6
[eep] cs=1 sk=0 di=0 do=0 es=2 bitcnt=7
[eep] cs=1 sk=1 di=0 do=0 es=2 bitcnt=7
[eep] cs=1 sk=0 di=0 do=0 es=2 bitcnt=8
[eep] cs=1 sk=1 di=0 do=0 es=2 bitcnt=8
[eep] cs=1 sk=0 di=0 do=0 es=2 bitcnt=9
[eep] cs=1 sk=1 di=0 do=0 es=2 bitcnt=9
[eep] cs=1 sk=0 di=0 do=0 es=2 bitcnt=10
[eep] cs=1 sk=1 di=0 do=0 es=2 bitcnt=10
[eep] cs=1 sk=0 di=0 do=0 es=2 bitcnt=11
[eep] cs=1 sk=1 di=0 do=0 es=2 bitcnt=11
[eep] cs=1 sk=0 di=0 do=0 es=2 bitcnt=12
[eep] cs=1 sk=1 di=0 do=0 es=2 bitcnt=12
[eep] cs=1 sk=0 di=0 do=0 es=2 bitcnt=13
[eep] cs=1 sk=1 di=0 do=0 es=2 bitcnt=13
[eep] cs=1 sk=0 di=0 do=0 es=2 bitcnt=14
[eep] cs=1 sk=1 di=0 do=0 es=2 bitcnt=14
[eep] cs=1 sk=0 di=0 do=0 es=2 bitcnt=15
[eep] cs=1 sk=1 di=0 do=0 es=2 bitcnt=15
[eep] cs=1 sk=0 di=0 do=0 es=4 bitcnt=0
[eep] cs=1 sk=1 di=0 do=0 es=4 bitcnt=0
[eep] cs=1 sk=0 di=0 do=0 es=4 bitcnt=0
[eep] cs=1 sk=1 di=0 do=0 es=4 bitcnt=0
[eep] cs=0 sk=0 di=0 do=0 es=4 bitcnt=0
[eep] cs=0 sk=0 di=0 do=1 es=0 bitcnt=0
[eep] cs=0 sk=1 di=0 do=1 es=0 bitcnt=0
[eep] cs=1 sk=0 di=0 do=1 es=0 bitcnt=0
[eep] cs=1 sk=1 di=0 do=1 es=0 bitcnt=0
[eep] cs=1 sk=0 di=1 do=1 es=0 bitcnt=0
[eep] cs=1 sk=1 di=1 do=1 es=0 bitcnt=0
[eep] cs=1 sk=0 di=1 do=1 es=1 bitcnt=0
[eep] cs=1 sk=1 di=1 do=1 es=1 bitcnt=0
[eep] cs=1 sk=0 di=0 do=1 es=1 bitcnt=1
[eep] cs=1 sk=1 di=0 do=1 es=1 bitcnt=1
[eep] cs=1 sk=0 di=0 do=1 es=1 bitcnt=2
[eep] cs=1 sk=1 di=0 do=1 es=1 bitcnt=2
[eep] cs=1 sk=0 di=0 do=1 es=1 bitcnt=3
[eep] cs=1 sk=1 di=0 do=1 es=1 bitcnt=3
[eep] cs=1 sk=0 di=1 do=1 es=1 bitcnt=4
[eep] cs=1 sk=1 di=1 do=1 es=1 bitcnt=4
[eep] cs=1 sk=0 di=1 do=1 es=1 bitcnt=5
[eep] cs=1 sk=1 di=1 do=1 es=1 bitcnt=5
[eep] cs=1 sk=0 di=1 do=1 es=1 bitcnt=6
[eep] cs=1 sk=1 di=1 do=1 es=1 bitcnt=6
[eep] cs=1 sk=0 di=1 do=1 es=1 bitcnt=7
[eep] cs=1 sk=1 di=1 do=1 es=1 bitcnt=7
[eep] cs=1 sk=1 di=1 do=0 es=2 bitcnt=0
[eep] cs=1 sk=0 di=0 do=0 es=2 bitcnt=0
[eep] cs=1 sk=1 di=0 do=0 es=2 bitcnt=0
[eep] cs=1 sk=0 di=0 do=0 es=2 bitcnt=1
[eep] cs=1 sk=1 di=0 do=0 es=2 bitcnt=1
[eep] cs=1 sk=0 di=0 do=0 es=2 bitcnt=2
[eep] cs=1 sk=1 di=0 do=0 es=2 bitcnt=2
[eep] cs=1 sk=0 di=0 do=0 es=2 bitcnt=3
[eep] cs=1 sk=1 di=0 do=0 es=2 bitcnt=3
[eep] cs=1 sk=0 di=0 do=0 es=2 bitcnt=4
[eep] cs=1 sk=1 di=0 do=0 es=2 bitcnt=4
[eep] cs=1 sk=0 di=0 do=0 es=2 bitcnt=5
[eep] cs=1 sk=1 di=0 do=0 es=2 bitcnt=5
[eep] cs=1 sk=0 di=0 do=0 es=2 bitcnt=6
[eep] cs=1 sk=1 di=0 do=0 es=2 bitcnt=6
[eep] cs=1 sk=0 di=0 do=0 es=2 bitcnt=7
[eep] cs=1 sk=1 di=0 do=0 es=2 bitcnt=7
[eep] cs=1 sk=0 di=0 do=0 es=2 bitcnt=8
[eep] cs=1 sk=1 di=0 do=0 es=2 bitcnt=8
[eep] cs=1 sk=0 di=0 do=0 es=2 bitcnt=9
[eep] cs=1 sk=1 di=0 do=0 es=2 bitcnt=9
[eep] cs=1 sk=0 di=0 do=0 es=2 bitcnt=10
[eep] cs=1 sk=1 di=0 do=0 es=2 bitcnt=10
[eep] cs=1 sk=0 di=0 do=0 es=2 bitcnt=11
[eep] cs=1 sk=1 di=0 do=0 es=2 bitcnt=11
[eep] cs=1 sk=0 di=0 do=0 es=2 bitcnt=12
[eep] cs=1 sk=1 di=0 do=0 es=2 bitcnt=12
[eep] cs=1 sk=0 di=0 do=0 es=2 bitcnt=13
[eep] cs=1 sk=1 di=0 do=0 es=2 bitcnt=13
[eep] cs=1 sk=0 di=0 do=0 es=2 bitcnt=14
[eep] cs=1 sk=1 di=0 do=0 es=2 bitcnt=14
[eep] cs=1 sk=0 di=0 do=0 es=2 bitcnt=15
[eep] cs=1 sk=1 di=0 do=0 es=2 bitcnt=15
[eep] cs=1 sk=0 di=0 do=0 es=4 bitcnt=0
[eep] cs=1 sk=1 di=0 do=0 es=4 bitcnt=0
[eep] cs=1 sk=0 di=0 do=0 es=4 bitcnt=0
[eep] cs=1 sk=1 di=0 do=0 es=4 bitcnt=0
[eep] cs=0 sk=0 di=0 do=0 es=4 bitcnt=0
[eep] cs=0 sk=0 di=0 do=1 es=0 bitcnt=0
[eep] cs=0 sk=1 di=0 do=1 es=0 bitcnt=0
[eep] cs=1 sk=0 di=0 do=1 es=0 bitcnt=0
[eep] cs=1 sk=1 di=0 do=1 es=0 bitcnt=0
[eep] cs=1 sk=0 di=1 do=1 es=0 bitcnt=0
[eep] cs=1 sk=1 di=1 do=1 es=0 bitcnt=0
[eep] cs=1 sk=0 di=1 do=1 es=1 bitcnt=0
[eep] cs=1 sk=1 di=1 do=1 es=1 bitcnt=0
[eep] cs=1 sk=0 di=0 do=1 es=1 bitcnt=1
[eep] cs=1 sk=1 di=0 do=1 es=1 bitcnt=1
[eep] cs=1 sk=0 di=0 do=1 es=1 bitcnt=2
[eep] cs=1 sk=1 di=0 do=1 es=1 bitcnt=2
[eep] cs=1 sk=0 di=1 do=1 es=1 bitcnt=3
[eep] cs=1 sk=1 di=1 do=1 es=1 bitcnt=3
[eep] cs=1 sk=0 di=0 do=1 es=1 bitcnt=4
[eep] cs=1 sk=1 di=0 do=1 es=1 bitcnt=4
[eep] cs=1 sk=0 di=0 do=1 es=1 bitcnt=5
[eep] cs=1 sk=1 di=0 do=1 es=1 bitcnt=5
[eep] cs=1 sk=0 di=0 do=1 es=1 bitcnt=6
[eep] cs=1 sk=1 di=0 do=1 es=1 bitcnt=6
[eep] cs=1 sk=0 di=0 do=1 es=1 bitcnt=7
[eep] cs=1 sk=1 di=0 do=1 es=1 bitcnt=7
[eep] cs=1 sk=1 di=0 do=0 es=2 bitcnt=0
[eep] cs=1 sk=0 di=0 do=0 es=2 bitcnt=0
[eep] cs=1 sk=1 di=0 do=0 es=2 bitcnt=0
[eep] cs=1 sk=0 di=0 do=0 es=2 bitcnt=1
[eep] cs=1 sk=1 di=0 do=0 es=2 bitcnt=1
[eep] cs=1 sk=0 di=0 do=0 es=2 bitcnt=2
[eep] cs=1 sk=1 di=0 do=0 es=2 bitcnt=2
[eep] cs=1 sk=0 di=0 do=0 es=2 bitcnt=3
[eep] cs=1 sk=1 di=0 do=0 es=2 bitcnt=3
[eep] cs=1 sk=0 di=0 do=0 es=2 bitcnt=4
[eep] cs=1 sk=1 di=0 do=0 es=2 bitcnt=4
[eep] cs=1 sk=0 di=0 do=0 es=2 bitcnt=5
[eep] cs=1 sk=1 di=0 do=0 es=2 bitcnt=5
[eep] cs=1 sk=1 di=0 do=1 es=2 bitcnt=6
[eep] cs=1 sk=0 di=0 do=1 es=2 bitcnt=6
[eep] cs=1 sk=1 di=0 do=1 es=2 bitcnt=6
[eep] cs=1 sk=0 di=0 do=1 es=2 bitcnt=7
[eep] cs=1 sk=1 di=0 do=1 es=2 bitcnt=7
[eep] cs=1 sk=0 di=0 do=1 es=2 bitcnt=8
[eep] cs=1 sk=1 di=0 do=1 es=2 bitcnt=8
[eep] cs=1 sk=1 di=0 do=0 es=2 bitcnt=9
[eep] cs=1 sk=0 di=0 do=0 es=2 bitcnt=9
[eep] cs=1 sk=1 di=0 do=0 es=2 bitcnt=9
[eep] cs=1 sk=1 di=0 do=1 es=2 bitcnt=10
[eep] cs=1 sk=0 di=0 do=1 es=2 bitcnt=10
[eep] cs=1 sk=1 di=0 do=1 es=2 bitcnt=10
[eep] cs=1 sk=0 di=0 do=1 es=2 bitcnt=11
[eep] cs=1 sk=1 di=0 do=1 es=2 bitcnt=11
[eep] cs=1 sk=1 di=0 do=0 es=2 bitcnt=12
[eep] cs=1 sk=0 di=0 do=0 es=2 bitcnt=12
[eep] cs=1 sk=1 di=0 do=0 es=2 bitcnt=12
[eep] cs=1 sk=0 di=0 do=0 es=2 bitcnt=13
[eep] cs=1 sk=1 di=0 do=0 es=2 bitcnt=13
[eep] cs=1 sk=0 di=0 do=0 es=2 bitcnt=14
[eep] cs=1 sk=1 di=0 do=0 es=2 bitcnt=14
[eep] cs=1 sk=0 di=0 do=0 es=2 bitcnt=15
[eep] cs=1 sk=1 di=0 do=0 es=2 bitcnt=15
[eep] cs=1 sk=0 di=0 do=0 es=4 bitcnt=0
[eep] cs=1 sk=1 di=0 do=0 es=4 bitcnt=0
[eep] cs=1 sk=0 di=0 do=0 es=4 bitcnt=0
[eep] cs=1 sk=1 di=0 do=0 es=4 bitcnt=0
[eep] cs=0 sk=0 di=0 do=0 es=4 bitcnt=0
[eep] cs=0 sk=0 di=0 do=1 es=0 bitcnt=0
[eep] cs=0 sk=1 di=0 do=1 es=0 bitcnt=0
[eep] cs=1 sk=0 di=0 do=1 es=0 bitcnt=0
[eep] cs=1 sk=1 di=0 do=1 es=0 bitcnt=0
[eep] cs=1 sk=0 di=1 do=1 es=0 bitcnt=0
[eep] cs=1 sk=1 di=1 do=1 es=0 bitcnt=0
[eep] cs=1 sk=0 di=1 do=1 es=1 bitcnt=0
[eep] cs=1 sk=1 di=1 do=1 es=1 bitcnt=0
[eep] cs=1 sk=0 di=0 do=1 es=1 bitcnt=1
[eep] cs=1 sk=1 di=0 do=1 es=1 bitcnt=1
[eep] cs=1 sk=0 di=0 do=1 es=1 bitcnt=2
[eep] cs=1 sk=1 di=0 do=1 es=1 bitcnt=2
[eep] cs=1 sk=0 di=1 do=1 es=1 bitcnt=3
[eep] cs=1 sk=1 di=1 do=1 es=1 bitcnt=3
[eep] cs=1 sk=0 di=0 do=1 es=1 bitcnt=4
[eep] cs=1 sk=1 di=0 do=1 es=1 bitcnt=4
[eep] cs=1 sk=0 di=0 do=1 es=1 bitcnt=5
[eep] cs=1 sk=1 di=0 do=1 es=1 bitcnt=5
[eep] cs=1 sk=0 di=0 do=1 es=1 bitcnt=6
[eep] cs=1 sk=1 di=0 do=1 es=1 bitcnt=6
[eep] cs=1 sk=0 di=1 do=1 es=1 bitcnt=7
[eep] cs=1 sk=1 di=1 do=1 es=1 bitcnt=7
[eep] cs=1 sk=1 di=1 do=0 es=2 bitcnt=0
[eep] cs=1 sk=0 di=0 do=0 es=2 bitcnt=0
[eep] cs=1 sk=1 di=0 do=0 es=2 bitcnt=0
[eep] cs=1 sk=0 di=0 do=0 es=2 bitcnt=1
[eep] cs=1 sk=1 di=0 do=0 es=2 bitcnt=1
[eep] cs=1 sk=0 di=0 do=0 es=2 bitcnt=2
[eep] cs=1 sk=1 di=0 do=0 es=2 bitcnt=2
[eep] cs=1 sk=0 di=0 do=0 es=2 bitcnt=3
[eep] cs=1 sk=1 di=0 do=0 es=2 bitcnt=3
[eep] cs=1 sk=0 di=0 do=0 es=2 bitcnt=4
[eep] cs=1 sk=1 di=0 do=0 es=2 bitcnt=4
[eep] cs=1 sk=0 di=0 do=0 es=2 bitcnt=5
[eep] cs=1 sk=1 di=0 do=0 es=2 bitcnt=5
[eep] cs=1 sk=1 di=0 do=1 es=2 bitcnt=6
[eep] cs=1 sk=0 di=0 do=1 es=2 bitcnt=6
[eep] cs=1 sk=1 di=0 do=1 es=2 bitcnt=6
[eep] cs=1 sk=0 di=0 do=1 es=2 bitcnt=7
[eep] cs=1 sk=1 di=0 do=1 es=2 bitcnt=7
[eep] cs=1 sk=0 di=0 do=1 es=2 bitcnt=8
[eep] cs=1 sk=1 di=0 do=1 es=2 bitcnt=8
[eep] cs=1 sk=1 di=0 do=0 es=2 bitcnt=9
[eep] cs=1 sk=0 di=0 do=0 es=2 bitcnt=9
[eep] cs=1 sk=1 di=0 do=0 es=2 bitcnt=9
[eep] cs=1 sk=0 di=0 do=0 es=2 bitcnt=10
[eep] cs=1 sk=1 di=0 do=0 es=2 bitcnt=10
[eep] cs=1 sk=0 di=0 do=0 es=2 bitcnt=11
[eep] cs=1 sk=1 di=0 do=0 es=2 bitcnt=11
[eep] cs=1 sk=0 di=0 do=0 es=2 bitcnt=12
[eep] cs=1 sk=1 di=0 do=0 es=2 bitcnt=12
[eep] cs=1 sk=0 di=0 do=0 es=2 bitcnt=13
[eep] cs=1 sk=1 di=0 do=0 es=2 bitcnt=13
[eep] cs=1 sk=1 di=0 do=1 es=2 bitcnt=14
[eep] cs=1 sk=0 di=0 do=1 es=2 bitcnt=14
[eep] cs=1 sk=1 di=0 do=1 es=2 bitcnt=14
[eep] cs=1 sk=0 di=0 do=1 es=2 bitcnt=15
[eep] cs=1 sk=1 di=0 do=1 es=2 bitcnt=15
[eep] cs=1 sk=0 di=0 do=1 es=4 bitcnt=0
[eep] cs=1 sk=1 di=0 do=1 es=4 bitcnt=0
[eep] cs=1 sk=0 di=0 do=1 es=4 bitcnt=0
[eep] cs=1 sk=1 di=0 do=1 es=4 bitcnt=0
[eep] cs=0 sk=0 di=0 do=1 es=4 bitcnt=0
[eep] cs=0 sk=1 di=0 do=1 es=0 bitcnt=0
[eep] cs=1 sk=0 di=0 do=1 es=0 bitcnt=0
[eep] cs=1 sk=1 di=0 do=1 es=0 bitcnt=0
[eep] cs=1 sk=0 di=1 do=1 es=0 bitcnt=0
[eep] cs=1 sk=1 di=1 do=1 es=0 bitcnt=0
[eep] cs=1 sk=0 di=1 do=1 es=1 bitcnt=0
[eep] cs=1 sk=1 di=1 do=1 es=1 bitcnt=0
[eep] cs=1 sk=0 di=0 do=1 es=1 bitcnt=1
[eep] cs=1 sk=1 di=0 do=1 es=1 bitcnt=1
[eep] cs=1 sk=0 di=0 do=1 es=1 bitcnt=2
[eep] cs=1 sk=1 di=0 do=1 es=1 bitcnt=2
[eep] cs=1 sk=0 di=1 do=1 es=1 bitcnt=3
[eep] cs=1 sk=1 di=1 do=1 es=1 bitcnt=3
[eep] cs=1 sk=0 di=0 do=1 es=1 bitcnt=4
[eep] cs=1 sk=1 di=0 do=1 es=1 bitcnt=4
[eep] cs=1 sk=0 di=0 do=1 es=1 bitcnt=5
[eep] cs=1 sk=1 di=0 do=1 es=1 bitcnt=5
[eep] cs=1 sk=0 di=1 do=1 es=1 bitcnt=6
[eep] cs=1 sk=1 di=1 do=1 es=1 bitcnt=6
[eep] cs=1 sk=0 di=0 do=1 es=1 bitcnt=7
[eep] cs=1 sk=1 di=0 do=1 es=1 bitcnt=7
[eep] cs=1 sk=1 di=0 do=0 es=2 bitcnt=0
[eep] cs=1 sk=0 di=0 do=0 es=2 bitcnt=0
[eep] cs=1 sk=1 di=0 do=0 es=2 bitcnt=0
[eep] cs=1 sk=0 di=0 do=0 es=2 bitcnt=1
[eep] cs=1 sk=1 di=0 do=0 es=2 bitcnt=1
[eep] cs=1 sk=0 di=0 do=0 es=2 bitcnt=2
[eep] cs=1 sk=1 di=0 do=0 es=2 bitcnt=2
[eep] cs=1 sk=0 di=0 do=0 es=2 bitcnt=3
[eep] cs=1 sk=1 di=0 do=0 es=2 bitcnt=3
[eep] cs=1 sk=0 di=0 do=0 es=2 bitcnt=4
[eep] cs=1 sk=1 di=0 do=0 es=2 bitcnt=4
[eep] cs=1 sk=0 di=0 do=0 es=2 bitcnt=5
[eep] cs=1 sk=1 di=0 do=0 es=2 bitcnt=5
[eep] cs=1 sk=0 di=0 do=0 es=2 bitcnt=6
[eep] cs=1 sk=1 di=0 do=0 es=2 bitcnt=6
[eep] cs=1 sk=0 di=0 do=0 es=2 bitcnt=7
[eep] cs=1 sk=1 di=0 do=0 es=2 bitcnt=7
[eep] cs=1 sk=0 di=0 do=0 es=2 bitcnt=8
[eep] cs=1 sk=1 di=0 do=0 es=2 bitcnt=8
[eep] cs=1 sk=0 di=0 do=0 es=2 bitcnt=9
[eep] cs=1 sk=1 di=0 do=0 es=2 bitcnt=9
[eep] cs=1 sk=0 di=0 do=0 es=2 bitcnt=10
[eep] cs=1 sk=1 di=0 do=0 es=2 bitcnt=10
[eep] cs=1 sk=0 di=0 do=0 es=2 bitcnt=11
[eep] cs=1 sk=1 di=0 do=0 es=2 bitcnt=11
[eep] cs=1 sk=0 di=0 do=0 es=2 bitcnt=12
[eep] cs=1 sk=1 di=0 do=0 es=2 bitcnt=12
[eep] cs=1 sk=0 di=0 do=0 es=2 bitcnt=13
[eep] cs=1 sk=1 di=0 do=0 es=2 bitcnt=13
[eep] cs=1 sk=0 di=0 do=0 es=2 bitcnt=14
[eep] cs=1 sk=1 di=0 do=0 es=2 bitcnt=14
[eep] cs=1 sk=0 di=0 do=0 es=2 bitcnt=15
[eep] cs=1 sk=1 di=0 do=0 es=2 bitcnt=15
[eep] cs=1 sk=0 di=0 do=0 es=4 bitcnt=0
[eep] cs=1 sk=1 di=0 do=0 es=4 bitcnt=0
[eep] cs=1 sk=0 di=0 do=0 es=4 bitcnt=0
[eep] cs=1 sk=1 di=0 do=0 es=4 bitcnt=0
[eep] cs=0 sk=0 di=0 do=0 es=4 bitcnt=0
[eep] cs=0 sk=0 di=0 do=1 es=0 bitcnt=0
[eep] cs=0 sk=1 di=0 do=1 es=0 bitcnt=0
[eep] cs=1 sk=0 di=0 do=1 es=0 bitcnt=0
[eep] cs=1 sk=1 di=0 do=1 es=0 bitcnt=0
[eep] cs=1 sk=0 di=1 do=1 es=0 bitcnt=0
[eep] cs=1 sk=1 di=1 do=1 es=0 bitcnt=0
[eep] cs=1 sk=0 di=1 do=1 es=1 bitcnt=0
[eep] cs=1 sk=1 di=1 do=1 es=1 bitcnt=0
[eep] cs=1 sk=0 di=0 do=1 es=1 bitcnt=1
[eep] cs=1 sk=1 di=0 do=1 es=1 bitcnt=1
[eep] cs=1 sk=0 di=0 do=1 es=1 bitcnt=2
[eep] cs=1 sk=1 di=0 do=1 es=1 bitcnt=2
[eep] cs=1 sk=0 di=1 do=1 es=1 bitcnt=3
[eep] cs=1 sk=1 di=1 do=1 es=1 bitcnt=3
[eep] cs=1 sk=0 di=0 do=1 es=1 bitcnt=4
[eep] cs=1 sk=1 di=0 do=1 es=1 bitcnt=4
[eep] cs=1 sk=0 di=0 do=1 es=1 bitcnt=5
[eep] cs=1 sk=1 di=0 do=1 es=1 bitcnt=5
[eep] cs=1 sk=0 di=1 do=1 es=1 bitcnt=6
[eep] cs=1 sk=1 di=1 do=1 es=1 bitcnt=6
[eep] cs=1 sk=0 di=1 do=1 es=1 bitcnt=7
[eep] cs=1 sk=1 di=1 do=1 es=1 bitcnt=7
[eep] cs=1 sk=1 di=1 do=0 es=2 bitcnt=0
[eep] cs=1 sk=0 di=0 do=0 es=2 bitcnt=0
[eep] cs=1 sk=1 di=0 do=0 es=2 bitcnt=0
[eep] cs=1 sk=0 di=0 do=0 es=2 bitcnt=1
[eep] cs=1 sk=1 di=0 do=0 es=2 bitcnt=1
[eep] cs=1 sk=0 di=0 do=0 es=2 bitcnt=2
[eep] cs=1 sk=1 di=0 do=0 es=2 bitcnt=2
[eep] cs=1 sk=0 di=0 do=0 es=2 bitcnt=3
[eep] cs=1 sk=1 di=0 do=0 es=2 bitcnt=3
[eep] cs=1 sk=0 di=0 do=0 es=2 bitcnt=4
[eep] cs=1 sk=1 di=0 do=0 es=2 bitcnt=4
[eep] cs=1 sk=0 di=0 do=0 es=2 bitcnt=5
[eep] cs=1 sk=1 di=0 do=0 es=2 bitcnt=5
[eep] cs=1 sk=0 di=0 do=0 es=2 bitcnt=6
[eep] cs=1 sk=1 di=0 do=0 es=2 bitcnt=6
[eep] cs=1 sk=0 di=0 do=0 es=2 bitcnt=7
[eep] cs=1 sk=1 di=0 do=0 es=2 bitcnt=7
[eep] cs=1 sk=0 di=0 do=0 es=2 bitcnt=8
[eep] cs=1 sk=1 di=0 do=0 es=2 bitcnt=8
[eep] cs=1 sk=0 di=0 do=0 es=2 bitcnt=9
[eep] cs=1 sk=1 di=0 do=0 es=2 bitcnt=9
[eep] cs=1 sk=0 di=0 do=0 es=2 bitcnt=10
[eep] cs=1 sk=1 di=0 do=0 es=2 bitcnt=10
[eep] cs=1 sk=0 di=0 do=0 es=2 bitcnt=11
[eep] cs=1 sk=1 di=0 do=0 es=2 bitcnt=11
[eep] cs=1 sk=0 di=0 do=0 es=2 bitcnt=12
[eep] cs=1 sk=1 di=0 do=0 es=2 bitcnt=12
[eep] cs=1 sk=0 di=0 do=0 es=2 bitcnt=13
[eep] cs=1 sk=1 di=0 do=0 es=2 bitcnt=13
[eep] cs=1 sk=0 di=0 do=0 es=2 bitcnt=14
[eep] cs=1 sk=1 di=0 do=0 es=2 bitcnt=14
[eep] cs=1 sk=0 di=0 do=0 es=2 bitcnt=15
[eep] cs=1 sk=1 di=0 do=0 es=2 bitcnt=15
[eep] cs=1 sk=0 di=0 do=0 es=4 bitcnt=0
[eep] cs=1 sk=1 di=0 do=0 es=4 bitcnt=0
[eep] cs=1 sk=0 di=0 do=0 es=4 bitcnt=0
[eep] cs=1 sk=1 di=0 do=0 es=4 bitcnt=0
[eep] cs=0 sk=0 di=0 do=0 es=4 bitcnt=0
[eep] cs=0 sk=0 di=0 do=1 es=0 bitcnt=0
[eep] cs=0 sk=1 di=0 do=1 es=0 bitcnt=0
[eep] cs=1 sk=0 di=0 do=1 es=0 bitcnt=0
[eep] cs=1 sk=1 di=0 do=1 es=0 bitcnt=0
[eep] cs=1 sk=0 di=1 do=1 es=0 bitcnt=0
[eep] cs=1 sk=1 di=1 do=1 es=0 bitcnt=0
[eep] cs=1 sk=0 di=1 do=1 es=1 bitcnt=0
[eep] cs=1 sk=1 di=1 do=1 es=1 bitcnt=0
[eep] cs=1 sk=0 di=0 do=1 es=1 bitcnt=1
[eep] cs=1 sk=1 di=0 do=1 es=1 bitcnt=1
[eep] cs=1 sk=0 di=0 do=1 es=1 bitcnt=2
[eep] cs=1 sk=1 di=0 do=1 es=1 bitcnt=2
[eep] cs=1 sk=0 di=1 do=1 es=1 bitcnt=3
[eep] cs=1 sk=1 di=1 do=1 es=1 bitcnt=3
[eep] cs=1 sk=0 di=0 do=1 es=1 bitcnt=4
[eep] cs=1 sk=1 di=0 do=1 es=1 bitcnt=4
[eep] cs=1 sk=0 di=1 do=1 es=1 bitcnt=5
[eep] cs=1 sk=1 di=1 do=1 es=1 bitcnt=5
[eep] cs=1 sk=0 di=0 do=1 es=1 bitcnt=6
[eep] cs=1 sk=1 di=0 do=1 es=1 bitcnt=6
[eep] cs=1 sk=0 di=0 do=1 es=1 bitcnt=7
[eep] cs=1 sk=1 di=0 do=1 es=1 bitcnt=7
[eep] cs=1 sk=1 di=0 do=0 es=2 bitcnt=0
[eep] cs=1 sk=0 di=0 do=0 es=2 bitcnt=0
[eep] cs=1 sk=1 di=0 do=0 es=2 bitcnt=0
[eep] cs=1 sk=0 di=0 do=0 es=2 bitcnt=1
[eep] cs=1 sk=1 di=0 do=0 es=2 bitcnt=1
[eep] cs=1 sk=0 di=0 do=0 es=2 bitcnt=2
[eep] cs=1 sk=1 di=0 do=0 es=2 bitcnt=2
[eep] cs=1 sk=0 di=0 do=0 es=2 bitcnt=3
[eep] cs=1 sk=1 di=0 do=0 es=2 bitcnt=3
[eep] cs=1 sk=0 di=0 do=0 es=2 bitcnt=4
[eep] cs=1 sk=1 di=0 do=0 es=2 bitcnt=4
[eep] cs=1 sk=0 di=0 do=0 es=2 bitcnt=5
[eep] cs=1 sk=1 di=0 do=0 es=2 bitcnt=5
[eep] cs=1 sk=0 di=0 do=0 es=2 bitcnt=6
[eep] cs=1 sk=1 di=0 do=0 es=2 bitcnt=6
[eep] cs=1 sk=0 di=0 do=0 es=2 bitcnt=7
[eep] cs=1 sk=1 di=0 do=0 es=2 bitcnt=7
[eep] cs=1 sk=0 di=0 do=0 es=2 bitcnt=8
[eep] cs=1 sk=1 di=0 do=0 es=2 bitcnt=8
[eep] cs=1 sk=0 di=0 do=0 es=2 bitcnt=9
[eep] cs=1 sk=1 di=0 do=0 es=2 bitcnt=9
[eep] cs=1 sk=0 di=0 do=0 es=2 bitcnt=10
[eep] cs=1 sk=1 di=0 do=0 es=2 bitcnt=10
[eep] cs=1 sk=0 di=0 do=0 es=2 bitcnt=11
[eep] cs=1 sk=1 di=0 do=0 es=2 bitcnt=11
[eep] cs=1 sk=0 di=0 do=0 es=2 bitcnt=12
[eep] cs=1 sk=1 di=0 do=0 es=2 bitcnt=12
[eep] cs=1 sk=0 di=0 do=0 es=2 bitcnt=13
[eep] cs=1 sk=1 di=0 do=0 es=2 bitcnt=13
[eep] cs=1 sk=0 di=0 do=0 es=2 bitcnt=14
[eep] cs=1 sk=1 di=0 do=0 es=2 bitcnt=14
[eep] cs=1 sk=0 di=0 do=0 es=2 bitcnt=15
[eep] cs=1 sk=1 di=0 do=0 es=2 bitcnt=15
[eep] cs=1 sk=0 di=0 do=0 es=4 bitcnt=0
[eep] cs=1 sk=1 di=0 do=0 es=4 bitcnt=0
[eep] cs=1 sk=0 di=0 do=0 es=4 bitcnt=0
[eep] cs=1 sk=1 di=0 do=0 es=4 bitcnt=0
[eep] cs=0 sk=0 di=0 do=0 es=4 bitcnt=0
[eep] cs=0 sk=0 di=0 do=1 es=0 bitcnt=0
[eep] cs=0 sk=1 di=0 do=1 es=0 bitcnt=0
[eep] cs=1 sk=0 di=0 do=1 es=0 bitcnt=0
[eep] cs=1 sk=1 di=0 do=1 es=0 bitcnt=0
[eep] cs=1 sk=0 di=1 do=1 es=0 bitcnt=0
[eep] cs=1 sk=1 di=1 do=1 es=0 bitcnt=0
[eep] cs=1 sk=0 di=1 do=1 es=1 bitcnt=0
[eep] cs=1 sk=1 di=1 do=1 es=1 bitcnt=0
[eep] cs=1 sk=0 di=0 do=1 es=1 bitcnt=1
[eep] cs=1 sk=1 di=0 do=1 es=1 bitcnt=1
[eep] cs=1 sk=0 di=0 do=1 es=1 bitcnt=2
[eep] cs=1 sk=1 di=0 do=1 es=1 bitcnt=2
[eep] cs=1 sk=0 di=1 do=1 es=1 bitcnt=3
[eep] cs=1 sk=1 di=1 do=1 es=1 bitcnt=3
[eep] cs=1 sk=0 di=0 do=1 es=1 bitcnt=4
[eep] cs=1 sk=1 di=0 do=1 es=1 bitcnt=4
[eep] cs=1 sk=0 di=1 do=1 es=1 bitcnt=5
[eep] cs=1 sk=1 di=1 do=1 es=1 bitcnt=5
[eep] cs=1 sk=0 di=0 do=1 es=1 bitcnt=6
[eep] cs=1 sk=1 di=0 do=1 es=1 bitcnt=6
[eep] cs=1 sk=0 di=1 do=1 es=1 bitcnt=7
[eep] cs=1 sk=1 di=1 do=1 es=1 bitcnt=7
[eep] cs=1 sk=1 di=1 do=0 es=2 bitcnt=0
[eep] cs=1 sk=0 di=0 do=0 es=2 bitcnt=0
[eep] cs=1 sk=1 di=0 do=0 es=2 bitcnt=0
[eep] cs=1 sk=0 di=0 do=0 es=2 bitcnt=1
[eep] cs=1 sk=1 di=0 do=0 es=2 bitcnt=1
[eep] cs=1 sk=0 di=0 do=0 es=2 bitcnt=2
[eep] cs=1 sk=1 di=0 do=0 es=2 bitcnt=2
[eep] cs=1 sk=0 di=0 do=0 es=2 bitcnt=3
[eep] cs=1 sk=1 di=0 do=0 es=2 bitcnt=3
[eep] cs=1 sk=0 di=0 do=0 es=2 bitcnt=4
[eep] cs=1 sk=1 di=0 do=0 es=2 bitcnt=4
[eep] cs=1 sk=0 di=0 do=0 es=2 bitcnt=5
[eep] cs=1 sk=1 di=0 do=0 es=2 bitcnt=5
[eep] cs=1 sk=0 di=0 do=0 es=2 bitcnt=6
[eep] cs=1 sk=1 di=0 do=0 es=2 bitcnt=6
[eep] cs=1 sk=0 di=0 do=0 es=2 bitcnt=7
[eep] cs=1 sk=1 di=0 do=0 es=2 bitcnt=7
[eep] cs=1 sk=0 di=0 do=0 es=2 bitcnt=8
[eep] cs=1 sk=1 di=0 do=0 es=2 bitcnt=8
[eep] cs=1 sk=0 di=0 do=0 es=2 bitcnt=9
[eep] cs=1 sk=1 di=0 do=0 es=2 bitcnt=9
[eep] cs=1 sk=0 di=0 do=0 es=2 bitcnt=10
[eep] cs=1 sk=1 di=0 do=0 es=2 bitcnt=10
[eep] cs=1 sk=0 di=0 do=0 es=2 bitcnt=11
[eep] cs=1 sk=1 di=0 do=0 es=2 bitcnt=11
[eep] cs=1 sk=0 di=0 do=0 es=2 bitcnt=12
[eep] cs=1 sk=1 di=0 do=0 es=2 bitcnt=12
[eep] cs=1 sk=0 di=0 do=0 es=2 bitcnt=13
[eep] cs=1 sk=1 di=0 do=0 es=2 bitcnt=13
[eep] cs=1 sk=0 di=0 do=0 es=2 bitcnt=14
[eep] cs=1 sk=1 di=0 do=0 es=2 bitcnt=14
[eep] cs=1 sk=0 di=0 do=0 es=2 bitcnt=15
[eep] cs=1 sk=1 di=0 do=0 es=2 bitcnt=15
[eep] cs=1 sk=0 di=0 do=0 es=4 bitcnt=0
[eep] cs=1 sk=1 di=0 do=0 es=4 bitcnt=0
[eep] cs=1 sk=0 di=0 do=0 es=4 bitcnt=0
[eep] cs=1 sk=1 di=0 do=0 es=4 bitcnt=0
[eep] cs=0 sk=0 di=0 do=0 es=4 bitcnt=0
[eep] cs=0 sk=0 di=0 do=1 es=0 bitcnt=0
[eep] cs=0 sk=1 di=0 do=1 es=0 bitcnt=0
[eep] cs=1 sk=0 di=0 do=1 es=0 bitcnt=0
[eep] cs=1 sk=1 di=0 do=1 es=0 bitcnt=0
[eep] cs=1 sk=0 di=1 do=1 es=0 bitcnt=0
[eep] cs=1 sk=1 di=1 do=1 es=0 bitcnt=0
[eep] cs=1 sk=0 di=1 do=1 es=1 bitcnt=0
[eep] cs=1 sk=1 di=1 do=1 es=1 bitcnt=0
[eep] cs=1 sk=0 di=0 do=1 es=1 bitcnt=1
[eep] cs=1 sk=1 di=0 do=1 es=1 bitcnt=1
[eep] cs=1 sk=0 di=0 do=1 es=1 bitcnt=2
[eep] cs=1 sk=1 di=0 do=1 es=1 bitcnt=2
[eep] cs=1 sk=0 di=1 do=1 es=1 bitcnt=3
[eep] cs=1 sk=1 di=1 do=1 es=1 bitcnt=3
[eep] cs=1 sk=0 di=0 do=1 es=1 bitcnt=4
[eep] cs=1 sk=1 di=0 do=1 es=1 bitcnt=4
[eep] cs=1 sk=0 di=1 do=1 es=1 bitcnt=5
[eep] cs=1 sk=1 di=1 do=1 es=1 bitcnt=5
[eep] cs=1 sk=0 di=1 do=1 es=1 bitcnt=6
[eep] cs=1 sk=1 di=1 do=1 es=1 bitcnt=6
[eep] cs=1 sk=0 di=0 do=1 es=1 bitcnt=7
[eep] cs=1 sk=1 di=0 do=1 es=1 bitcnt=7
[eep] cs=1 sk=1 di=0 do=0 es=2 bitcnt=0
[eep] cs=1 sk=0 di=0 do=0 es=2 bitcnt=0
[eep] cs=1 sk=1 di=0 do=0 es=2 bitcnt=0
[eep] cs=1 sk=0 di=0 do=0 es=2 bitcnt=1
[eep] cs=1 sk=1 di=0 do=0 es=2 bitcnt=1
[eep] cs=1 sk=0 di=0 do=0 es=2 bitcnt=2
[eep] cs=1 sk=1 di=0 do=0 es=2 bitcnt=2
[eep] cs=1 sk=0 di=0 do=0 es=2 bitcnt=3
[eep] cs=1 sk=1 di=0 do=0 es=2 bitcnt=3
[eep] cs=1 sk=0 di=0 do=0 es=2 bitcnt=4
[eep] cs=1 sk=1 di=0 do=0 es=2 bitcnt=4
[eep] cs=1 sk=0 di=0 do=0 es=2 bitcnt=5
[eep] cs=1 sk=1 di=0 do=0 es=2 bitcnt=5
[eep] cs=1 sk=0 di=0 do=0 es=2 bitcnt=6
[eep] cs=1 sk=1 di=0 do=0 es=2 bitcnt=6
[eep] cs=1 sk=0 di=0 do=0 es=2 bitcnt=7
[eep] cs=1 sk=1 di=0 do=0 es=2 bitcnt=7
[eep] cs=1 sk=0 di=0 do=0 es=2 bitcnt=8
[eep] cs=1 sk=1 di=0 do=0 es=2 bitcnt=8
[eep] cs=1 sk=0 di=0 do=0 es=2 bitcnt=9
[eep] cs=1 sk=1 di=0 do=0 es=2 bitcnt=9
[eep] cs=1 sk=0 di=0 do=0 es=2 bitcnt=10
[eep] cs=1 sk=1 di=0 do=0 es=2 bitcnt=10
[eep] cs=1 sk=0 di=0 do=0 es=2 bitcnt=11
[eep] cs=1 sk=1 di=0 do=0 es=2 bitcnt=11
[eep] cs=1 sk=0 di=0 do=0 es=2 bitcnt=12
[eep] cs=1 sk=1 di=0 do=0 es=2 bitcnt=12
[eep] cs=1 sk=0 di=0 do=0 es=2 bitcnt=13
[eep] cs=1 sk=1 di=0 do=0 es=2 bitcnt=13
[eep] cs=1 sk=0 di=0 do=0 es=2 bitcnt=14
[eep] cs=1 sk=1 di=0 do=0 es=2 bitcnt=14
[eep] cs=1 sk=0 di=0 do=0 es=2 bitcnt=15
[eep] cs=1 sk=1 di=0 do=0 es=2 bitcnt=15
[eep] cs=1 sk=0 di=0 do=0 es=4 bitcnt=0
[eep] cs=1 sk=1 di=0 do=0 es=4 bitcnt=0
[eep] cs=1 sk=0 di=0 do=0 es=4 bitcnt=0
[eep] cs=1 sk=1 di=0 do=0 es=4 bitcnt=0
[eep] cs=0 sk=0 di=0 do=0 es=4 bitcnt=0
[eep] cs=0 sk=0 di=0 do=1 es=0 bitcnt=0
[eep] cs=0 sk=1 di=0 do=1 es=0 bitcnt=0
[eep] cs=1 sk=0 di=0 do=1 es=0 bitcnt=0
[eep] cs=1 sk=1 di=0 do=1 es=0 bitcnt=0
[eep] cs=1 sk=0 di=1 do=1 es=0 bitcnt=0
[eep] cs=1 sk=1 di=1 do=1 es=0 bitcnt=0
[eep] cs=1 sk=0 di=1 do=1 es=1 bitcnt=0
[eep] cs=1 sk=1 di=1 do=1 es=1 bitcnt=0
[eep] cs=1 sk=0 di=0 do=1 es=1 bitcnt=1
[eep] cs=1 sk=1 di=0 do=1 es=1 bitcnt=1
[eep] cs=1 sk=0 di=0 do=1 es=1 bitcnt=2
[eep] cs=1 sk=1 di=0 do=1 es=1 bitcnt=2
[eep] cs=1 sk=0 di=1 do=1 es=1 bitcnt=3
[eep] cs=1 sk=1 di=1 do=1 es=1 bitcnt=3
[eep] cs=1 sk=0 di=0 do=1 es=1 bitcnt=4
[eep] cs=1 sk=1 di=0 do=1 es=1 bitcnt=4
[eep] cs=1 sk=0 di=1 do=1 es=1 bitcnt=5
[eep] cs=1 sk=1 di=1 do=1 es=1 bitcnt=5
[eep] cs=1 sk=0 di=1 do=1 es=1 bitcnt=6
[eep] cs=1 sk=1 di=1 do=1 es=1 bitcnt=6
[eep] cs=1 sk=0 di=1 do=1 es=1 bitcnt=7
[eep] cs=1 sk=1 di=1 do=1 es=1 bitcnt=7
[eep] cs=1 sk=1 di=1 do=0 es=2 bitcnt=0
[eep] cs=1 sk=0 di=0 do=0 es=2 bitcnt=0
[eep] cs=1 sk=1 di=0 do=0 es=2 bitcnt=0
[eep] cs=1 sk=0 di=0 do=0 es=2 bitcnt=1
[eep] cs=1 sk=1 di=0 do=0 es=2 bitcnt=1
[eep] cs=1 sk=0 di=0 do=0 es=2 bitcnt=2
[eep] cs=1 sk=1 di=0 do=0 es=2 bitcnt=2
[eep] cs=1 sk=0 di=0 do=0 es=2 bitcnt=3
[eep] cs=1 sk=1 di=0 do=0 es=2 bitcnt=3
[eep] cs=1 sk=0 di=0 do=0 es=2 bitcnt=4
[eep] cs=1 sk=1 di=0 do=0 es=2 bitcnt=4
[eep] cs=1 sk=0 di=0 do=0 es=2 bitcnt=5
[eep] cs=1 sk=1 di=0 do=0 es=2 bitcnt=5
[eep] cs=1 sk=0 di=0 do=0 es=2 bitcnt=6
[eep] cs=1 sk=1 di=0 do=0 es=2 bitcnt=6
[eep] cs=1 sk=0 di=0 do=0 es=2 bitcnt=7
[eep] cs=1 sk=1 di=0 do=0 es=2 bitcnt=7
[eep] cs=1 sk=0 di=0 do=0 es=2 bitcnt=8
[eep] cs=1 sk=1 di=0 do=0 es=2 bitcnt=8
[eep] cs=1 sk=0 di=0 do=0 es=2 bitcnt=9
[eep] cs=1 sk=1 di=0 do=0 es=2 bitcnt=9
[eep] cs=1 sk=0 di=0 do=0 es=2 bitcnt=10
[eep] cs=1 sk=1 di=0 do=0 es=2 bitcnt=10
[eep] cs=1 sk=0 di=0 do=0 es=2 bitcnt=11
[eep] cs=1 sk=1 di=0 do=0 es=2 bitcnt=11
[eep] cs=1 sk=0 di=0 do=0 es=2 bitcnt=12
[eep] cs=1 sk=1 di=0 do=0 es=2 bitcnt=12
[eep] cs=1 sk=0 di=0 do=0 es=2 bitcnt=13
[eep] cs=1 sk=1 di=0 do=0 es=2 bitcnt=13
[eep] cs=1 sk=0 di=0 do=0 es=2 bitcnt=14
[eep] cs=1 sk=1 di=0 do=0 es=2 bitcnt=14
[eep] cs=1 sk=0 di=0 do=0 es=2 bitcnt=15
[eep] cs=1 sk=1 di=0 do=0 es=2 bitcnt=15
[eep] cs=1 sk=0 di=0 do=0 es=4 bitcnt=0
[eep] cs=1 sk=1 di=0 do=0 es=4 bitcnt=0
[eep] cs=1 sk=0 di=0 do=0 es=4 bitcnt=0
[eep] cs=1 sk=1 di=0 do=0 es=4 bitcnt=0
[eep] cs=0 sk=0 di=0 do=0 es=4 bitcnt=0
[eep] cs=0 sk=0 di=0 do=1 es=0 bitcnt=0
[eep] cs=0 sk=1 di=0 do=1 es=0 bitcnt=0
[eep] cs=1 sk=0 di=0 do=1 es=0 bitcnt=0
[eep] cs=1 sk=1 di=0 do=1 es=0 bitcnt=0
[eep] cs=1 sk=0 di=1 do=1 es=0 bitcnt=0
[eep] cs=1 sk=1 di=1 do=1 es=0 bitcnt=0
[eep] cs=1 sk=0 di=1 do=1 es=1 bitcnt=0
[eep] cs=1 sk=1 di=1 do=1 es=1 bitcnt=0
[eep] cs=1 sk=0 di=0 do=1 es=1 bitcnt=1
[eep] cs=1 sk=1 di=0 do=1 es=1 bitcnt=1
[eep] cs=1 sk=0 di=0 do=1 es=1 bitcnt=2
[eep] cs=1 sk=1 di=0 do=1 es=1 bitcnt=2
[eep] cs=1 sk=0 di=1 do=1 es=1 bitcnt=3
[eep] cs=1 sk=1 di=1 do=1 es=1 bitcnt=3
[eep] cs=1 sk=0 di=1 do=1 es=1 bitcnt=4
[eep] cs=1 sk=1 di=1 do=1 es=1 bitcnt=4
[eep] cs=1 sk=0 di=0 do=1 es=1 bitcnt=5
[eep] cs=1 sk=1 di=0 do=1 es=1 bitcnt=5
[eep] cs=1 sk=0 di=0 do=1 es=1 bitcnt=6
[eep] cs=1 sk=1 di=0 do=1 es=1 bitcnt=6
[eep] cs=1 sk=0 di=0 do=1 es=1 bitcnt=7
[eep] cs=1 sk=1 di=0 do=1 es=1 bitcnt=7
[eep] cs=1 sk=1 di=0 do=0 es=2 bitcnt=0
[eep] cs=1 sk=0 di=0 do=0 es=2 bitcnt=0
[eep] cs=1 sk=1 di=0 do=0 es=2 bitcnt=0
[eep] cs=1 sk=0 di=0 do=0 es=2 bitcnt=1
[eep] cs=1 sk=1 di=0 do=0 es=2 bitcnt=1
[eep] cs=1 sk=0 di=0 do=0 es=2 bitcnt=2
[eep] cs=1 sk=1 di=0 do=0 es=2 bitcnt=2
[eep] cs=1 sk=0 di=0 do=0 es=2 bitcnt=3
[eep] cs=1 sk=1 di=0 do=0 es=2 bitcnt=3
[eep] cs=1 sk=0 di=0 do=0 es=2 bitcnt=4
[eep] cs=1 sk=1 di=0 do=0 es=2 bitcnt=4
[eep] cs=1 sk=0 di=0 do=0 es=2 bitcnt=5
[eep] cs=1 sk=1 di=0 do=0 es=2 bitcnt=5
[eep] cs=1 sk=0 di=0 do=0 es=2 bitcnt=6
[eep] cs=1 sk=1 di=0 do=0 es=2 bitcnt=6
[eep] cs=1 sk=0 di=0 do=0 es=2 bitcnt=7
[eep] cs=1 sk=1 di=0 do=0 es=2 bitcnt=7
[eep] cs=1 sk=0 di=0 do=0 es=2 bitcnt=8
[eep] cs=1 sk=1 di=0 do=0 es=2 bitcnt=8
[eep] cs=1 sk=0 di=0 do=0 es=2 bitcnt=9
[eep] cs=1 sk=1 di=0 do=0 es=2 bitcnt=9
[eep] cs=1 sk=0 di=0 do=0 es=2 bitcnt=10
[eep] cs=1 sk=1 di=0 do=0 es=2 bitcnt=10
[eep] cs=1 sk=0 di=0 do=0 es=2 bitcnt=11
[eep] cs=1 sk=1 di=0 do=0 es=2 bitcnt=11
[eep] cs=1 sk=0 di=0 do=0 es=2 bitcnt=12
[eep] cs=1 sk=1 di=0 do=0 es=2 bitcnt=12
[eep] cs=1 sk=0 di=0 do=0 es=2 bitcnt=13
[eep] cs=1 sk=1 di=0 do=0 es=2 bitcnt=13
[eep] cs=1 sk=0 di=0 do=0 es=2 bitcnt=14
[eep] cs=1 sk=1 di=0 do=0 es=2 bitcnt=14
[eep] cs=1 sk=0 di=0 do=0 es=2 bitcnt=15
[eep] cs=1 sk=1 di=0 do=0 es=2 bitcnt=15
[eep] cs=1 sk=0 di=0 do=0 es=4 bitcnt=0
[eep] cs=1 sk=1 di=0 do=0 es=4 bitcnt=0
[eep] cs=1 sk=0 di=0 do=0 es=4 bitcnt=0
[eep] cs=1 sk=1 di=0 do=0 es=4 bitcnt=0
[eep] cs=0 sk=0 di=0 do=0 es=4 bitcnt=0
[eep] cs=0 sk=0 di=0 do=1 es=0 bitcnt=0
[eep] cs=0 sk=1 di=0 do=1 es=0 bitcnt=0
[eep] cs=1 sk=0 di=0 do=1 es=0 bitcnt=0
[eep] cs=1 sk=1 di=0 do=1 es=0 bitcnt=0
[eep] cs=1 sk=0 di=1 do=1 es=0 bitcnt=0
[eep] cs=1 sk=1 di=1 do=1 es=0 bitcnt=0
[eep] cs=1 sk=0 di=1 do=1 es=1 bitcnt=0
[eep] cs=1 sk=1 di=1 do=1 es=1 bitcnt=0
[eep] cs=1 sk=0 di=0 do=1 es=1 bitcnt=1
[eep] cs=1 sk=1 di=0 do=1 es=1 bitcnt=1
[eep] cs=1 sk=0 di=0 do=1 es=1 bitcnt=2
[eep] cs=1 sk=1 di=0 do=1 es=1 bitcnt=2
[eep] cs=1 sk=0 di=1 do=1 es=1 bitcnt=3
[eep] cs=1 sk=1 di=1 do=1 es=1 bitcnt=3
[eep] cs=1 sk=0 di=1 do=1 es=1 bitcnt=4
[eep] cs=1 sk=1 di=1 do=1 es=1 bitcnt=4
[eep] cs=1 sk=0 di=0 do=1 es=1 bitcnt=5
[eep] cs=1 sk=1 di=0 do=1 es=1 bitcnt=5
[eep] cs=1 sk=0 di=0 do=1 es=1 bitcnt=6
[eep] cs=1 sk=1 di=0 do=1 es=1 bitcnt=6
[eep] cs=1 sk=0 di=1 do=1 es=1 bitcnt=7
[eep] cs=1 sk=1 di=1 do=1 es=1 bitcnt=7
[eep] cs=1 sk=1 di=1 do=0 es=2 bitcnt=0
[eep] cs=1 sk=0 di=0 do=0 es=2 bitcnt=0
[eep] cs=1 sk=1 di=0 do=0 es=2 bitcnt=0
[eep] cs=1 sk=0 di=0 do=0 es=2 bitcnt=1
[eep] cs=1 sk=1 di=0 do=0 es=2 bitcnt=1
[eep] cs=1 sk=0 di=0 do=0 es=2 bitcnt=2
[eep] cs=1 sk=1 di=0 do=0 es=2 bitcnt=2
[eep] cs=1 sk=0 di=0 do=0 es=2 bitcnt=3
[eep] cs=1 sk=1 di=0 do=0 es=2 bitcnt=3
[eep] cs=1 sk=0 di=0 do=0 es=2 bitcnt=4
[eep] cs=1 sk=1 di=0 do=0 es=2 bitcnt=4
[eep] cs=1 sk=0 di=0 do=0 es=2 bitcnt=5
[eep] cs=1 sk=1 di=0 do=0 es=2 bitcnt=5
[eep] cs=1 sk=0 di=0 do=0 es=2 bitcnt=6
[eep] cs=1 sk=1 di=0 do=0 es=2 bitcnt=6
[eep] cs=1 sk=0 di=0 do=0 es=2 bitcnt=7
[eep] cs=1 sk=1 di=0 do=0 es=2 bitcnt=7
[eep] cs=1 sk=0 di=0 do=0 es=2 bitcnt=8
[eep] cs=1 sk=1 di=0 do=0 es=2 bitcnt=8
[eep] cs=1 sk=0 di=0 do=0 es=2 bitcnt=9
[eep] cs=1 sk=1 di=0 do=0 es=2 bitcnt=9
[eep] cs=1 sk=0 di=0 do=0 es=2 bitcnt=10
[eep] cs=1 sk=1 di=0 do=0 es=2 bitcnt=10
[eep] cs=1 sk=0 di=0 do=0 es=2 bitcnt=11
[eep] cs=1 sk=1 di=0 do=0 es=2 bitcnt=11
[eep] cs=1 sk=0 di=0 do=0 es=2 bitcnt=12
[eep] cs=1 sk=1 di=0 do=0 es=2 bitcnt=12
[eep] cs=1 sk=0 di=0 do=0 es=2 bitcnt=13
[eep] cs=1 sk=1 di=0 do=0 es=2 bitcnt=13
[eep] cs=1 sk=0 di=0 do=0 es=2 bitcnt=14
[eep] cs=1 sk=1 di=0 do=0 es=2 bitcnt=14
[eep] cs=1 sk=0 di=0 do=0 es=2 bitcnt=15
[eep] cs=1 sk=1 di=0 do=0 es=2 bitcnt=15
[eep] cs=1 sk=0 di=0 do=0 es=4 bitcnt=0
[eep] cs=1 sk=1 di=0 do=0 es=4 bitcnt=0
[eep] cs=1 sk=0 di=0 do=0 es=4 bitcnt=0
[eep] cs=1 sk=1 di=0 do=0 es=4 bitcnt=0
[eep] cs=0 sk=0 di=0 do=0 es=4 bitcnt=0
[eep] cs=0 sk=0 di=0 do=1 es=0 bitcnt=0
[eep] cs=0 sk=1 di=0 do=1 es=0 bitcnt=0
[eep] cs=1 sk=0 di=0 do=1 es=0 bitcnt=0
[eep] cs=1 sk=1 di=0 do=1 es=0 bitcnt=0
[eep] cs=1 sk=0 di=1 do=1 es=0 bitcnt=0
[eep] cs=1 sk=1 di=1 do=1 es=0 bitcnt=0
[eep] cs=1 sk=0 di=1 do=1 es=1 bitcnt=0
[eep] cs=1 sk=1 di=1 do=1 es=1 bitcnt=0
[eep] cs=1 sk=0 di=0 do=1 es=1 bitcnt=1
[eep] cs=1 sk=1 di=0 do=1 es=1 bitcnt=1
[eep] cs=1 sk=0 di=0 do=1 es=1 bitcnt=2
[eep] cs=1 sk=1 di=0 do=1 es=1 bitcnt=2
[eep] cs=1 sk=0 di=1 do=1 es=1 bitcnt=3
[eep] cs=1 sk=1 di=1 do=1 es=1 bitcnt=3
[eep] cs=1 sk=0 di=1 do=1 es=1 bitcnt=4
[eep] cs=1 sk=1 di=1 do=1 es=1 bitcnt=4
[eep] cs=1 sk=0 di=0 do=1 es=1 bitcnt=5
[eep] cs=1 sk=1 di=0 do=1 es=1 bitcnt=5
[eep] cs=1 sk=0 di=1 do=1 es=1 bitcnt=6
[eep] cs=1 sk=1 di=1 do=1 es=1 bitcnt=6
[eep] cs=1 sk=0 di=0 do=1 es=1 bitcnt=7
[eep] cs=1 sk=1 di=0 do=1 es=1 bitcnt=7
[eep] cs=1 sk=1 di=0 do=0 es=2 bitcnt=0
[eep] cs=1 sk=0 di=0 do=0 es=2 bitcnt=0
[eep] cs=1 sk=1 di=0 do=0 es=2 bitcnt=0
[eep] cs=1 sk=0 di=0 do=0 es=2 bitcnt=1
[eep] cs=1 sk=1 di=0 do=0 es=2 bitcnt=1
[eep] cs=1 sk=0 di=0 do=0 es=2 bitcnt=2
[eep] cs=1 sk=1 di=0 do=0 es=2 bitcnt=2
[eep] cs=1 sk=0 di=0 do=0 es=2 bitcnt=3
[eep] cs=1 sk=1 di=0 do=0 es=2 bitcnt=3
[eep] cs=1 sk=0 di=0 do=0 es=2 bitcnt=4
[eep] cs=1 sk=1 di=0 do=0 es=2 bitcnt=4
[eep] cs=1 sk=0 di=0 do=0 es=2 bitcnt=5
[eep] cs=1 sk=1 di=0 do=0 es=2 bitcnt=5
[eep] cs=1 sk=0 di=0 do=0 es=2 bitcnt=6
[eep] cs=1 sk=1 di=0 do=0 es=2 bitcnt=6
[eep] cs=1 sk=0 di=0 do=0 es=2 bitcnt=7
[eep] cs=1 sk=1 di=0 do=0 es=2 bitcnt=7
[eep] cs=1 sk=0 di=0 do=0 es=2 bitcnt=8
[eep] cs=1 sk=1 di=0 do=0 es=2 bitcnt=8
[eep] cs=1 sk=0 di=0 do=0 es=2 bitcnt=9
[eep] cs=1 sk=1 di=0 do=0 es=2 bitcnt=9
[eep] cs=1 sk=0 di=0 do=0 es=2 bitcnt=10
[eep] cs=1 sk=1 di=0 do=0 es=2 bitcnt=10
[eep] cs=1 sk=0 di=0 do=0 es=2 bitcnt=11
[eep] cs=1 sk=1 di=0 do=0 es=2 bitcnt=11
[eep] cs=1 sk=0 di=0 do=0 es=2 bitcnt=12
[eep] cs=1 sk=1 di=0 do=0 es=2 bitcnt=12
[eep] cs=1 sk=0 di=0 do=0 es=2 bitcnt=13
[eep] cs=1 sk=1 di=0 do=0 es=2 bitcnt=13
[eep] cs=1 sk=0 di=0 do=0 es=2 bitcnt=14
[eep] cs=1 sk=1 di=0 do=0 es=2 bitcnt=14
[eep] cs=1 sk=0 di=0 do=0 es=2 bitcnt=15
[eep] cs=1 sk=1 di=0 do=0 es=2 bitcnt=15
[eep] cs=1 sk=0 di=0 do=0 es=4 bitcnt=0
[eep] cs=1 sk=1 di=0 do=0 es=4 bitcnt=0
[eep] cs=1 sk=0 di=0 do=0 es=4 bitcnt=0
[eep] cs=1 sk=1 di=0 do=0 es=4 bitcnt=0
[eep] cs=0 sk=0 di=0 do=0 es=4 bitcnt=0
[eep] cs=0 sk=0 di=0 do=1 es=0 bitcnt=0
[eep] cs=0 sk=1 di=0 do=1 es=0 bitcnt=0
[eep] cs=1 sk=0 di=0 do=1 es=0 bitcnt=0
[eep] cs=1 sk=1 di=0 do=1 es=0 bitcnt=0
[eep] cs=1 sk=0 di=1 do=1 es=0 bitcnt=0
[eep] cs=1 sk=1 di=1 do=1 es=0 bitcnt=0
[eep] cs=1 sk=0 di=1 do=1 es=1 bitcnt=0
[eep] cs=1 sk=1 di=1 do=1 es=1 bitcnt=0
[eep] cs=1 sk=0 di=0 do=1 es=1 bitcnt=1
[eep] cs=1 sk=1 di=0 do=1 es=1 bitcnt=1
[eep] cs=1 sk=0 di=0 do=1 es=1 bitcnt=2
[eep] cs=1 sk=1 di=0 do=1 es=1 bitcnt=2
[eep] cs=1 sk=0 di=1 do=1 es=1 bitcnt=3
[eep] cs=1 sk=1 di=1 do=1 es=1 bitcnt=3
[eep] cs=1 sk=0 di=1 do=1 es=1 bitcnt=4
[eep] cs=1 sk=1 di=1 do=1 es=1 bitcnt=4
[eep] cs=1 sk=0 di=0 do=1 es=1 bitcnt=5
[eep] cs=1 sk=1 di=0 do=1 es=1 bitcnt=5
[eep] cs=1 sk=0 di=1 do=1 es=1 bitcnt=6
[eep] cs=1 sk=1 di=1 do=1 es=1 bitcnt=6
[eep] cs=1 sk=0 di=1 do=1 es=1 bitcnt=7
[eep] cs=1 sk=1 di=1 do=1 es=1 bitcnt=7
[eep] cs=1 sk=1 di=1 do=0 es=2 bitcnt=0
[eep] cs=1 sk=0 di=0 do=0 es=2 bitcnt=0
[eep] cs=1 sk=1 di=0 do=0 es=2 bitcnt=0
[eep] cs=1 sk=0 di=0 do=0 es=2 bitcnt=1
[eep] cs=1 sk=1 di=0 do=0 es=2 bitcnt=1
[eep] cs=1 sk=0 di=0 do=0 es=2 bitcnt=2
[eep] cs=1 sk=1 di=0 do=0 es=2 bitcnt=2
[eep] cs=1 sk=0 di=0 do=0 es=2 bitcnt=3
[eep] cs=1 sk=1 di=0 do=0 es=2 bitcnt=3
[eep] cs=1 sk=0 di=0 do=0 es=2 bitcnt=4
[eep] cs=1 sk=1 di=0 do=0 es=2 bitcnt=4
[eep] cs=1 sk=0 di=0 do=0 es=2 bitcnt=5
[eep] cs=1 sk=1 di=0 do=0 es=2 bitcnt=5
[eep] cs=1 sk=0 di=0 do=0 es=2 bitcnt=6
[eep] cs=1 sk=1 di=0 do=0 es=2 bitcnt=6
[eep] cs=1 sk=0 di=0 do=0 es=2 bitcnt=7
[eep] cs=1 sk=1 di=0 do=0 es=2 bitcnt=7
[eep] cs=1 sk=0 di=0 do=0 es=2 bitcnt=8
[eep] cs=1 sk=1 di=0 do=0 es=2 bitcnt=8
[eep] cs=1 sk=0 di=0 do=0 es=2 bitcnt=9
[eep] cs=1 sk=1 di=0 do=0 es=2 bitcnt=9
[eep] cs=1 sk=0 di=0 do=0 es=2 bitcnt=10
[eep] cs=1 sk=1 di=0 do=0 es=2 bitcnt=10
[eep] cs=1 sk=0 di=0 do=0 es=2 bitcnt=11
[eep] cs=1 sk=1 di=0 do=0 es=2 bitcnt=11
[eep] cs=1 sk=0 di=0 do=0 es=2 bitcnt=12
[eep] cs=1 sk=1 di=0 do=0 es=2 bitcnt=12
[eep] cs=1 sk=0 di=0 do=0 es=2 bitcnt=13
[eep] cs=1 sk=1 di=0 do=0 es=2 bitcnt=13
[eep] cs=1 sk=0 di=0 do=0 es=2 bitcnt=14
[eep] cs=1 sk=1 di=0 do=0 es=2 bitcnt=14
[eep] cs=1 sk=0 di=0 do=0 es=2 bitcnt=15
[eep] cs=1 sk=1 di=0 do=0 es=2 bitcnt=15
[eep] cs=1 sk=0 di=0 do=0 es=4 bitcnt=0
[eep] cs=1 sk=1 di=0 do=0 es=4 bitcnt=0
[eep] cs=1 sk=0 di=0 do=0 es=4 bitcnt=0
[eep] cs=1 sk=1 di=0 do=0 es=4 bitcnt=0
[eep] cs=0 sk=0 di=0 do=0 es=4 bitcnt=0
[eep] cs=0 sk=0 di=0 do=1 es=0 bitcnt=0
[eep] cs=0 sk=1 di=0 do=1 es=0 bitcnt=0
[eep] cs=1 sk=0 di=0 do=1 es=0 bitcnt=0
[eep] cs=1 sk=1 di=0 do=1 es=0 bitcnt=0
[eep] cs=1 sk=0 di=1 do=1 es=0 bitcnt=0
[eep] cs=1 sk=1 di=1 do=1 es=0 bitcnt=0
[eep] cs=1 sk=0 di=1 do=1 es=1 bitcnt=0
[eep] cs=1 sk=1 di=1 do=1 es=1 bitcnt=0
[eep] cs=1 sk=0 di=0 do=1 es=1 bitcnt=1
[eep] cs=1 sk=1 di=0 do=1 es=1 bitcnt=1
[eep] cs=1 sk=0 di=0 do=1 es=1 bitcnt=2
[eep] cs=1 sk=1 di=0 do=1 es=1 bitcnt=2
[eep] cs=1 sk=0 di=1 do=1 es=1 bitcnt=3
[eep] cs=1 sk=1 di=1 do=1 es=1 bitcnt=3
[eep] cs=1 sk=0 di=1 do=1 es=1 bitcnt=4
[eep] cs=1 sk=1 di=1 do=1 es=1 bitcnt=4
[eep] cs=1 sk=0 di=1 do=1 es=1 bitcnt=5
[eep] cs=1 sk=1 di=1 do=1 es=1 bitcnt=5
[eep] cs=1 sk=0 di=0 do=1 es=1 bitcnt=6
[eep] cs=1 sk=1 di=0 do=1 es=1 bitcnt=6
[eep] cs=1 sk=0 di=0 do=1 es=1 bitcnt=7
[eep] cs=1 sk=1 di=0 do=1 es=1 bitcnt=7
[eep] cs=1 sk=1 di=0 do=0 es=2 bitcnt=0
[eep] cs=1 sk=0 di=0 do=0 es=2 bitcnt=0
[eep] cs=1 sk=1 di=0 do=0 es=2 bitcnt=0
[eep] cs=1 sk=0 di=0 do=0 es=2 bitcnt=1
[eep] cs=1 sk=1 di=0 do=0 es=2 bitcnt=1
[eep] cs=1 sk=0 di=0 do=0 es=2 bitcnt=2
[eep] cs=1 sk=1 di=0 do=0 es=2 bitcnt=2
[eep] cs=1 sk=0 di=0 do=0 es=2 bitcnt=3
[eep] cs=1 sk=1 di=0 do=0 es=2 bitcnt=3
[eep] cs=1 sk=0 di=0 do=0 es=2 bitcnt=4
[eep] cs=1 sk=1 di=0 do=0 es=2 bitcnt=4
[eep] cs=1 sk=0 di=0 do=0 es=2 bitcnt=5
[eep] cs=1 sk=1 di=0 do=0 es=2 bitcnt=5
[eep] cs=1 sk=0 di=0 do=0 es=2 bitcnt=6
[eep] cs=1 sk=1 di=0 do=0 es=2 bitcnt=6
[eep] cs=1 sk=0 di=0 do=0 es=2 bitcnt=7
[eep] cs=1 sk=1 di=0 do=0 es=2 bitcnt=7
[eep] cs=1 sk=0 di=0 do=0 es=2 bitcnt=8
[eep] cs=1 sk=1 di=0 do=0 es=2 bitcnt=8
[eep] cs=1 sk=0 di=0 do=0 es=2 bitcnt=9
[eep] cs=1 sk=1 di=0 do=0 es=2 bitcnt=9
[eep] cs=1 sk=0 di=0 do=0 es=2 bitcnt=10
[eep] cs=1 sk=1 di=0 do=0 es=2 bitcnt=10
[eep] cs=1 sk=0 di=0 do=0 es=2 bitcnt=11
[eep] cs=1 sk=1 di=0 do=0 es=2 bitcnt=11
[eep] cs=1 sk=0 di=0 do=0 es=2 bitcnt=12
[eep] cs=1 sk=1 di=0 do=0 es=2 bitcnt=12
[eep] cs=1 sk=0 di=0 do=0 es=2 bitcnt=13
[eep] cs=1 sk=1 di=0 do=0 es=2 bitcnt=13
[eep] cs=1 sk=0 di=0 do=0 es=2 bitcnt=14
[eep] cs=1 sk=1 di=0 do=0 es=2 bitcnt=14
[eep] cs=1 sk=0 di=0 do=0 es=2 bitcnt=15
[eep] cs=1 sk=1 di=0 do=0 es=2 bitcnt=15
[eep] cs=1 sk=0 di=0 do=0 es=4 bitcnt=0
[eep] cs=1 sk=1 di=0 do=0 es=4 bitcnt=0
[eep] cs=1 sk=0 di=0 do=0 es=4 bitcnt=0
[eep] cs=1 sk=1 di=0 do=0 es=4 bitcnt=0
[eep] cs=0 sk=0 di=0 do=0 es=4 bitcnt=0
[eep] cs=0 sk=0 di=0 do=1 es=0 bitcnt=0
[eep] cs=0 sk=1 di=0 do=1 es=0 bitcnt=0
[eep] cs=1 sk=0 di=0 do=1 es=0 bitcnt=0
[eep] cs=1 sk=1 di=0 do=1 es=0 bitcnt=0
[eep] cs=1 sk=0 di=1 do=1 es=0 bitcnt=0
[eep] cs=1 sk=1 di=1 do=1 es=0 bitcnt=0
[eep] cs=1 sk=0 di=1 do=1 es=1 bitcnt=0
[eep] cs=1 sk=1 di=1 do=1 es=1 bitcnt=0
[eep] cs=1 sk=0 di=0 do=1 es=1 bitcnt=1
[eep] cs=1 sk=1 di=0 do=1 es=1 bitcnt=1
[eep] cs=1 sk=0 di=0 do=1 es=1 bitcnt=2
[eep] cs=1 sk=1 di=0 do=1 es=1 bitcnt=2
[eep] cs=1 sk=0 di=1 do=1 es=1 bitcnt=3
[eep] cs=1 sk=1 di=1 do=1 es=1 bitcnt=3
[eep] cs=1 sk=0 di=1 do=1 es=1 bitcnt=4
[eep] cs=1 sk=1 di=1 do=1 es=1 bitcnt=4
[eep] cs=1 sk=0 di=1 do=1 es=1 bitcnt=5
[eep] cs=1 sk=1 di=1 do=1 es=1 bitcnt=5
[eep] cs=1 sk=0 di=0 do=1 es=1 bitcnt=6
[eep] cs=1 sk=1 di=0 do=1 es=1 bitcnt=6
[eep] cs=1 sk=0 di=1 do=1 es=1 bitcnt=7
[eep] cs=1 sk=1 di=1 do=1 es=1 bitcnt=7
[eep] cs=1 sk=1 di=1 do=0 es=2 bitcnt=0
[eep] cs=1 sk=0 di=0 do=0 es=2 bitcnt=0
[eep] cs=1 sk=1 di=0 do=0 es=2 bitcnt=0
[eep] cs=1 sk=0 di=0 do=0 es=2 bitcnt=1
[eep] cs=1 sk=1 di=0 do=0 es=2 bitcnt=1
[eep] cs=1 sk=0 di=0 do=0 es=2 bitcnt=2
[eep] cs=1 sk=1 di=0 do=0 es=2 bitcnt=2
[eep] cs=1 sk=0 di=0 do=0 es=2 bitcnt=3
[eep] cs=1 sk=1 di=0 do=0 es=2 bitcnt=3
[eep] cs=1 sk=0 di=0 do=0 es=2 bitcnt=4
[eep] cs=1 sk=1 di=0 do=0 es=2 bitcnt=4
[eep] cs=1 sk=0 di=0 do=0 es=2 bitcnt=5
[eep] cs=1 sk=1 di=0 do=0 es=2 bitcnt=5
[eep] cs=1 sk=0 di=0 do=0 es=2 bitcnt=6
[eep] cs=1 sk=1 di=0 do=0 es=2 bitcnt=6
[eep] cs=1 sk=0 di=0 do=0 es=2 bitcnt=7
[eep] cs=1 sk=1 di=0 do=0 es=2 bitcnt=7
[eep] cs=1 sk=0 di=0 do=0 es=2 bitcnt=8
[eep] cs=1 sk=1 di=0 do=0 es=2 bitcnt=8
[eep] cs=1 sk=0 di=0 do=0 es=2 bitcnt=9
[eep] cs=1 sk=1 di=0 do=0 es=2 bitcnt=9
[eep] cs=1 sk=0 di=0 do=0 es=2 bitcnt=10
[eep] cs=1 sk=1 di=0 do=0 es=2 bitcnt=10
[eep] cs=1 sk=0 di=0 do=0 es=2 bitcnt=11
[eep] cs=1 sk=1 di=0 do=0 es=2 bitcnt=11
[eep] cs=1 sk=0 di=0 do=0 es=2 bitcnt=12
[eep] cs=1 sk=1 di=0 do=0 es=2 bitcnt=12
[eep] cs=1 sk=0 di=0 do=0 es=2 bitcnt=13
[eep] cs=1 sk=1 di=0 do=0 es=2 bitcnt=13
[eep] cs=1 sk=0 di=0 do=0 es=2 bitcnt=14
[eep] cs=1 sk=1 di=0 do=0 es=2 bitcnt=14
[eep] cs=1 sk=0 di=0 do=0 es=2 bitcnt=15
[eep] cs=1 sk=1 di=0 do=0 es=2 bitcnt=15
[eep] cs=1 sk=0 di=0 do=0 es=4 bitcnt=0
[eep] cs=1 sk=1 di=0 do=0 es=4 bitcnt=0
[eep] cs=1 sk=0 di=0 do=0 es=4 bitcnt=0
[eep] cs=1 sk=1 di=0 do=0 es=4 bitcnt=0
[eep] cs=0 sk=0 di=0 do=0 es=4 bitcnt=0
[eep] cs=0 sk=0 di=0 do=1 es=0 bitcnt=0
[eep] cs=0 sk=1 di=0 do=1 es=0 bitcnt=0
[eep] cs=1 sk=0 di=0 do=1 es=0 bitcnt=0
[eep] cs=1 sk=1 di=0 do=1 es=0 bitcnt=0
[eep] cs=1 sk=0 di=1 do=1 es=0 bitcnt=0
[eep] cs=1 sk=1 di=1 do=1 es=0 bitcnt=0
[eep] cs=1 sk=0 di=1 do=1 es=1 bitcnt=0
[eep] cs=1 sk=1 di=1 do=1 es=1 bitcnt=0
[eep] cs=1 sk=0 di=0 do=1 es=1 bitcnt=1
[eep] cs=1 sk=1 di=0 do=1 es=1 bitcnt=1
[eep] cs=1 sk=0 di=0 do=1 es=1 bitcnt=2
[eep] cs=1 sk=1 di=0 do=1 es=1 bitcnt=2
[eep] cs=1 sk=0 di=1 do=1 es=1 bitcnt=3
[eep] cs=1 sk=1 di=1 do=1 es=1 bitcnt=3
[eep] cs=1 sk=0 di=1 do=1 es=1 bitcnt=4
[eep] cs=1 sk=1 di=1 do=1 es=1 bitcnt=4
[eep] cs=1 sk=0 di=1 do=1 es=1 bitcnt=5
[eep] cs=1 sk=1 di=1 do=1 es=1 bitcnt=5
[eep] cs=1 sk=0 di=1 do=1 es=1 bitcnt=6
[eep] cs=1 sk=1 di=1 do=1 es=1 bitcnt=6
[eep] cs=1 sk=0 di=0 do=1 es=1 bitcnt=7
[eep] cs=1 sk=1 di=0 do=1 es=1 bitcnt=7
[eep] cs=1 sk=1 di=0 do=0 es=2 bitcnt=0
[eep] cs=1 sk=0 di=0 do=0 es=2 bitcnt=0
[eep] cs=1 sk=1 di=0 do=0 es=2 bitcnt=0
[eep] cs=1 sk=0 di=0 do=0 es=2 bitcnt=1
[eep] cs=1 sk=1 di=0 do=0 es=2 bitcnt=1
[eep] cs=1 sk=0 di=0 do=0 es=2 bitcnt=2
[eep] cs=1 sk=1 di=0 do=0 es=2 bitcnt=2
[eep] cs=1 sk=0 di=0 do=0 es=2 bitcnt=3
[eep] cs=1 sk=1 di=0 do=0 es=2 bitcnt=3
[eep] cs=1 sk=0 di=0 do=0 es=2 bitcnt=4
[eep] cs=1 sk=1 di=0 do=0 es=2 bitcnt=4
[eep] cs=1 sk=0 di=0 do=0 es=2 bitcnt=5
[eep] cs=1 sk=1 di=0 do=0 es=2 bitcnt=5
[eep] cs=1 sk=0 di=0 do=0 es=2 bitcnt=6
[eep] cs=1 sk=1 di=0 do=0 es=2 bitcnt=6
[eep] cs=1 sk=0 di=0 do=0 es=2 bitcnt=7
[eep] cs=1 sk=1 di=0 do=0 es=2 bitcnt=7
[eep] cs=1 sk=1 di=0 do=1 es=2 bitcnt=8
[eep] cs=1 sk=0 di=0 do=1 es=2 bitcnt=8
[eep] cs=1 sk=1 di=0 do=1 es=2 bitcnt=8
[eep] cs=1 sk=1 di=0 do=0 es=2 bitcnt=9
[eep] cs=1 sk=0 di=0 do=0 es=2 bitcnt=9
[eep] cs=1 sk=1 di=0 do=0 es=2 bitcnt=9
[eep] cs=1 sk=0 di=0 do=0 es=2 bitcnt=10
[eep] cs=1 sk=1 di=0 do=0 es=2 bitcnt=10
[eep] cs=1 sk=0 di=0 do=0 es=2 bitcnt=11
[eep] cs=1 sk=1 di=0 do=0 es=2 bitcnt=11
[eep] cs=1 sk=0 di=0 do=0 es=2 bitcnt=12
[eep] cs=1 sk=1 di=0 do=0 es=2 bitcnt=12
[eep] cs=1 sk=0 di=0 do=0 es=2 bitcnt=13
[eep] cs=1 sk=1 di=0 do=0 es=2 bitcnt=13
[eep] cs=1 sk=0 di=0 do=0 es=2 bitcnt=14
[eep] cs=1 sk=1 di=0 do=0 es=2 bitcnt=14
[eep] cs=1 sk=0 di=0 do=0 es=2 bitcnt=15
[eep] cs=1 sk=1 di=0 do=0 es=2 bitcnt=15
[eep] cs=1 sk=0 di=0 do=0 es=4 bitcnt=0
[eep] cs=1 sk=1 di=0 do=0 es=4 bitcnt=0
[eep] cs=1 sk=0 di=0 do=0 es=4 bitcnt=0
[eep] cs=1 sk=1 di=0 do=0 es=4 bitcnt=0
[eep] cs=0 sk=0 di=0 do=0 es=4 bitcnt=0
[eep] cs=0 sk=0 di=0 do=1 es=0 bitcnt=0
[eep] cs=0 sk=1 di=0 do=1 es=0 bitcnt=0
[eep] cs=1 sk=0 di=0 do=1 es=0 bitcnt=0
[eep] cs=1 sk=1 di=0 do=1 es=0 bitcnt=0
[eep] cs=1 sk=0 di=1 do=1 es=0 bitcnt=0
[eep] cs=1 sk=1 di=1 do=1 es=0 bitcnt=0
[eep] cs=1 sk=0 di=1 do=1 es=1 bitcnt=0
[eep] cs=1 sk=1 di=1 do=1 es=1 bitcnt=0
[eep] cs=1 sk=0 di=0 do=1 es=1 bitcnt=1
[eep] cs=1 sk=1 di=0 do=1 es=1 bitcnt=1
[eep] cs=1 sk=0 di=0 do=1 es=1 bitcnt=2
[eep] cs=1 sk=1 di=0 do=1 es=1 bitcnt=2
[eep] cs=1 sk=0 di=1 do=1 es=1 bitcnt=3
[eep] cs=1 sk=1 di=1 do=1 es=1 bitcnt=3
[eep] cs=1 sk=0 di=1 do=1 es=1 bitcnt=4
[eep] cs=1 sk=1 di=1 do=1 es=1 bitcnt=4
[eep] cs=1 sk=0 di=1 do=1 es=1 bitcnt=5
[eep] cs=1 sk=1 di=1 do=1 es=1 bitcnt=5
[eep] cs=1 sk=0 di=1 do=1 es=1 bitcnt=6
[eep] cs=1 sk=1 di=1 do=1 es=1 bitcnt=6
[eep] cs=1 sk=0 di=1 do=1 es=1 bitcnt=7
[eep] cs=1 sk=1 di=1 do=1 es=1 bitcnt=7
[eep] cs=1 sk=1 di=1 do=0 es=2 bitcnt=0
[eep] cs=1 sk=0 di=0 do=0 es=2 bitcnt=0
[eep] cs=1 sk=1 di=0 do=0 es=2 bitcnt=0
[eep] cs=1 sk=0 di=0 do=0 es=2 bitcnt=1
[eep] cs=1 sk=1 di=0 do=0 es=2 bitcnt=1
[eep] cs=1 sk=0 di=0 do=0 es=2 bitcnt=2
[eep] cs=1 sk=1 di=0 do=0 es=2 bitcnt=2
[eep] cs=1 sk=0 di=0 do=0 es=2 bitcnt=3
[eep] cs=1 sk=1 di=0 do=0 es=2 bitcnt=3
[eep] cs=1 sk=0 di=0 do=0 es=2 bitcnt=4
[eep] cs=1 sk=1 di=0 do=0 es=2 bitcnt=4
[eep] cs=1 sk=0 di=0 do=0 es=2 bitcnt=5
[eep] cs=1 sk=1 di=0 do=0 es=2 bitcnt=5
[eep] cs=1 sk=0 di=0 do=0 es=2 bitcnt=6
[eep] cs=1 sk=1 di=0 do=0 es=2 bitcnt=6
[eep] cs=1 sk=0 di=0 do=0 es=2 bitcnt=7
[eep] cs=1 sk=1 di=0 do=0 es=2 bitcnt=7
[eep] cs=1 sk=0 di=0 do=0 es=2 bitcnt=8
[eep] cs=1 sk=1 di=0 do=0 es=2 bitcnt=8
[eep] cs=1 sk=0 di=0 do=0 es=2 bitcnt=9
[eep] cs=1 sk=1 di=0 do=0 es=2 bitcnt=9
[eep] cs=1 sk=0 di=0 do=0 es=2 bitcnt=10
[eep] cs=1 sk=1 di=0 do=0 es=2 bitcnt=10
[eep] cs=1 sk=0 di=0 do=0 es=2 bitcnt=11
[eep] cs=1 sk=1 di=0 do=0 es=2 bitcnt=11
[eep] cs=1 sk=0 di=0 do=0 es=2 bitcnt=12
[eep] cs=1 sk=1 di=0 do=0 es=2 bitcnt=12
[eep] cs=1 sk=0 di=0 do=0 es=2 bitcnt=13
[eep] cs=1 sk=1 di=0 do=0 es=2 bitcnt=13
[eep] cs=1 sk=0 di=0 do=0 es=2 bitcnt=14
[eep] cs=1 sk=1 di=0 do=0 es=2 bitcnt=14
[eep] cs=1 sk=0 di=0 do=0 es=2 bitcnt=15
[eep] cs=1 sk=1 di=0 do=0 es=2 bitcnt=15
[eep] cs=1 sk=0 di=0 do=0 es=4 bitcnt=0
[eep] cs=1 sk=1 di=0 do=0 es=4 bitcnt=0
[eep] cs=1 sk=0 di=0 do=0 es=4 bitcnt=0
[eep] cs=1 sk=1 di=0 do=0 es=4 bitcnt=0
[eep] cs=0 sk=0 di=0 do=0 es=4 bitcnt=0
[eep] cs=0 sk=0 di=0 do=1 es=0 bitcnt=0
[eep] cs=0 sk=1 di=0 do=1 es=0 bitcnt=0
[eep] cs=1 sk=0 di=0 do=1 es=0 bitcnt=0
[eep] cs=1 sk=1 di=0 do=1 es=0 bitcnt=0
[eep] cs=1 sk=0 di=1 do=1 es=0 bitcnt=0
[eep] cs=1 sk=1 di=1 do=1 es=0 bitcnt=0
[eep] cs=1 sk=0 di=1 do=1 es=1 bitcnt=0
[eep] cs=1 sk=1 di=1 do=1 es=1 bitcnt=0
[eep] cs=1 sk=0 di=0 do=1 es=1 bitcnt=1
[eep] cs=1 sk=1 di=0 do=1 es=1 bitcnt=1
[eep] cs=1 sk=0 di=1 do=1 es=1 bitcnt=2
[eep] cs=1 sk=1 di=1 do=1 es=1 bitcnt=2
[eep] cs=1 sk=0 di=0 do=1 es=1 bitcnt=3
[eep] cs=1 sk=1 di=0 do=1 es=1 bitcnt=3
[eep] cs=1 sk=0 di=0 do=1 es=1 bitcnt=4
[eep] cs=1 sk=1 di=0 do=1 es=1 bitcnt=4
[eep] cs=1 sk=0 di=0 do=1 es=1 bitcnt=5
[eep] cs=1 sk=1 di=0 do=1 es=1 bitcnt=5
[eep] cs=1 sk=0 di=0 do=1 es=1 bitcnt=6
[eep] cs=1 sk=1 di=0 do=1 es=1 bitcnt=6
[eep] cs=1 sk=0 di=0 do=1 es=1 bitcnt=7
[eep] cs=1 sk=1 di=0 do=1 es=1 bitcnt=7
[eep] cs=1 sk=1 di=0 do=0 es=2 bitcnt=0
[eep] cs=1 sk=0 di=0 do=0 es=2 bitcnt=0
[eep] cs=1 sk=1 di=0 do=0 es=2 bitcnt=0
[eep] cs=1 sk=0 di=0 do=0 es=2 bitcnt=1
[eep] cs=1 sk=1 di=0 do=0 es=2 bitcnt=1
[eep] cs=1 sk=1 di=0 do=1 es=2 bitcnt=2
[eep] cs=1 sk=0 di=0 do=1 es=2 bitcnt=2
[eep] cs=1 sk=1 di=0 do=1 es=2 bitcnt=2
[eep] cs=1 sk=1 di=0 do=0 es=2 bitcnt=3
[eep] cs=1 sk=0 di=0 do=0 es=2 bitcnt=3
[eep] cs=1 sk=1 di=0 do=0 es=2 bitcnt=3
[eep] cs=1 sk=1 di=0 do=1 es=2 bitcnt=4
[eep] cs=1 sk=0 di=0 do=1 es=2 bitcnt=4
[eep] cs=1 sk=1 di=0 do=1 es=2 bitcnt=4
[eep] cs=1 sk=1 di=0 do=0 es=2 bitcnt=5
[eep] cs=1 sk=0 di=0 do=0 es=2 bitcnt=5
[eep] cs=1 sk=1 di=0 do=0 es=2 bitcnt=5
[eep] cs=1 sk=0 di=0 do=0 es=2 bitcnt=6
[eep] cs=1 sk=1 di=0 do=0 es=2 bitcnt=6
[eep] cs=1 sk=1 di=0 do=1 es=2 bitcnt=7
[eep] cs=1 sk=0 di=0 do=1 es=2 bitcnt=7
[eep] cs=1 sk=1 di=0 do=1 es=2 bitcnt=7
[eep] cs=1 sk=0 di=0 do=1 es=2 bitcnt=8
[eep] cs=1 sk=1 di=0 do=1 es=2 bitcnt=8
[eep] cs=1 sk=1 di=0 do=0 es=2 bitcnt=9
[eep] cs=1 sk=0 di=0 do=0 es=2 bitcnt=9
[eep] cs=1 sk=1 di=0 do=0 es=2 bitcnt=9
[eep] cs=1 sk=1 di=0 do=1 es=2 bitcnt=10
[eep] cs=1 sk=0 di=0 do=1 es=2 bitcnt=10
[eep] cs=1 sk=1 di=0 do=1 es=2 bitcnt=10
[eep] cs=1 sk=1 di=0 do=0 es=2 bitcnt=11
[eep] cs=1 sk=0 di=0 do=0 es=2 bitcnt=11
[eep] cs=1 sk=1 di=0 do=0 es=2 bitcnt=11
[eep] cs=1 sk=0 di=0 do=0 es=2 bitcnt=12
[eep] cs=1 sk=1 di=0 do=0 es=2 bitcnt=12
[eep] cs=1 sk=0 di=0 do=0 es=2 bitcnt=13
[eep] cs=1 sk=1 di=0 do=0 es=2 bitcnt=13
[eep] cs=1 sk=1 di=0 do=1 es=2 bitcnt=14
[eep] cs=1 sk=0 di=0 do=1 es=2 bitcnt=14
[eep] cs=1 sk=1 di=0 do=1 es=2 bitcnt=14
[eep] cs=1 sk=1 di=0 do=0 es=2 bitcnt=15
[eep] cs=1 sk=0 di=0 do=0 es=2 bitcnt=15
[eep] cs=1 sk=1 di=0 do=0 es=2 bitcnt=15
[eep] cs=1 sk=1 di=0 do=1 es=4 bitcnt=0
[eep] cs=1 sk=0 di=0 do=1 es=4 bitcnt=0
[eep] cs=1 sk=1 di=0 do=1 es=4 bitcnt=0
[eep] cs=1 sk=0 di=0 do=1 es=4 bitcnt=0
[eep] cs=1 sk=1 di=0 do=1 es=4 bitcnt=0
[eep] cs=0 sk=0 di=0 do=1 es=4 bitcnt=0
[eep] cs=0 sk=1 di=0 do=1 es=0 bitcnt=0
[eep] cs=1 sk=0 di=0 do=1 es=0 bitcnt=0
[eep] cs=1 sk=1 di=0 do=1 es=0 bitcnt=0
[eep] cs=1 sk=0 di=1 do=1 es=0 bitcnt=0
[eep] cs=1 sk=1 di=1 do=1 es=0 bitcnt=0
[eep] cs=1 sk=0 di=1 do=1 es=1 bitcnt=0
[eep] cs=1 sk=1 di=1 do=1 es=1 bitcnt=0
[eep] cs=1 sk=0 di=0 do=1 es=1 bitcnt=1
[eep] cs=1 sk=1 di=0 do=1 es=1 bitcnt=1
[eep] cs=1 sk=0 di=1 do=1 es=1 bitcnt=2
[eep] cs=1 sk=1 di=1 do=1 es=1 bitcnt=2
[eep] cs=1 sk=0 di=0 do=1 es=1 bitcnt=3
[eep] cs=1 sk=1 di=0 do=1 es=1 bitcnt=3
[eep] cs=1 sk=0 di=0 do=1 es=1 bitcnt=4
[eep] cs=1 sk=1 di=0 do=1 es=1 bitcnt=4
[eep] cs=1 sk=0 di=0 do=1 es=1 bitcnt=5
[eep] cs=1 sk=1 di=0 do=1 es=1 bitcnt=5
[eep] cs=1 sk=0 di=0 do=1 es=1 bitcnt=6
[eep] cs=1 sk=1 di=0 do=1 es=1 bitcnt=6
[eep] cs=1 sk=0 di=1 do=1 es=1 bitcnt=7
[eep] cs=1 sk=1 di=1 do=1 es=1 bitcnt=7
[eep] cs=1 sk=1 di=1 do=0 es=2 bitcnt=0
[eep] cs=1 sk=0 di=0 do=0 es=2 bitcnt=0
[eep] cs=1 sk=1 di=0 do=0 es=2 bitcnt=0
[eep] cs=1 sk=0 di=0 do=0 es=2 bitcnt=1
[eep] cs=1 sk=1 di=0 do=0 es=2 bitcnt=1
[eep] cs=1 sk=1 di=0 do=1 es=2 bitcnt=2
[eep] cs=1 sk=0 di=0 do=1 es=2 bitcnt=2
[eep] cs=1 sk=1 di=0 do=1 es=2 bitcnt=2
[eep] cs=1 sk=1 di=0 do=0 es=2 bitcnt=3
[eep] cs=1 sk=0 di=0 do=0 es=2 bitcnt=3
[eep] cs=1 sk=1 di=0 do=0 es=2 bitcnt=3
[eep] cs=1 sk=0 di=0 do=0 es=2 bitcnt=4
[eep] cs=1 sk=1 di=0 do=0 es=2 bitcnt=4
[eep] cs=1 sk=0 di=0 do=0 es=2 bitcnt=5
[eep] cs=1 sk=1 di=0 do=0 es=2 bitcnt=5
[eep] cs=1 sk=1 di=0 do=1 es=2 bitcnt=6
[eep] cs=1 sk=0 di=0 do=1 es=2 bitcnt=6
[eep] cs=1 sk=1 di=0 do=1 es=2 bitcnt=6
[eep] cs=1 sk=0 di=0 do=1 es=2 bitcnt=7
[eep] cs=1 sk=1 di=0 do=1 es=2 bitcnt=7
[eep] cs=1 sk=0 di=0 do=1 es=2 bitcnt=8
[eep] cs=1 sk=1 di=0 do=1 es=2 bitcnt=8
[eep] cs=1 sk=1 di=0 do=0 es=2 bitcnt=9
[eep] cs=1 sk=0 di=0 do=0 es=2 bitcnt=9
[eep] cs=1 sk=1 di=0 do=0 es=2 bitcnt=9
[eep] cs=1 sk=1 di=0 do=1 es=2 bitcnt=10
[eep] cs=1 sk=0 di=0 do=1 es=2 bitcnt=10
[eep] cs=1 sk=1 di=0 do=1 es=2 bitcnt=10
[eep] cs=1 sk=1 di=0 do=0 es=2 bitcnt=11
[eep] cs=1 sk=0 di=0 do=0 es=2 bitcnt=11
[eep] cs=1 sk=1 di=0 do=0 es=2 bitcnt=11
[eep] cs=1 sk=0 di=0 do=0 es=2 bitcnt=12
[eep] cs=1 sk=1 di=0 do=0 es=2 bitcnt=12
[eep] cs=1 sk=0 di=0 do=0 es=2 bitcnt=13
[eep] cs=1 sk=1 di=0 do=0 es=2 bitcnt=13
[eep] cs=1 sk=0 di=0 do=0 es=2 bitcnt=14
[eep] cs=1 sk=1 di=0 do=0 es=2 bitcnt=14
[eep] cs=1 sk=0 di=0 do=0 es=2 bitcnt=15
[eep] cs=1 sk=1 di=0 do=0 es=2 bitcnt=15
[eep] cs=1 sk=1 di=0 do=1 es=4 bitcnt=0
[eep] cs=1 sk=0 di=0 do=1 es=4 bitcnt=0
[eep] cs=1 sk=1 di=0 do=1 es=4 bitcnt=0
[eep] cs=1 sk=0 di=0 do=1 es=4 bitcnt=0
[eep] cs=1 sk=1 di=0 do=1 es=4 bitcnt=0
[eep] cs=0 sk=0 di=0 do=1 es=4 bitcnt=0
[eep] cs=0 sk=1 di=0 do=1 es=0 bitcnt=0
[eep] cs=1 sk=0 di=0 do=1 es=0 bitcnt=0
[eep] cs=1 sk=1 di=0 do=1 es=0 bitcnt=0
[eep] cs=1 sk=0 di=1 do=1 es=0 bitcnt=0
[eep] cs=1 sk=1 di=1 do=1 es=0 bitcnt=0
[eep] cs=1 sk=0 di=1 do=1 es=1 bitcnt=0
[eep] cs=1 sk=1 di=1 do=1 es=1 bitcnt=0
[eep] cs=1 sk=0 di=0 do=1 es=1 bitcnt=1
[eep] cs=1 sk=1 di=0 do=1 es=1 bitcnt=1
[eep] cs=1 sk=0 di=1 do=1 es=1 bitcnt=2
[eep] cs=1 sk=1 di=1 do=1 es=1 bitcnt=2
[eep] cs=1 sk=0 di=0 do=1 es=1 bitcnt=3
[eep] cs=1 sk=1 di=0 do=1 es=1 bitcnt=3
[eep] cs=1 sk=0 di=0 do=1 es=1 bitcnt=4
[eep] cs=1 sk=1 di=0 do=1 es=1 bitcnt=4
[eep] cs=1 sk=0 di=0 do=1 es=1 bitcnt=5
[eep] cs=1 sk=1 di=0 do=1 es=1 bitcnt=5
[eep] cs=1 sk=0 di=1 do=1 es=1 bitcnt=6
[eep] cs=1 sk=1 di=1 do=1 es=1 bitcnt=6
[eep] cs=1 sk=0 di=0 do=1 es=1 bitcnt=7
[eep] cs=1 sk=1 di=0 do=1 es=1 bitcnt=7
[eep] cs=1 sk=1 di=0 do=0 es=2 bitcnt=0
[eep] cs=1 sk=0 di=0 do=0 es=2 bitcnt=0
[eep] cs=1 sk=1 di=0 do=0 es=2 bitcnt=0
[eep] cs=1 sk=0 di=0 do=0 es=2 bitcnt=1
[eep] cs=1 sk=1 di=0 do=0 es=2 bitcnt=1
[eep] cs=1 sk=0 di=0 do=0 es=2 bitcnt=2
[eep] cs=1 sk=1 di=0 do=0 es=2 bitcnt=2
[eep] cs=1 sk=0 di=0 do=0 es=2 bitcnt=3
[eep] cs=1 sk=1 di=0 do=0 es=2 bitcnt=3
[eep] cs=1 sk=0 di=0 do=0 es=2 bitcnt=4
[eep] cs=1 sk=1 di=0 do=0 es=2 bitcnt=4
[eep] cs=1 sk=0 di=0 do=0 es=2 bitcnt=5
[eep] cs=1 sk=1 di=0 do=0 es=2 bitcnt=5
[eep] cs=1 sk=0 di=0 do=0 es=2 bitcnt=6
[eep] cs=1 sk=1 di=0 do=0 es=2 bitcnt=6
[eep] cs=1 sk=0 di=0 do=0 es=2 bitcnt=7
[eep] cs=1 sk=1 di=0 do=0 es=2 bitcnt=7
[eep] cs=1 sk=1 di=0 do=1 es=2 bitcnt=8
[eep] cs=1 sk=0 di=0 do=1 es=2 bitcnt=8
[eep] cs=1 sk=1 di=0 do=1 es=2 bitcnt=8
[eep] cs=1 sk=0 di=0 do=1 es=2 bitcnt=9
[eep] cs=1 sk=1 di=0 do=1 es=2 bitcnt=9
[eep] cs=1 sk=1 di=0 do=0 es=2 bitcnt=10
[eep] cs=1 sk=0 di=0 do=0 es=2 bitcnt=10
[eep] cs=1 sk=1 di=0 do=0 es=2 bitcnt=10
[eep] cs=1 sk=0 di=0 do=0 es=2 bitcnt=11
[eep] cs=1 sk=1 di=0 do=0 es=2 bitcnt=11
[eep] cs=1 sk=0 di=0 do=0 es=2 bitcnt=12
[eep] cs=1 sk=1 di=0 do=0 es=2 bitcnt=12
[eep] cs=1 sk=0 di=0 do=0 es=2 bitcnt=13
[eep] cs=1 sk=1 di=0 do=0 es=2 bitcnt=13
[eep] cs=1 sk=0 di=0 do=0 es=2 bitcnt=14
[eep] cs=1 sk=1 di=0 do=0 es=2 bitcnt=14
[eep] cs=1 sk=1 di=0 do=1 es=2 bitcnt=15
[eep] cs=1 sk=0 di=0 do=1 es=2 bitcnt=15
[eep] cs=1 sk=1 di=0 do=1 es=2 bitcnt=15
[eep] cs=1 sk=0 di=0 do=1 es=4 bitcnt=0
[eep] cs=1 sk=1 di=0 do=1 es=4 bitcnt=0
[eep] cs=1 sk=0 di=0 do=1 es=4 bitcnt=0
[eep] cs=1 sk=1 di=0 do=1 es=4 bitcnt=0
[eep] cs=0 sk=0 di=0 do=1 es=4 bitcnt=0
[eep] cs=0 sk=1 di=0 do=1 es=0 bitcnt=0
[eep] cs=1 sk=0 di=0 do=1 es=0 bitcnt=0
[eep] cs=1 sk=1 di=0 do=1 es=0 bitcnt=0
[eep] cs=1 sk=0 di=1 do=1 es=0 bitcnt=0
[eep] cs=1 sk=1 di=1 do=1 es=0 bitcnt=0
[eep] cs=1 sk=0 di=1 do=1 es=1 bitcnt=0
[eep] cs=1 sk=1 di=1 do=1 es=1 bitcnt=0
[eep] cs=1 sk=0 di=0 do=1 es=1 bitcnt=1
[eep] cs=1 sk=1 di=0 do=1 es=1 bitcnt=1
[eep] cs=1 sk=0 di=1 do=1 es=1 bitcnt=2
[eep] cs=1 sk=1 di=1 do=1 es=1 bitcnt=2
[eep] cs=1 sk=0 di=0 do=1 es=1 bitcnt=3
[eep] cs=1 sk=1 di=0 do=1 es=1 bitcnt=3
[eep] cs=1 sk=0 di=0 do=1 es=1 bitcnt=4
[eep] cs=1 sk=1 di=0 do=1 es=1 bitcnt=4
[eep] cs=1 sk=0 di=0 do=1 es=1 bitcnt=5
[eep] cs=1 sk=1 di=0 do=1 es=1 bitcnt=5
[eep] cs=1 sk=0 di=1 do=1 es=1 bitcnt=6
[eep] cs=1 sk=1 di=1 do=1 es=1 bitcnt=6
[eep] cs=1 sk=0 di=1 do=1 es=1 bitcnt=7
[eep] cs=1 sk=1 di=1 do=1 es=1 bitcnt=7
[eep] cs=1 sk=1 di=1 do=0 es=2 bitcnt=0
[eep] cs=1 sk=0 di=0 do=0 es=2 bitcnt=0
[eep] cs=1 sk=1 di=0 do=0 es=2 bitcnt=0
[eep] cs=1 sk=0 di=0 do=0 es=2 bitcnt=1
[eep] cs=1 sk=1 di=0 do=0 es=2 bitcnt=1
[eep] cs=1 sk=0 di=0 do=0 es=2 bitcnt=2
[eep] cs=1 sk=1 di=0 do=0 es=2 bitcnt=2
[eep] cs=1 sk=0 di=0 do=0 es=2 bitcnt=3
[eep] cs=1 sk=1 di=0 do=0 es=2 bitcnt=3
[eep] cs=1 sk=0 di=0 do=0 es=2 bitcnt=4
[eep] cs=1 sk=1 di=0 do=0 es=2 bitcnt=4
[eep] cs=1 sk=0 di=0 do=0 es=2 bitcnt=5
[eep] cs=1 sk=1 di=0 do=0 es=2 bitcnt=5
[eep] cs=1 sk=0 di=0 do=0 es=2 bitcnt=6
[eep] cs=1 sk=1 di=0 do=0 es=2 bitcnt=6
[eep] cs=1 sk=0 di=0 do=0 es=2 bitcnt=7
[eep] cs=1 sk=1 di=0 do=0 es=2 bitcnt=7
[eep] cs=1 sk=1 di=0 do=1 es=2 bitcnt=8
[eep] cs=1 sk=0 di=0 do=1 es=2 bitcnt=8
[eep] cs=1 sk=1 di=0 do=1 es=2 bitcnt=8
[eep] cs=1 sk=1 di=0 do=0 es=2 bitcnt=9
[eep] cs=1 sk=0 di=0 do=0 es=2 bitcnt=9
[eep] cs=1 sk=1 di=0 do=0 es=2 bitcnt=9
[eep] cs=1 sk=0 di=0 do=0 es=2 bitcnt=10
[eep] cs=1 sk=1 di=0 do=0 es=2 bitcnt=10
[eep] cs=1 sk=0 di=0 do=0 es=2 bitcnt=11
[eep] cs=1 sk=1 di=0 do=0 es=2 bitcnt=11
[eep] cs=1 sk=0 di=0 do=0 es=2 bitcnt=12
[eep] cs=1 sk=1 di=0 do=0 es=2 bitcnt=12
[eep] cs=1 sk=0 di=0 do=0 es=2 bitcnt=13
[eep] cs=1 sk=1 di=0 do=0 es=2 bitcnt=13
[eep] cs=1 sk=0 di=0 do=0 es=2 bitcnt=14
[eep] cs=1 sk=1 di=0 do=0 es=2 bitcnt=14
[eep] cs=1 sk=0 di=0 do=0 es=2 bitcnt=15
[eep] cs=1 sk=1 di=0 do=0 es=2 bitcnt=15
[eep] cs=1 sk=0 di=0 do=0 es=4 bitcnt=0
[eep] cs=1 sk=1 di=0 do=0 es=4 bitcnt=0
[eep] cs=1 sk=0 di=0 do=0 es=4 bitcnt=0
[eep] cs=1 sk=1 di=0 do=0 es=4 bitcnt=0
[eep] cs=0 sk=0 di=0 do=0 es=4 bitcnt=0
[eep] cs=0 sk=0 di=0 do=1 es=0 bitcnt=0
[eep] cs=0 sk=1 di=0 do=1 es=0 bitcnt=0
[eep] cs=1 sk=0 di=0 do=1 es=0 bitcnt=0
[eep] cs=1 sk=1 di=0 do=1 es=0 bitcnt=0
[eep] cs=1 sk=0 di=1 do=1 es=0 bitcnt=0
[eep] cs=1 sk=1 di=1 do=1 es=0 bitcnt=0
[eep] cs=1 sk=0 di=1 do=1 es=1 bitcnt=0
[eep] cs=1 sk=1 di=1 do=1 es=1 bitcnt=0
[eep] cs=1 sk=0 di=0 do=1 es=1 bitcnt=1
[eep] cs=1 sk=1 di=0 do=1 es=1 bitcnt=1
[eep] cs=1 sk=0 di=1 do=1 es=1 bitcnt=2
[eep] cs=1 sk=1 di=1 do=1 es=1 bitcnt=2
[eep] cs=1 sk=0 di=0 do=1 es=1 bitcnt=3
[eep] cs=1 sk=1 di=0 do=1 es=1 bitcnt=3
[eep] cs=1 sk=0 di=0 do=1 es=1 bitcnt=4
[eep] cs=1 sk=1 di=0 do=1 es=1 bitcnt=4
[eep] cs=1 sk=0 di=1 do=1 es=1 bitcnt=5
[eep] cs=1 sk=1 di=1 do=1 es=1 bitcnt=5
[eep] cs=1 sk=0 di=0 do=1 es=1 bitcnt=6
[eep] cs=1 sk=1 di=0 do=1 es=1 bitcnt=6
[eep] cs=1 sk=0 di=0 do=1 es=1 bitcnt=7
[eep] cs=1 sk=1 di=0 do=1 es=1 bitcnt=7
[eep] cs=1 sk=1 di=0 do=0 es=2 bitcnt=0
[eep] cs=1 sk=0 di=0 do=0 es=2 bitcnt=0
[eep] cs=1 sk=1 di=0 do=0 es=2 bitcnt=0
[eep] cs=1 sk=1 di=0 do=1 es=2 bitcnt=1
[eep] cs=1 sk=0 di=0 do=1 es=2 bitcnt=1
[eep] cs=1 sk=1 di=0 do=1 es=2 bitcnt=1
[eep] cs=1 sk=1 di=0 do=0 es=2 bitcnt=2
[eep] cs=1 sk=0 di=0 do=0 es=2 bitcnt=2
[eep] cs=1 sk=1 di=0 do=0 es=2 bitcnt=2
[eep] cs=1 sk=0 di=0 do=0 es=2 bitcnt=3
[eep] cs=1 sk=1 di=0 do=0 es=2 bitcnt=3
[eep] cs=1 sk=1 di=0 do=1 es=2 bitcnt=4
[eep] cs=1 sk=0 di=0 do=1 es=2 bitcnt=4
[eep] cs=1 sk=1 di=0 do=1 es=2 bitcnt=4
[eep] cs=1 sk=1 di=0 do=0 es=2 bitcnt=5
[eep] cs=1 sk=0 di=0 do=0 es=2 bitcnt=5
[eep] cs=1 sk=1 di=0 do=0 es=2 bitcnt=5
[eep] cs=1 sk=0 di=0 do=0 es=2 bitcnt=6
[eep] cs=1 sk=1 di=0 do=0 es=2 bitcnt=6
[eep] cs=1 sk=1 di=0 do=1 es=2 bitcnt=7
[eep] cs=1 sk=0 di=0 do=1 es=2 bitcnt=7
[eep] cs=1 sk=1 di=0 do=1 es=2 bitcnt=7
[eep] cs=1 sk=0 di=0 do=1 es=2 bitcnt=8
[eep] cs=1 sk=1 di=0 do=1 es=2 bitcnt=8
[eep] cs=1 sk=1 di=0 do=0 es=2 bitcnt=9
[eep] cs=1 sk=0 di=0 do=0 es=2 bitcnt=9
[eep] cs=1 sk=1 di=0 do=0 es=2 bitcnt=9
[eep] cs=1 sk=0 di=0 do=0 es=2 bitcnt=10
[eep] cs=1 sk=1 di=0 do=0 es=2 bitcnt=10
[eep] cs=1 sk=0 di=0 do=0 es=2 bitcnt=11
[eep] cs=1 sk=1 di=0 do=0 es=2 bitcnt=11
[eep] cs=1 sk=0 di=0 do=0 es=2 bitcnt=12
[eep] cs=1 sk=1 di=0 do=0 es=2 bitcnt=12
[eep] cs=1 sk=0 di=0 do=0 es=2 bitcnt=13
[eep] cs=1 sk=1 di=0 do=0 es=2 bitcnt=13
[eep] cs=1 sk=0 di=0 do=0 es=2 bitcnt=14
[eep] cs=1 sk=1 di=0 do=0 es=2 bitcnt=14
[eep] cs=1 sk=1 di=0 do=1 es=2 bitcnt=15
[eep] cs=1 sk=0 di=0 do=1 es=2 bitcnt=15
[eep] cs=1 sk=1 di=0 do=1 es=2 bitcnt=15
[eep] cs=1 sk=0 di=0 do=1 es=4 bitcnt=0
[eep] cs=1 sk=1 di=0 do=1 es=4 bitcnt=0
[eep] cs=1 sk=0 di=0 do=1 es=4 bitcnt=0
[eep] cs=1 sk=1 di=0 do=1 es=4 bitcnt=0
[eep] cs=0 sk=0 di=0 do=1 es=4 bitcnt=0
[eep] cs=0 sk=1 di=0 do=1 es=0 bitcnt=0
[eep] cs=1 sk=0 di=0 do=1 es=0 bitcnt=0
[eep] cs=1 sk=1 di=0 do=1 es=0 bitcnt=0
[eep] cs=1 sk=0 di=1 do=1 es=0 bitcnt=0
[eep] cs=1 sk=1 di=1 do=1 es=0 bitcnt=0
[eep] cs=1 sk=0 di=1 do=1 es=1 bitcnt=0
[eep] cs=1 sk=1 di=1 do=1 es=1 bitcnt=0
[eep] cs=1 sk=0 di=0 do=1 es=1 bitcnt=1
[eep] cs=1 sk=1 di=0 do=1 es=1 bitcnt=1
[eep] cs=1 sk=0 di=1 do=1 es=1 bitcnt=2
[eep] cs=1 sk=1 di=1 do=1 es=1 bitcnt=2
[eep] cs=1 sk=0 di=0 do=1 es=1 bitcnt=3
[eep] cs=1 sk=1 di=0 do=1 es=1 bitcnt=3
[eep] cs=1 sk=0 di=0 do=1 es=1 bitcnt=4
[eep] cs=1 sk=1 di=0 do=1 es=1 bitcnt=4
[eep] cs=1 sk=0 di=1 do=1 es=1 bitcnt=5
[eep] cs=1 sk=1 di=1 do=1 es=1 bitcnt=5
[eep] cs=1 sk=0 di=0 do=1 es=1 bitcnt=6
[eep] cs=1 sk=1 di=0 do=1 es=1 bitcnt=6
[eep] cs=1 sk=0 di=1 do=1 es=1 bitcnt=7
[eep] cs=1 sk=1 di=1 do=1 es=1 bitcnt=7
[eep] cs=1 sk=1 di=1 do=0 es=2 bitcnt=0
[eep] cs=1 sk=0 di=0 do=0 es=2 bitcnt=0
[eep] cs=1 sk=1 di=0 do=0 es=2 bitcnt=0
[eep] cs=1 sk=0 di=0 do=0 es=2 bitcnt=1
[eep] cs=1 sk=1 di=0 do=0 es=2 bitcnt=1
[eep] cs=1 sk=0 di=0 do=0 es=2 bitcnt=2
[eep] cs=1 sk=1 di=0 do=0 es=2 bitcnt=2
[eep] cs=1 sk=0 di=0 do=0 es=2 bitcnt=3
[eep] cs=1 sk=1 di=0 do=0 es=2 bitcnt=3
[eep] cs=1 sk=0 di=0 do=0 es=2 bitcnt=4
[eep] cs=1 sk=1 di=0 do=0 es=2 bitcnt=4
[eep] cs=1 sk=0 di=0 do=0 es=2 bitcnt=5
[eep] cs=1 sk=1 di=0 do=0 es=2 bitcnt=5
[eep] cs=1 sk=0 di=0 do=0 es=2 bitcnt=6
[eep] cs=1 sk=1 di=0 do=0 es=2 bitcnt=6
[eep] cs=1 sk=0 di=0 do=0 es=2 bitcnt=7
[eep] cs=1 sk=1 di=0 do=0 es=2 bitcnt=7
[eep] cs=1 sk=0 di=0 do=0 es=2 bitcnt=8
[eep] cs=1 sk=1 di=0 do=0 es=2 bitcnt=8
[eep] cs=1 sk=0 di=0 do=0 es=2 bitcnt=9
[eep] cs=1 sk=1 di=0 do=0 es=2 bitcnt=9
[eep] cs=1 sk=0 di=0 do=0 es=2 bitcnt=10
[eep] cs=1 sk=1 di=0 do=0 es=2 bitcnt=10
[eep] cs=1 sk=0 di=0 do=0 es=2 bitcnt=11
[eep] cs=1 sk=1 di=0 do=0 es=2 bitcnt=11
[eep] cs=1 sk=0 di=0 do=0 es=2 bitcnt=12
[eep] cs=1 sk=1 di=0 do=0 es=2 bitcnt=12
[eep] cs=1 sk=0 di=0 do=0 es=2 bitcnt=13
[eep] cs=1 sk=1 di=0 do=0 es=2 bitcnt=13
[eep] cs=1 sk=0 di=0 do=0 es=2 bitcnt=14
[eep] cs=1 sk=1 di=0 do=0 es=2 bitcnt=14
[eep] cs=1 sk=0 di=0 do=0 es=2 bitcnt=15
[eep] cs=1 sk=1 di=0 do=0 es=2 bitcnt=15
[eep] cs=1 sk=0 di=0 do=0 es=4 bitcnt=0
[eep] cs=1 sk=1 di=0 do=0 es=4 bitcnt=0
[eep] cs=1 sk=0 di=0 do=0 es=4 bitcnt=0
[eep] cs=1 sk=1 di=0 do=0 es=4 bitcnt=0
[eep] cs=0 sk=0 di=0 do=0 es=4 bitcnt=0
[eep] cs=0 sk=0 di=0 do=1 es=0 bitcnt=0
[eep] cs=0 sk=1 di=0 do=1 es=0 bitcnt=0
[eep] cs=1 sk=0 di=0 do=1 es=0 bitcnt=0
[eep] cs=1 sk=1 di=0 do=1 es=0 bitcnt=0
[eep] cs=1 sk=0 di=1 do=1 es=0 bitcnt=0
[eep] cs=1 sk=1 di=1 do=1 es=0 bitcnt=0
[eep] cs=1 sk=0 di=1 do=1 es=1 bitcnt=0
[eep] cs=1 sk=1 di=1 do=1 es=1 bitcnt=0
[eep] cs=1 sk=0 di=0 do=1 es=1 bitcnt=1
[eep] cs=1 sk=1 di=0 do=1 es=1 bitcnt=1
[eep] cs=1 sk=0 di=1 do=1 es=1 bitcnt=2
[eep] cs=1 sk=1 di=1 do=1 es=1 bitcnt=2
[eep] cs=1 sk=0 di=0 do=1 es=1 bitcnt=3
[eep] cs=1 sk=1 di=0 do=1 es=1 bitcnt=3
[eep] cs=1 sk=0 di=0 do=1 es=1 bitcnt=4
[eep] cs=1 sk=1 di=0 do=1 es=1 bitcnt=4
[eep] cs=1 sk=0 di=1 do=1 es=1 bitcnt=5
[eep] cs=1 sk=1 di=1 do=1 es=1 bitcnt=5
[eep] cs=1 sk=0 di=1 do=1 es=1 bitcnt=6
[eep] cs=1 sk=1 di=1 do=1 es=1 bitcnt=6
[eep] cs=1 sk=0 di=0 do=1 es=1 bitcnt=7
[eep] cs=1 sk=1 di=0 do=1 es=1 bitcnt=7
[eep] cs=1 sk=1 di=0 do=0 es=2 bitcnt=0
[eep] cs=1 sk=0 di=0 do=0 es=2 bitcnt=0
[eep] cs=1 sk=1 di=0 do=0 es=2 bitcnt=0
[eep] cs=1 sk=0 di=0 do=0 es=2 bitcnt=1
[eep] cs=1 sk=1 di=0 do=0 es=2 bitcnt=1
[eep] cs=1 sk=0 di=0 do=0 es=2 bitcnt=2
[eep] cs=1 sk=1 di=0 do=0 es=2 bitcnt=2
[eep] cs=1 sk=0 di=0 do=0 es=2 bitcnt=3
[eep] cs=1 sk=1 di=0 do=0 es=2 bitcnt=3
[eep] cs=1 sk=0 di=0 do=0 es=2 bitcnt=4
[eep] cs=1 sk=1 di=0 do=0 es=2 bitcnt=4
[eep] cs=1 sk=0 di=0 do=0 es=2 bitcnt=5
[eep] cs=1 sk=1 di=0 do=0 es=2 bitcnt=5
[eep] cs=1 sk=0 di=0 do=0 es=2 bitcnt=6
[eep] cs=1 sk=1 di=0 do=0 es=2 bitcnt=6
[eep] cs=1 sk=0 di=0 do=0 es=2 bitcnt=7
[eep] cs=1 sk=1 di=0 do=0 es=2 bitcnt=7
[eep] cs=1 sk=0 di=0 do=0 es=2 bitcnt=8
[eep] cs=1 sk=1 di=0 do=0 es=2 bitcnt=8
[eep] cs=1 sk=0 di=0 do=0 es=2 bitcnt=9
[eep] cs=1 sk=1 di=0 do=0 es=2 bitcnt=9
[eep] cs=1 sk=0 di=0 do=0 es=2 bitcnt=10
[eep] cs=1 sk=1 di=0 do=0 es=2 bitcnt=10
[eep] cs=1 sk=0 di=0 do=0 es=2 bitcnt=11
[eep] cs=1 sk=1 di=0 do=0 es=2 bitcnt=11
[eep] cs=1 sk=0 di=0 do=0 es=2 bitcnt=12
[eep] cs=1 sk=1 di=0 do=0 es=2 bitcnt=12
[eep] cs=1 sk=0 di=0 do=0 es=2 bitcnt=13
[eep] cs=1 sk=1 di=0 do=0 es=2 bitcnt=13
[eep] cs=1 sk=0 di=0 do=0 es=2 bitcnt=14
[eep] cs=1 sk=1 di=0 do=0 es=2 bitcnt=14
[eep] cs=1 sk=0 di=0 do=0 es=2 bitcnt=15
[eep] cs=1 sk=1 di=0 do=0 es=2 bitcnt=15
[eep] cs=1 sk=0 di=0 do=0 es=4 bitcnt=0
[eep] cs=1 sk=1 di=0 do=0 es=4 bitcnt=0
[eep] cs=1 sk=0 di=0 do=0 es=4 bitcnt=0
[eep] cs=1 sk=1 di=0 do=0 es=4 bitcnt=0
[eep] cs=0 sk=0 di=0 do=0 es=4 bitcnt=0
[eep] cs=0 sk=0 di=0 do=1 es=0 bitcnt=0
[eep] cs=0 sk=1 di=0 do=1 es=0 bitcnt=0
[eep] cs=1 sk=0 di=0 do=1 es=0 bitcnt=0
[eep] cs=1 sk=1 di=0 do=1 es=0 bitcnt=0
[eep] cs=1 sk=0 di=1 do=1 es=0 bitcnt=0
[eep] cs=1 sk=1 di=1 do=1 es=0 bitcnt=0
[eep] cs=1 sk=0 di=1 do=1 es=1 bitcnt=0
[eep] cs=1 sk=1 di=1 do=1 es=1 bitcnt=0
[eep] cs=1 sk=0 di=0 do=1 es=1 bitcnt=1
[eep] cs=1 sk=1 di=0 do=1 es=1 bitcnt=1
[eep] cs=1 sk=0 di=1 do=1 es=1 bitcnt=2
[eep] cs=1 sk=1 di=1 do=1 es=1 bitcnt=2
[eep] cs=1 sk=0 di=0 do=1 es=1 bitcnt=3
[eep] cs=1 sk=1 di=0 do=1 es=1 bitcnt=3
[eep] cs=1 sk=0 di=0 do=1 es=1 bitcnt=4
[eep] cs=1 sk=1 di=0 do=1 es=1 bitcnt=4
[eep] cs=1 sk=0 di=1 do=1 es=1 bitcnt=5
[eep] cs=1 sk=1 di=1 do=1 es=1 bitcnt=5
[eep] cs=1 sk=0 di=1 do=1 es=1 bitcnt=6
[eep] cs=1 sk=1 di=1 do=1 es=1 bitcnt=6
[eep] cs=1 sk=0 di=1 do=1 es=1 bitcnt=7
[eep] cs=1 sk=1 di=1 do=1 es=1 bitcnt=7
[eep] cs=1 sk=1 di=1 do=0 es=2 bitcnt=0
[eep] cs=1 sk=0 di=0 do=0 es=2 bitcnt=0
[eep] cs=1 sk=1 di=0 do=0 es=2 bitcnt=0
[eep] cs=1 sk=0 di=0 do=0 es=2 bitcnt=1
[eep] cs=1 sk=1 di=0 do=0 es=2 bitcnt=1
[eep] cs=1 sk=0 di=0 do=0 es=2 bitcnt=2
[eep] cs=1 sk=1 di=0 do=0 es=2 bitcnt=2
[eep] cs=1 sk=0 di=0 do=0 es=2 bitcnt=3
[eep] cs=1 sk=1 di=0 do=0 es=2 bitcnt=3
[eep] cs=1 sk=0 di=0 do=0 es=2 bitcnt=4
[eep] cs=1 sk=1 di=0 do=0 es=2 bitcnt=4
[eep] cs=1 sk=0 di=0 do=0 es=2 bitcnt=5
[eep] cs=1 sk=1 di=0 do=0 es=2 bitcnt=5
[eep] cs=1 sk=0 di=0 do=0 es=2 bitcnt=6
[eep] cs=1 sk=1 di=0 do=0 es=2 bitcnt=6
[eep] cs=1 sk=0 di=0 do=0 es=2 bitcnt=7
[eep] cs=1 sk=1 di=0 do=0 es=2 bitcnt=7
[eep] cs=1 sk=0 di=0 do=0 es=2 bitcnt=8
[eep] cs=1 sk=1 di=0 do=0 es=2 bitcnt=8
[eep] cs=1 sk=0 di=0 do=0 es=2 bitcnt=9
[eep] cs=1 sk=1 di=0 do=0 es=2 bitcnt=9
[eep] cs=1 sk=0 di=0 do=0 es=2 bitcnt=10
[eep] cs=1 sk=1 di=0 do=0 es=2 bitcnt=10
[eep] cs=1 sk=0 di=0 do=0 es=2 bitcnt=11
[eep] cs=1 sk=1 di=0 do=0 es=2 bitcnt=11
[eep] cs=1 sk=0 di=0 do=0 es=2 bitcnt=12
[eep] cs=1 sk=1 di=0 do=0 es=2 bitcnt=12
[eep] cs=1 sk=0 di=0 do=0 es=2 bitcnt=13
[eep] cs=1 sk=1 di=0 do=0 es=2 bitcnt=13
[eep] cs=1 sk=0 di=0 do=0 es=2 bitcnt=14
[eep] cs=1 sk=1 di=0 do=0 es=2 bitcnt=14
[eep] cs=1 sk=0 di=0 do=0 es=2 bitcnt=15
[progress] frame 0
[eep] cs=1 sk=1 di=0 do=0 es=2 bitcnt=15
[eep] cs=1 sk=0 di=0 do=0 es=4 bitcnt=0
[eep] cs=1 sk=1 di=0 do=0 es=4 bitcnt=0
[eep] cs=1 sk=0 di=0 do=0 es=4 bitcnt=0
[eep] cs=1 sk=1 di=0 do=0 es=4 bitcnt=0
[eep] cs=0 sk=0 di=0 do=0 es=4 bitcnt=0
[eep] cs=0 sk=0 di=0 do=1 es=0 bitcnt=0
[eep] cs=0 sk=1 di=0 do=1 es=0 bitcnt=0
[eep] cs=1 sk=0 di=0 do=1 es=0 bitcnt=0
[eep] cs=1 sk=1 di=0 do=1 es=0 bitcnt=0
[eep] cs=1 sk=0 di=1 do=1 es=0 bitcnt=0
[eep] cs=1 sk=1 di=1 do=1 es=0 bitcnt=0
[eep] cs=1 sk=0 di=1 do=1 es=1 bitcnt=0
[eep] cs=1 sk=1 di=1 do=1 es=1 bitcnt=0
[eep] cs=1 sk=0 di=0 do=1 es=1 bitcnt=1
[eep] cs=1 sk=1 di=0 do=1 es=1 bitcnt=1
[eep] cs=1 sk=0 di=1 do=1 es=1 bitcnt=2
[eep] cs=1 sk=1 di=1 do=1 es=1 bitcnt=2
[eep] cs=1 sk=0 di=0 do=1 es=1 bitcnt=3
[eep] cs=1 sk=1 di=0 do=1 es=1 bitcnt=3
[eep] cs=1 sk=0 di=1 do=1 es=1 bitcnt=4
[eep] cs=1 sk=1 di=1 do=1 es=1 bitcnt=4
[eep] cs=1 sk=0 di=0 do=1 es=1 bitcnt=5
[eep] cs=1 sk=1 di=0 do=1 es=1 bitcnt=5
[eep] cs=1 sk=0 di=0 do=1 es=1 bitcnt=6
[eep] cs=1 sk=1 di=0 do=1 es=1 bitcnt=6
[eep] cs=1 sk=0 di=0 do=1 es=1 bitcnt=7
[eep] cs=1 sk=1 di=0 do=1 es=1 bitcnt=7
[eep] cs=1 sk=1 di=0 do=0 es=2 bitcnt=0
[eep] cs=1 sk=0 di=0 do=0 es=2 bitcnt=0
[eep] cs=1 sk=1 di=0 do=0 es=2 bitcnt=0
[eep] cs=1 sk=1 di=0 do=1 es=2 bitcnt=1
[eep] cs=1 sk=0 di=0 do=1 es=2 bitcnt=1
[eep] cs=1 sk=1 di=0 do=1 es=2 bitcnt=1
[eep] cs=1 sk=0 di=0 do=1 es=2 bitcnt=2
[eep] cs=1 sk=1 di=0 do=1 es=2 bitcnt=2
[eep] cs=1 sk=0 di=0 do=1 es=2 bitcnt=3
[eep] cs=1 sk=1 di=0 do=1 es=2 bitcnt=3
[eep] cs=1 sk=0 di=0 do=1 es=2 bitcnt=4
[eep] cs=1 sk=1 di=0 do=1 es=2 bitcnt=4
[eep] cs=1 sk=0 di=0 do=1 es=2 bitcnt=5
[eep] cs=1 sk=1 di=0 do=1 es=2 bitcnt=5
[eep] cs=1 sk=0 di=0 do=1 es=2 bitcnt=6
[eep] cs=1 sk=1 di=0 do=1 es=2 bitcnt=6
[eep] cs=1 sk=0 di=0 do=1 es=2 bitcnt=7
[eep] cs=1 sk=1 di=0 do=1 es=2 bitcnt=7
[eep] cs=1 sk=0 di=0 do=1 es=2 bitcnt=8
[eep] cs=1 sk=1 di=0 do=1 es=2 bitcnt=8
[eep] cs=1 sk=1 di=0 do=0 es=2 bitcnt=9
[eep] cs=1 sk=0 di=0 do=0 es=2 bitcnt=9
[eep] cs=1 sk=1 di=0 do=0 es=2 bitcnt=9
[eep] cs=1 sk=0 di=0 do=0 es=2 bitcnt=10
[eep] cs=1 sk=1 di=0 do=0 es=2 bitcnt=10
[eep] cs=1 sk=0 di=0 do=0 es=2 bitcnt=11
[eep] cs=1 sk=1 di=0 do=0 es=2 bitcnt=11
[eep] cs=1 sk=0 di=0 do=0 es=2 bitcnt=12
[eep] cs=1 sk=1 di=0 do=0 es=2 bitcnt=12
[eep] cs=1 sk=0 di=0 do=0 es=2 bitcnt=13
[eep] cs=1 sk=1 di=0 do=0 es=2 bitcnt=13
[eep] cs=1 sk=0 di=0 do=0 es=2 bitcnt=14
[eep] cs=1 sk=1 di=0 do=0 es=2 bitcnt=14
[eep] cs=1 sk=0 di=0 do=0 es=2 bitcnt=15
[eep] cs=1 sk=1 di=0 do=0 es=2 bitcnt=15
[eep] cs=1 sk=1 di=0 do=1 es=4 bitcnt=0
[eep] cs=1 sk=0 di=0 do=1 es=4 bitcnt=0
[eep] cs=1 sk=1 di=0 do=1 es=4 bitcnt=0
[eep] cs=1 sk=0 di=0 do=1 es=4 bitcnt=0
[eep] cs=1 sk=1 di=0 do=1 es=4 bitcnt=0
[eep] cs=0 sk=0 di=0 do=1 es=4 bitcnt=0
[eep] cs=0 sk=1 di=0 do=1 es=0 bitcnt=0
[eep] cs=1 sk=0 di=0 do=1 es=0 bitcnt=0
[eep] cs=1 sk=1 di=0 do=1 es=0 bitcnt=0
[eep] cs=1 sk=0 di=1 do=1 es=0 bitcnt=0
[eep] cs=1 sk=1 di=1 do=1 es=0 bitcnt=0
[eep] cs=1 sk=0 di=1 do=1 es=1 bitcnt=0
[eep] cs=1 sk=1 di=1 do=1 es=1 bitcnt=0
[eep] cs=1 sk=0 di=0 do=1 es=1 bitcnt=1
[eep] cs=1 sk=1 di=0 do=1 es=1 bitcnt=1
[eep] cs=1 sk=0 di=1 do=1 es=1 bitcnt=2
[eep] cs=1 sk=1 di=1 do=1 es=1 bitcnt=2
[eep] cs=1 sk=0 di=0 do=1 es=1 bitcnt=3
[eep] cs=1 sk=1 di=0 do=1 es=1 bitcnt=3
[eep] cs=1 sk=0 di=1 do=1 es=1 bitcnt=4
[eep] cs=1 sk=1 di=1 do=1 es=1 bitcnt=4
[eep] cs=1 sk=0 di=0 do=1 es=1 bitcnt=5
[eep] cs=1 sk=1 di=0 do=1 es=1 bitcnt=5
[eep] cs=1 sk=0 di=0 do=1 es=1 bitcnt=6
[eep] cs=1 sk=1 di=0 do=1 es=1 bitcnt=6
[eep] cs=1 sk=0 di=1 do=1 es=1 bitcnt=7
[eep] cs=1 sk=1 di=1 do=1 es=1 bitcnt=7
[eep] cs=1 sk=1 di=1 do=0 es=2 bitcnt=0
[eep] cs=1 sk=0 di=0 do=0 es=2 bitcnt=0
[eep] cs=1 sk=1 di=0 do=0 es=2 bitcnt=0
[eep] cs=1 sk=0 di=0 do=0 es=2 bitcnt=1
[eep] cs=1 sk=1 di=0 do=0 es=2 bitcnt=1
[eep] cs=1 sk=0 di=0 do=0 es=2 bitcnt=2
[eep] cs=1 sk=1 di=0 do=0 es=2 bitcnt=2
[eep] cs=1 sk=0 di=0 do=0 es=2 bitcnt=3
[eep] cs=1 sk=1 di=0 do=0 es=2 bitcnt=3
[eep] cs=1 sk=0 di=0 do=0 es=2 bitcnt=4
[eep] cs=1 sk=1 di=0 do=0 es=2 bitcnt=4
[eep] cs=1 sk=0 di=0 do=0 es=2 bitcnt=5
[eep] cs=1 sk=1 di=0 do=0 es=2 bitcnt=5
[eep] cs=1 sk=0 di=0 do=0 es=2 bitcnt=6
[eep] cs=1 sk=1 di=0 do=0 es=2 bitcnt=6
[eep] cs=1 sk=0 di=0 do=0 es=2 bitcnt=7
[eep] cs=1 sk=1 di=0 do=0 es=2 bitcnt=7
[eep] cs=1 sk=1 di=0 do=1 es=2 bitcnt=8
[eep] cs=1 sk=0 di=0 do=1 es=2 bitcnt=8
[eep] cs=1 sk=1 di=0 do=1 es=2 bitcnt=8
[eep] cs=1 sk=1 di=0 do=0 es=2 bitcnt=9
[eep] cs=1 sk=0 di=0 do=0 es=2 bitcnt=9
[eep] cs=1 sk=1 di=0 do=0 es=2 bitcnt=9
[eep] cs=1 sk=0 di=0 do=0 es=2 bitcnt=10
[eep] cs=1 sk=1 di=0 do=0 es=2 bitcnt=10
[eep] cs=1 sk=0 di=0 do=0 es=2 bitcnt=11
[eep] cs=1 sk=1 di=0 do=0 es=2 bitcnt=11
[eep] cs=1 sk=0 di=0 do=0 es=2 bitcnt=12
[eep] cs=1 sk=1 di=0 do=0 es=2 bitcnt=12
[eep] cs=1 sk=0 di=0 do=0 es=2 bitcnt=13
[eep] cs=1 sk=1 di=0 do=0 es=2 bitcnt=13
[eep] cs=1 sk=0 di=0 do=0 es=2 bitcnt=14
[eep] cs=1 sk=1 di=0 do=0 es=2 bitcnt=14
[eep] cs=1 sk=0 di=0 do=0 es=2 bitcnt=15
[eep] cs=1 sk=1 di=0 do=0 es=2 bitcnt=15
[eep] cs=1 sk=1 di=0 do=1 es=4 bitcnt=0
[eep] cs=1 sk=0 di=0 do=1 es=4 bitcnt=0
[eep] cs=1 sk=1 di=0 do=1 es=4 bitcnt=0
[eep] cs=1 sk=0 di=0 do=1 es=4 bitcnt=0
[eep] cs=1 sk=1 di=0 do=1 es=4 bitcnt=0
[eep] cs=0 sk=0 di=0 do=1 es=4 bitcnt=0
[eep] cs=0 sk=1 di=0 do=1 es=0 bitcnt=0
[eep] cs=1 sk=0 di=0 do=1 es=0 bitcnt=0
[eep] cs=1 sk=1 di=0 do=1 es=0 bitcnt=0
[eep] cs=1 sk=0 di=1 do=1 es=0 bitcnt=0
[eep] cs=1 sk=1 di=1 do=1 es=0 bitcnt=0
[eep] cs=1 sk=0 di=1 do=1 es=1 bitcnt=0
[eep] cs=1 sk=1 di=1 do=1 es=1 bitcnt=0
[eep] cs=1 sk=0 di=0 do=1 es=1 bitcnt=1
[eep] cs=1 sk=1 di=0 do=1 es=1 bitcnt=1
[eep] cs=1 sk=0 di=1 do=1 es=1 bitcnt=2
[eep] cs=1 sk=1 di=1 do=1 es=1 bitcnt=2
[eep] cs=1 sk=0 di=0 do=1 es=1 bitcnt=3
[eep] cs=1 sk=1 di=0 do=1 es=1 bitcnt=3
[eep] cs=1 sk=0 di=1 do=1 es=1 bitcnt=4
[eep] cs=1 sk=1 di=1 do=1 es=1 bitcnt=4
[eep] cs=1 sk=0 di=0 do=1 es=1 bitcnt=5
[eep] cs=1 sk=1 di=0 do=1 es=1 bitcnt=5
[eep] cs=1 sk=0 di=1 do=1 es=1 bitcnt=6
[eep] cs=1 sk=1 di=1 do=1 es=1 bitcnt=6
[eep] cs=1 sk=0 di=0 do=1 es=1 bitcnt=7
[eep] cs=1 sk=1 di=0 do=1 es=1 bitcnt=7
[eep] cs=1 sk=1 di=0 do=0 es=2 bitcnt=0
[eep] cs=1 sk=0 di=0 do=0 es=2 bitcnt=0
[eep] cs=1 sk=1 di=0 do=0 es=2 bitcnt=0
[eep] cs=1 sk=0 di=0 do=0 es=2 bitcnt=1
[eep] cs=1 sk=1 di=0 do=0 es=2 bitcnt=1
[eep] cs=1 sk=0 di=0 do=0 es=2 bitcnt=2
[eep] cs=1 sk=1 di=0 do=0 es=2 bitcnt=2
[eep] cs=1 sk=0 di=0 do=0 es=2 bitcnt=3
[eep] cs=1 sk=1 di=0 do=0 es=2 bitcnt=3
[eep] cs=1 sk=0 di=0 do=0 es=2 bitcnt=4
[eep] cs=1 sk=1 di=0 do=0 es=2 bitcnt=4
[eep] cs=1 sk=0 di=0 do=0 es=2 bitcnt=5
[eep] cs=1 sk=1 di=0 do=0 es=2 bitcnt=5
[eep] cs=1 sk=0 di=0 do=0 es=2 bitcnt=6
[eep] cs=1 sk=1 di=0 do=0 es=2 bitcnt=6
[eep] cs=1 sk=0 di=0 do=0 es=2 bitcnt=7
[eep] cs=1 sk=1 di=0 do=0 es=2 bitcnt=7
[eep] cs=1 sk=0 di=0 do=0 es=2 bitcnt=8
[eep] cs=1 sk=1 di=0 do=0 es=2 bitcnt=8
[eep] cs=1 sk=0 di=0 do=0 es=2 bitcnt=9
[eep] cs=1 sk=1 di=0 do=0 es=2 bitcnt=9
[eep] cs=1 sk=0 di=0 do=0 es=2 bitcnt=10
[eep] cs=1 sk=1 di=0 do=0 es=2 bitcnt=10
[eep] cs=1 sk=0 di=0 do=0 es=2 bitcnt=11
[eep] cs=1 sk=1 di=0 do=0 es=2 bitcnt=11
[eep] cs=1 sk=0 di=0 do=0 es=2 bitcnt=12
[eep] cs=1 sk=1 di=0 do=0 es=2 bitcnt=12
[eep] cs=1 sk=0 di=0 do=0 es=2 bitcnt=13
[eep] cs=1 sk=1 di=0 do=0 es=2 bitcnt=13
[eep] cs=1 sk=0 di=0 do=0 es=2 bitcnt=14
[eep] cs=1 sk=1 di=0 do=0 es=2 bitcnt=14
[eep] cs=1 sk=0 di=0 do=0 es=2 bitcnt=15
[eep] cs=1 sk=1 di=0 do=0 es=2 bitcnt=15
[eep] cs=1 sk=1 di=0 do=1 es=4 bitcnt=0
[eep] cs=1 sk=0 di=0 do=1 es=4 bitcnt=0
[eep] cs=1 sk=1 di=0 do=1 es=4 bitcnt=0
[eep] cs=1 sk=0 di=0 do=1 es=4 bitcnt=0
[eep] cs=1 sk=1 di=0 do=1 es=4 bitcnt=0
[eep] cs=0 sk=0 di=0 do=1 es=4 bitcnt=0
[eep] cs=0 sk=1 di=0 do=1 es=0 bitcnt=0
[eep] cs=1 sk=0 di=0 do=1 es=0 bitcnt=0
[eep] cs=1 sk=1 di=0 do=1 es=0 bitcnt=0
[eep] cs=1 sk=0 di=1 do=1 es=0 bitcnt=0
[eep] cs=1 sk=1 di=1 do=1 es=0 bitcnt=0
[eep] cs=1 sk=0 di=1 do=1 es=1 bitcnt=0
[eep] cs=1 sk=1 di=1 do=1 es=1 bitcnt=0
[eep] cs=1 sk=0 di=0 do=1 es=1 bitcnt=1
[eep] cs=1 sk=1 di=0 do=1 es=1 bitcnt=1
[eep] cs=1 sk=0 di=1 do=1 es=1 bitcnt=2
[eep] cs=1 sk=1 di=1 do=1 es=1 bitcnt=2
[eep] cs=1 sk=0 di=0 do=1 es=1 bitcnt=3
[eep] cs=1 sk=1 di=0 do=1 es=1 bitcnt=3
[eep] cs=1 sk=0 di=1 do=1 es=1 bitcnt=4
[eep] cs=1 sk=1 di=1 do=1 es=1 bitcnt=4
[eep] cs=1 sk=0 di=0 do=1 es=1 bitcnt=5
[eep] cs=1 sk=1 di=0 do=1 es=1 bitcnt=5
[eep] cs=1 sk=0 di=1 do=1 es=1 bitcnt=6
[eep] cs=1 sk=1 di=1 do=1 es=1 bitcnt=6
[eep] cs=1 sk=0 di=1 do=1 es=1 bitcnt=7
[eep] cs=1 sk=1 di=1 do=1 es=1 bitcnt=7
[eep] cs=1 sk=1 di=1 do=0 es=2 bitcnt=0
[eep] cs=1 sk=0 di=0 do=0 es=2 bitcnt=0
[eep] cs=1 sk=1 di=0 do=0 es=2 bitcnt=0
[eep] cs=1 sk=0 di=0 do=0 es=2 bitcnt=1
[eep] cs=1 sk=1 di=0 do=0 es=2 bitcnt=1
[eep] cs=1 sk=0 di=0 do=0 es=2 bitcnt=2
[eep] cs=1 sk=1 di=0 do=0 es=2 bitcnt=2
[eep] cs=1 sk=0 di=0 do=0 es=2 bitcnt=3
[eep] cs=1 sk=1 di=0 do=0 es=2 bitcnt=3
[eep] cs=1 sk=0 di=0 do=0 es=2 bitcnt=4
[eep] cs=1 sk=1 di=0 do=0 es=2 bitcnt=4
[eep] cs=1 sk=0 di=0 do=0 es=2 bitcnt=5
[eep] cs=1 sk=1 di=0 do=0 es=2 bitcnt=5
[eep] cs=1 sk=0 di=0 do=0 es=2 bitcnt=6
[eep] cs=1 sk=1 di=0 do=0 es=2 bitcnt=6
[eep] cs=1 sk=1 di=0 do=1 es=2 bitcnt=7
[eep] cs=1 sk=0 di=0 do=1 es=2 bitcnt=7
[eep] cs=1 sk=1 di=0 do=1 es=2 bitcnt=7
[eep] cs=1 sk=1 di=0 do=0 es=2 bitcnt=8
[eep] cs=1 sk=0 di=0 do=0 es=2 bitcnt=8
[eep] cs=1 sk=1 di=0 do=0 es=2 bitcnt=8
[eep] cs=1 sk=0 di=0 do=0 es=2 bitcnt=9
[eep] cs=1 sk=1 di=0 do=0 es=2 bitcnt=9
[eep] cs=1 sk=0 di=0 do=0 es=2 bitcnt=10
[eep] cs=1 sk=1 di=0 do=0 es=2 bitcnt=10
[eep] cs=1 sk=0 di=0 do=0 es=2 bitcnt=11
[eep] cs=1 sk=1 di=0 do=0 es=2 bitcnt=11
[eep] cs=1 sk=0 di=0 do=0 es=2 bitcnt=12
[eep] cs=1 sk=1 di=0 do=0 es=2 bitcnt=12
[eep] cs=1 sk=0 di=0 do=0 es=2 bitcnt=13
[eep] cs=1 sk=1 di=0 do=0 es=2 bitcnt=13
[eep] cs=1 sk=0 di=0 do=0 es=2 bitcnt=14
[eep] cs=1 sk=1 di=0 do=0 es=2 bitcnt=14
[eep] cs=1 sk=0 di=0 do=0 es=2 bitcnt=15
[eep] cs=1 sk=1 di=0 do=0 es=2 bitcnt=15
[eep] cs=1 sk=0 di=0 do=0 es=4 bitcnt=0
[eep] cs=1 sk=1 di=0 do=0 es=4 bitcnt=0
[eep] cs=1 sk=0 di=0 do=0 es=4 bitcnt=0
[eep] cs=1 sk=1 di=0 do=0 es=4 bitcnt=0
[eep] cs=0 sk=0 di=0 do=0 es=4 bitcnt=0
[eep] cs=0 sk=0 di=0 do=1 es=0 bitcnt=0
[eep] cs=0 sk=1 di=0 do=1 es=0 bitcnt=0
[eep] cs=1 sk=0 di=0 do=1 es=0 bitcnt=0
[eep] cs=1 sk=1 di=0 do=1 es=0 bitcnt=0
[eep] cs=1 sk=0 di=1 do=1 es=0 bitcnt=0
[eep] cs=1 sk=1 di=1 do=1 es=0 bitcnt=0
[eep] cs=1 sk=0 di=1 do=1 es=1 bitcnt=0
[eep] cs=1 sk=1 di=1 do=1 es=1 bitcnt=0
[eep] cs=1 sk=0 di=0 do=1 es=1 bitcnt=1
[eep] cs=1 sk=1 di=0 do=1 es=1 bitcnt=1
[eep] cs=1 sk=0 di=1 do=1 es=1 bitcnt=2
[eep] cs=1 sk=1 di=1 do=1 es=1 bitcnt=2
[eep] cs=1 sk=0 di=0 do=1 es=1 bitcnt=3
[eep] cs=1 sk=1 di=0 do=1 es=1 bitcnt=3
[eep] cs=1 sk=0 di=1 do=1 es=1 bitcnt=4
[eep] cs=1 sk=1 di=1 do=1 es=1 bitcnt=4
[eep] cs=1 sk=0 di=1 do=1 es=1 bitcnt=5
[eep] cs=1 sk=1 di=1 do=1 es=1 bitcnt=5
[eep] cs=1 sk=0 di=0 do=1 es=1 bitcnt=6
[eep] cs=1 sk=1 di=0 do=1 es=1 bitcnt=6
[eep] cs=1 sk=0 di=0 do=1 es=1 bitcnt=7
[eep] cs=1 sk=1 di=0 do=1 es=1 bitcnt=7
[eep] cs=1 sk=1 di=0 do=0 es=2 bitcnt=0
[eep] cs=1 sk=0 di=0 do=0 es=2 bitcnt=0
[eep] cs=1 sk=1 di=0 do=0 es=2 bitcnt=0
[eep] cs=1 sk=0 di=0 do=0 es=2 bitcnt=1
[eep] cs=1 sk=1 di=0 do=0 es=2 bitcnt=1
[eep] cs=1 sk=0 di=0 do=0 es=2 bitcnt=2
[eep] cs=1 sk=1 di=0 do=0 es=2 bitcnt=2
[eep] cs=1 sk=0 di=0 do=0 es=2 bitcnt=3
[eep] cs=1 sk=1 di=0 do=0 es=2 bitcnt=3
[eep] cs=1 sk=0 di=0 do=0 es=2 bitcnt=4
[eep] cs=1 sk=1 di=0 do=0 es=2 bitcnt=4
[eep] cs=1 sk=0 di=0 do=0 es=2 bitcnt=5
[eep] cs=1 sk=1 di=0 do=0 es=2 bitcnt=5
[eep] cs=1 sk=0 di=0 do=0 es=2 bitcnt=6
[eep] cs=1 sk=1 di=0 do=0 es=2 bitcnt=6
[eep] cs=1 sk=0 di=0 do=0 es=2 bitcnt=7
[eep] cs=1 sk=1 di=0 do=0 es=2 bitcnt=7
[eep] cs=1 sk=1 di=0 do=1 es=2 bitcnt=8
[eep] cs=1 sk=0 di=0 do=1 es=2 bitcnt=8
[eep] cs=1 sk=1 di=0 do=1 es=2 bitcnt=8
[eep] cs=1 sk=1 di=0 do=0 es=2 bitcnt=9
[eep] cs=1 sk=0 di=0 do=0 es=2 bitcnt=9
[eep] cs=1 sk=1 di=0 do=0 es=2 bitcnt=9
[eep] cs=1 sk=0 di=0 do=0 es=2 bitcnt=10
[eep] cs=1 sk=1 di=0 do=0 es=2 bitcnt=10
[eep] cs=1 sk=0 di=0 do=0 es=2 bitcnt=11
[eep] cs=1 sk=1 di=0 do=0 es=2 bitcnt=11
[eep] cs=1 sk=0 di=0 do=0 es=2 bitcnt=12
[eep] cs=1 sk=1 di=0 do=0 es=2 bitcnt=12
[eep] cs=1 sk=0 di=0 do=0 es=2 bitcnt=13
[eep] cs=1 sk=1 di=0 do=0 es=2 bitcnt=13
[eep] cs=1 sk=0 di=0 do=0 es=2 bitcnt=14
[eep] cs=1 sk=1 di=0 do=0 es=2 bitcnt=14
[eep] cs=1 sk=0 di=0 do=0 es=2 bitcnt=15
[eep] cs=1 sk=1 di=0 do=0 es=2 bitcnt=15
[eep] cs=1 sk=0 di=0 do=0 es=4 bitcnt=0
[eep] cs=1 sk=1 di=0 do=0 es=4 bitcnt=0
[eep] cs=1 sk=0 di=0 do=0 es=4 bitcnt=0
[eep] cs=1 sk=1 di=0 do=0 es=4 bitcnt=0
[eep] cs=0 sk=0 di=0 do=0 es=4 bitcnt=0
[eep] cs=0 sk=0 di=0 do=1 es=0 bitcnt=0
[eep] cs=0 sk=1 di=0 do=1 es=0 bitcnt=0
[eep] cs=1 sk=0 di=0 do=1 es=0 bitcnt=0
[eep] cs=1 sk=1 di=0 do=1 es=0 bitcnt=0
[eep] cs=1 sk=0 di=1 do=1 es=0 bitcnt=0
[eep] cs=1 sk=1 di=1 do=1 es=0 bitcnt=0
[eep] cs=1 sk=0 di=1 do=1 es=1 bitcnt=0
[eep] cs=1 sk=1 di=1 do=1 es=1 bitcnt=0
[eep] cs=1 sk=0 di=0 do=1 es=1 bitcnt=1
[eep] cs=1 sk=1 di=0 do=1 es=1 bitcnt=1
[eep] cs=1 sk=0 di=1 do=1 es=1 bitcnt=2
[eep] cs=1 sk=1 di=1 do=1 es=1 bitcnt=2
[eep] cs=1 sk=0 di=0 do=1 es=1 bitcnt=3
[eep] cs=1 sk=1 di=0 do=1 es=1 bitcnt=3
[eep] cs=1 sk=0 di=1 do=1 es=1 bitcnt=4
[eep] cs=1 sk=1 di=1 do=1 es=1 bitcnt=4
[eep] cs=1 sk=0 di=1 do=1 es=1 bitcnt=5
[eep] cs=1 sk=1 di=1 do=1 es=1 bitcnt=5
[eep] cs=1 sk=0 di=0 do=1 es=1 bitcnt=6
[eep] cs=1 sk=1 di=0 do=1 es=1 bitcnt=6
[eep] cs=1 sk=0 di=1 do=1 es=1 bitcnt=7
[eep] cs=1 sk=1 di=1 do=1 es=1 bitcnt=7
[eep] cs=1 sk=1 di=1 do=0 es=2 bitcnt=0
[eep] cs=1 sk=0 di=0 do=0 es=2 bitcnt=0
[eep] cs=1 sk=1 di=0 do=0 es=2 bitcnt=0
[eep] cs=1 sk=0 di=0 do=0 es=2 bitcnt=1
[eep] cs=1 sk=1 di=0 do=0 es=2 bitcnt=1
[eep] cs=1 sk=0 di=0 do=0 es=2 bitcnt=2
[eep] cs=1 sk=1 di=0 do=0 es=2 bitcnt=2
[eep] cs=1 sk=0 di=0 do=0 es=2 bitcnt=3
[eep] cs=1 sk=1 di=0 do=0 es=2 bitcnt=3
[eep] cs=1 sk=0 di=0 do=0 es=2 bitcnt=4
[eep] cs=1 sk=1 di=0 do=0 es=2 bitcnt=4
[eep] cs=1 sk=0 di=0 do=0 es=2 bitcnt=5
[eep] cs=1 sk=1 di=0 do=0 es=2 bitcnt=5
[eep] cs=1 sk=0 di=0 do=0 es=2 bitcnt=6
[eep] cs=1 sk=1 di=0 do=0 es=2 bitcnt=6
[eep] cs=1 sk=0 di=0 do=0 es=2 bitcnt=7
[eep] cs=1 sk=1 di=0 do=0 es=2 bitcnt=7
[eep] cs=1 sk=0 di=0 do=0 es=2 bitcnt=8
[eep] cs=1 sk=1 di=0 do=0 es=2 bitcnt=8
[eep] cs=1 sk=0 di=0 do=0 es=2 bitcnt=9
[eep] cs=1 sk=1 di=0 do=0 es=2 bitcnt=9
[eep] cs=1 sk=0 di=0 do=0 es=2 bitcnt=10
[eep] cs=1 sk=1 di=0 do=0 es=2 bitcnt=10
[eep] cs=1 sk=0 di=0 do=0 es=2 bitcnt=11
[eep] cs=1 sk=1 di=0 do=0 es=2 bitcnt=11
[eep] cs=1 sk=0 di=0 do=0 es=2 bitcnt=12
[eep] cs=1 sk=1 di=0 do=0 es=2 bitcnt=12
[eep] cs=1 sk=0 di=0 do=0 es=2 bitcnt=13
[eep] cs=1 sk=1 di=0 do=0 es=2 bitcnt=13
[eep] cs=1 sk=0 di=0 do=0 es=2 bitcnt=14
[eep] cs=1 sk=1 di=0 do=0 es=2 bitcnt=14
[eep] cs=1 sk=0 di=0 do=0 es=2 bitcnt=15
[eep] cs=1 sk=1 di=0 do=0 es=2 bitcnt=15
[eep] cs=1 sk=0 di=0 do=0 es=4 bitcnt=0
[eep] cs=1 sk=1 di=0 do=0 es=4 bitcnt=0
[eep] cs=1 sk=0 di=0 do=0 es=4 bitcnt=0
[eep] cs=1 sk=1 di=0 do=0 es=4 bitcnt=0
[eep] cs=0 sk=0 di=0 do=0 es=4 bitcnt=0
[eep] cs=0 sk=0 di=0 do=1 es=0 bitcnt=0
[eep] cs=0 sk=1 di=0 do=1 es=0 bitcnt=0
[eep] cs=1 sk=0 di=0 do=1 es=0 bitcnt=0
[eep] cs=1 sk=1 di=0 do=1 es=0 bitcnt=0
[eep] cs=1 sk=0 di=1 do=1 es=0 bitcnt=0
[eep] cs=1 sk=1 di=1 do=1 es=0 bitcnt=0
[eep] cs=1 sk=0 di=1 do=1 es=1 bitcnt=0
[eep] cs=1 sk=1 di=1 do=1 es=1 bitcnt=0
[eep] cs=1 sk=0 di=0 do=1 es=1 bitcnt=1
[eep] cs=1 sk=1 di=0 do=1 es=1 bitcnt=1
[eep] cs=1 sk=0 di=1 do=1 es=1 bitcnt=2
[eep] cs=1 sk=1 di=1 do=1 es=1 bitcnt=2
[eep] cs=1 sk=0 di=0 do=1 es=1 bitcnt=3
[eep] cs=1 sk=1 di=0 do=1 es=1 bitcnt=3
[eep] cs=1 sk=0 di=1 do=1 es=1 bitcnt=4
[eep] cs=1 sk=1 di=1 do=1 es=1 bitcnt=4
[eep] cs=1 sk=0 di=1 do=1 es=1 bitcnt=5
[eep] cs=1 sk=1 di=1 do=1 es=1 bitcnt=5
[eep] cs=1 sk=0 di=1 do=1 es=1 bitcnt=6
[eep] cs=1 sk=1 di=1 do=1 es=1 bitcnt=6
[eep] cs=1 sk=0 di=0 do=1 es=1 bitcnt=7
[eep] cs=1 sk=1 di=0 do=1 es=1 bitcnt=7
[eep] cs=1 sk=1 di=0 do=0 es=2 bitcnt=0
[eep] cs=1 sk=0 di=0 do=0 es=2 bitcnt=0
[eep] cs=1 sk=1 di=0 do=0 es=2 bitcnt=0
[eep] cs=1 sk=0 di=0 do=0 es=2 bitcnt=1
[eep] cs=1 sk=1 di=0 do=0 es=2 bitcnt=1
[eep] cs=1 sk=0 di=0 do=0 es=2 bitcnt=2
[eep] cs=1 sk=1 di=0 do=0 es=2 bitcnt=2
[eep] cs=1 sk=0 di=0 do=0 es=2 bitcnt=3
[eep] cs=1 sk=1 di=0 do=0 es=2 bitcnt=3
[eep] cs=1 sk=0 di=0 do=0 es=2 bitcnt=4
[eep] cs=1 sk=1 di=0 do=0 es=2 bitcnt=4
[eep] cs=1 sk=0 di=0 do=0 es=2 bitcnt=5
[eep] cs=1 sk=1 di=0 do=0 es=2 bitcnt=5
[eep] cs=1 sk=0 di=0 do=0 es=2 bitcnt=6
[eep] cs=1 sk=1 di=0 do=0 es=2 bitcnt=6
[eep] cs=1 sk=0 di=0 do=0 es=2 bitcnt=7
[eep] cs=1 sk=1 di=0 do=0 es=2 bitcnt=7
[eep] cs=1 sk=0 di=0 do=0 es=2 bitcnt=8
[eep] cs=1 sk=1 di=0 do=0 es=2 bitcnt=8
[eep] cs=1 sk=0 di=0 do=0 es=2 bitcnt=9
[eep] cs=1 sk=1 di=0 do=0 es=2 bitcnt=9
[eep] cs=1 sk=0 di=0 do=0 es=2 bitcnt=10
[eep] cs=1 sk=1 di=0 do=0 es=2 bitcnt=10
[eep] cs=1 sk=0 di=0 do=0 es=2 bitcnt=11
[eep] cs=1 sk=1 di=0 do=0 es=2 bitcnt=11
[eep] cs=1 sk=0 di=0 do=0 es=2 bitcnt=12
[eep] cs=1 sk=1 di=0 do=0 es=2 bitcnt=12
[eep] cs=1 sk=0 di=0 do=0 es=2 bitcnt=13
[eep] cs=1 sk=1 di=0 do=0 es=2 bitcnt=13
[eep] cs=1 sk=0 di=0 do=0 es=2 bitcnt=14
[eep] cs=1 sk=1 di=0 do=0 es=2 bitcnt=14
[eep] cs=1 sk=0 di=0 do=0 es=2 bitcnt=15
[eep] cs=1 sk=1 di=0 do=0 es=2 bitcnt=15
[eep] cs=1 sk=0 di=0 do=0 es=4 bitcnt=0
[eep] cs=1 sk=1 di=0 do=0 es=4 bitcnt=0
[eep] cs=1 sk=0 di=0 do=0 es=4 bitcnt=0
[eep] cs=1 sk=1 di=0 do=0 es=4 bitcnt=0
[eep] cs=0 sk=0 di=0 do=0 es=4 bitcnt=0
[eep] cs=0 sk=0 di=0 do=1 es=0 bitcnt=0
[eep] cs=0 sk=1 di=0 do=1 es=0 bitcnt=0
[eep] cs=1 sk=0 di=0 do=1 es=0 bitcnt=0
[eep] cs=1 sk=1 di=0 do=1 es=0 bitcnt=0
[eep] cs=1 sk=0 di=1 do=1 es=0 bitcnt=0
[eep] cs=1 sk=1 di=1 do=1 es=0 bitcnt=0
[eep] cs=1 sk=0 di=1 do=1 es=1 bitcnt=0
[eep] cs=1 sk=1 di=1 do=1 es=1 bitcnt=0
[eep] cs=1 sk=0 di=0 do=1 es=1 bitcnt=1
[eep] cs=1 sk=1 di=0 do=1 es=1 bitcnt=1
[eep] cs=1 sk=0 di=1 do=1 es=1 bitcnt=2
[eep] cs=1 sk=1 di=1 do=1 es=1 bitcnt=2
[eep] cs=1 sk=0 di=0 do=1 es=1 bitcnt=3
[eep] cs=1 sk=1 di=0 do=1 es=1 bitcnt=3
[eep] cs=1 sk=0 di=1 do=1 es=1 bitcnt=4
[eep] cs=1 sk=1 di=1 do=1 es=1 bitcnt=4
[eep] cs=1 sk=0 di=1 do=1 es=1 bitcnt=5
[eep] cs=1 sk=1 di=1 do=1 es=1 bitcnt=5
[eep] cs=1 sk=0 di=1 do=1 es=1 bitcnt=6
[eep] cs=1 sk=1 di=1 do=1 es=1 bitcnt=6
[eep] cs=1 sk=0 di=1 do=1 es=1 bitcnt=7
[eep] cs=1 sk=1 di=1 do=1 es=1 bitcnt=7
[eep] cs=1 sk=1 di=1 do=0 es=2 bitcnt=0
[eep] cs=1 sk=0 di=0 do=0 es=2 bitcnt=0
[eep] cs=1 sk=1 di=0 do=0 es=2 bitcnt=0
[eep] cs=1 sk=0 di=0 do=0 es=2 bitcnt=1
[eep] cs=1 sk=1 di=0 do=0 es=2 bitcnt=1
[eep] cs=1 sk=0 di=0 do=0 es=2 bitcnt=2
[eep] cs=1 sk=1 di=0 do=0 es=2 bitcnt=2
[eep] cs=1 sk=0 di=0 do=0 es=2 bitcnt=3
[eep] cs=1 sk=1 di=0 do=0 es=2 bitcnt=3
[eep] cs=1 sk=0 di=0 do=0 es=2 bitcnt=4
[eep] cs=1 sk=1 di=0 do=0 es=2 bitcnt=4
[eep] cs=1 sk=0 di=0 do=0 es=2 bitcnt=5
[eep] cs=1 sk=1 di=0 do=0 es=2 bitcnt=5
[eep] cs=1 sk=0 di=0 do=0 es=2 bitcnt=6
[eep] cs=1 sk=1 di=0 do=0 es=2 bitcnt=6
[eep] cs=1 sk=0 di=0 do=0 es=2 bitcnt=7
[eep] cs=1 sk=1 di=0 do=0 es=2 bitcnt=7
[eep] cs=1 sk=0 di=0 do=0 es=2 bitcnt=8
[eep] cs=1 sk=1 di=0 do=0 es=2 bitcnt=8
[eep] cs=1 sk=0 di=0 do=0 es=2 bitcnt=9
[eep] cs=1 sk=1 di=0 do=0 es=2 bitcnt=9
[eep] cs=1 sk=0 di=0 do=0 es=2 bitcnt=10
[eep] cs=1 sk=1 di=0 do=0 es=2 bitcnt=10
[eep] cs=1 sk=0 di=0 do=0 es=2 bitcnt=11
[eep] cs=1 sk=1 di=0 do=0 es=2 bitcnt=11
[eep] cs=1 sk=0 di=0 do=0 es=2 bitcnt=12
[eep] cs=1 sk=1 di=0 do=0 es=2 bitcnt=12
[eep] cs=1 sk=0 di=0 do=0 es=2 bitcnt=13
[eep] cs=1 sk=1 di=0 do=0 es=2 bitcnt=13
[eep] cs=1 sk=0 di=0 do=0 es=2 bitcnt=14
[eep] cs=1 sk=1 di=0 do=0 es=2 bitcnt=14
[eep] cs=1 sk=0 di=0 do=0 es=2 bitcnt=15
[eep] cs=1 sk=1 di=0 do=0 es=2 bitcnt=15
[eep] cs=1 sk=0 di=0 do=0 es=4 bitcnt=0
[eep] cs=1 sk=1 di=0 do=0 es=4 bitcnt=0
[eep] cs=1 sk=0 di=0 do=0 es=4 bitcnt=0
[eep] cs=1 sk=1 di=0 do=0 es=4 bitcnt=0
[eep] cs=0 sk=0 di=0 do=0 es=4 bitcnt=0
[eep] cs=0 sk=0 di=0 do=1 es=0 bitcnt=0
[eep] cs=0 sk=1 di=0 do=1 es=0 bitcnt=0
[eep] cs=1 sk=0 di=0 do=1 es=0 bitcnt=0
[eep] cs=1 sk=1 di=0 do=1 es=0 bitcnt=0
[eep] cs=1 sk=0 di=1 do=1 es=0 bitcnt=0
[eep] cs=1 sk=1 di=1 do=1 es=0 bitcnt=0
[eep] cs=1 sk=0 di=1 do=1 es=1 bitcnt=0
[eep] cs=1 sk=1 di=1 do=1 es=1 bitcnt=0
[eep] cs=1 sk=0 di=0 do=1 es=1 bitcnt=1
[eep] cs=1 sk=1 di=0 do=1 es=1 bitcnt=1
[eep] cs=1 sk=0 di=1 do=1 es=1 bitcnt=2
[eep] cs=1 sk=1 di=1 do=1 es=1 bitcnt=2
[eep] cs=1 sk=0 di=1 do=1 es=1 bitcnt=3
[eep] cs=1 sk=1 di=1 do=1 es=1 bitcnt=3
[eep] cs=1 sk=0 di=0 do=1 es=1 bitcnt=4
[eep] cs=1 sk=1 di=0 do=1 es=1 bitcnt=4
[eep] cs=1 sk=0 di=0 do=1 es=1 bitcnt=5
[eep] cs=1 sk=1 di=0 do=1 es=1 bitcnt=5
[eep] cs=1 sk=0 di=0 do=1 es=1 bitcnt=6
[eep] cs=1 sk=1 di=0 do=1 es=1 bitcnt=6
[eep] cs=1 sk=0 di=0 do=1 es=1 bitcnt=7
[eep] cs=1 sk=1 di=0 do=1 es=1 bitcnt=7
[eep] cs=1 sk=1 di=0 do=0 es=2 bitcnt=0
[eep] cs=1 sk=0 di=0 do=0 es=2 bitcnt=0
[eep] cs=1 sk=1 di=0 do=0 es=2 bitcnt=0
[eep] cs=1 sk=0 di=0 do=0 es=2 bitcnt=1
[eep] cs=1 sk=1 di=0 do=0 es=2 bitcnt=1
[eep] cs=1 sk=0 di=0 do=0 es=2 bitcnt=2
[eep] cs=1 sk=1 di=0 do=0 es=2 bitcnt=2
[eep] cs=1 sk=0 di=0 do=0 es=2 bitcnt=3
[eep] cs=1 sk=1 di=0 do=0 es=2 bitcnt=3
[eep] cs=1 sk=0 di=0 do=0 es=2 bitcnt=4
[eep] cs=1 sk=1 di=0 do=0 es=2 bitcnt=4
[eep] cs=1 sk=0 di=0 do=0 es=2 bitcnt=5
[eep] cs=1 sk=1 di=0 do=0 es=2 bitcnt=5
[eep] cs=1 sk=1 di=0 do=1 es=2 bitcnt=6
[eep] cs=1 sk=0 di=0 do=1 es=2 bitcnt=6
[eep] cs=1 sk=1 di=0 do=1 es=2 bitcnt=6
[eep] cs=1 sk=0 di=0 do=1 es=2 bitcnt=7
[eep] cs=1 sk=1 di=0 do=1 es=2 bitcnt=7
[eep] cs=1 sk=0 di=0 do=1 es=2 bitcnt=8
[eep] cs=1 sk=1 di=0 do=1 es=2 bitcnt=8
[eep] cs=1 sk=1 di=0 do=0 es=2 bitcnt=9
[eep] cs=1 sk=0 di=0 do=0 es=2 bitcnt=9
[eep] cs=1 sk=1 di=0 do=0 es=2 bitcnt=9
[eep] cs=1 sk=1 di=0 do=1 es=2 bitcnt=10
[eep] cs=1 sk=0 di=0 do=1 es=2 bitcnt=10
[eep] cs=1 sk=1 di=0 do=1 es=2 bitcnt=10
[eep] cs=1 sk=0 di=0 do=1 es=2 bitcnt=11
[eep] cs=1 sk=1 di=0 do=1 es=2 bitcnt=11
[eep] cs=1 sk=1 di=0 do=0 es=2 bitcnt=12
[eep] cs=1 sk=0 di=0 do=0 es=2 bitcnt=12
[eep] cs=1 sk=1 di=0 do=0 es=2 bitcnt=12
[eep] cs=1 sk=0 di=0 do=0 es=2 bitcnt=13
[eep] cs=1 sk=1 di=0 do=0 es=2 bitcnt=13
[eep] cs=1 sk=0 di=0 do=0 es=2 bitcnt=14
[eep] cs=1 sk=1 di=0 do=0 es=2 bitcnt=14
[eep] cs=1 sk=0 di=0 do=0 es=2 bitcnt=15
[eep] cs=1 sk=1 di=0 do=0 es=2 bitcnt=15
[eep] cs=1 sk=0 di=0 do=0 es=4 bitcnt=0
[eep] cs=1 sk=1 di=0 do=0 es=4 bitcnt=0
[eep] cs=1 sk=0 di=0 do=0 es=4 bitcnt=0
[eep] cs=1 sk=1 di=0 do=0 es=4 bitcnt=0
[eep] cs=0 sk=0 di=0 do=0 es=4 bitcnt=0
[eep] cs=0 sk=0 di=0 do=1 es=0 bitcnt=0
[eep] cs=0 sk=1 di=0 do=1 es=0 bitcnt=0
[eep] cs=1 sk=0 di=0 do=1 es=0 bitcnt=0
[eep] cs=1 sk=1 di=0 do=1 es=0 bitcnt=0
[eep] cs=1 sk=0 di=1 do=1 es=0 bitcnt=0
[eep] cs=1 sk=1 di=1 do=1 es=0 bitcnt=0
[eep] cs=1 sk=0 di=1 do=1 es=1 bitcnt=0
[eep] cs=1 sk=1 di=1 do=1 es=1 bitcnt=0
[eep] cs=1 sk=0 di=0 do=1 es=1 bitcnt=1
[eep] cs=1 sk=1 di=0 do=1 es=1 bitcnt=1
[eep] cs=1 sk=0 di=1 do=1 es=1 bitcnt=2
[eep] cs=1 sk=1 di=1 do=1 es=1 bitcnt=2
[eep] cs=1 sk=0 di=1 do=1 es=1 bitcnt=3
[eep] cs=1 sk=1 di=1 do=1 es=1 bitcnt=3
[eep] cs=1 sk=0 di=0 do=1 es=1 bitcnt=4
[eep] cs=1 sk=1 di=0 do=1 es=1 bitcnt=4
[eep] cs=1 sk=0 di=0 do=1 es=1 bitcnt=5
[eep] cs=1 sk=1 di=0 do=1 es=1 bitcnt=5
[eep] cs=1 sk=0 di=0 do=1 es=1 bitcnt=6
[eep] cs=1 sk=1 di=0 do=1 es=1 bitcnt=6
[eep] cs=1 sk=0 di=1 do=1 es=1 bitcnt=7
[eep] cs=1 sk=1 di=1 do=1 es=1 bitcnt=7
[eep] cs=1 sk=1 di=1 do=0 es=2 bitcnt=0
[eep] cs=1 sk=0 di=0 do=0 es=2 bitcnt=0
[eep] cs=1 sk=1 di=0 do=0 es=2 bitcnt=0
[eep] cs=1 sk=0 di=0 do=0 es=2 bitcnt=1
[eep] cs=1 sk=1 di=0 do=0 es=2 bitcnt=1
[eep] cs=1 sk=0 di=0 do=0 es=2 bitcnt=2
[eep] cs=1 sk=1 di=0 do=0 es=2 bitcnt=2
[eep] cs=1 sk=0 di=0 do=0 es=2 bitcnt=3
[eep] cs=1 sk=1 di=0 do=0 es=2 bitcnt=3
[eep] cs=1 sk=0 di=0 do=0 es=2 bitcnt=4
[eep] cs=1 sk=1 di=0 do=0 es=2 bitcnt=4
[eep] cs=1 sk=0 di=0 do=0 es=2 bitcnt=5
[eep] cs=1 sk=1 di=0 do=0 es=2 bitcnt=5
[eep] cs=1 sk=1 di=0 do=1 es=2 bitcnt=6
[eep] cs=1 sk=0 di=0 do=1 es=2 bitcnt=6
[eep] cs=1 sk=1 di=0 do=1 es=2 bitcnt=6
[eep] cs=1 sk=0 di=0 do=1 es=2 bitcnt=7
[eep] cs=1 sk=1 di=0 do=1 es=2 bitcnt=7
[eep] cs=1 sk=0 di=0 do=1 es=2 bitcnt=8
[eep] cs=1 sk=1 di=0 do=1 es=2 bitcnt=8
[eep] cs=1 sk=1 di=0 do=0 es=2 bitcnt=9
[eep] cs=1 sk=0 di=0 do=0 es=2 bitcnt=9
[eep] cs=1 sk=1 di=0 do=0 es=2 bitcnt=9
[eep] cs=1 sk=0 di=0 do=0 es=2 bitcnt=10
[eep] cs=1 sk=1 di=0 do=0 es=2 bitcnt=10
[eep] cs=1 sk=0 di=0 do=0 es=2 bitcnt=11
[eep] cs=1 sk=1 di=0 do=0 es=2 bitcnt=11
[eep] cs=1 sk=0 di=0 do=0 es=2 bitcnt=12
[eep] cs=1 sk=1 di=0 do=0 es=2 bitcnt=12
[eep] cs=1 sk=0 di=0 do=0 es=2 bitcnt=13
[eep] cs=1 sk=1 di=0 do=0 es=2 bitcnt=13
[eep] cs=1 sk=1 di=0 do=1 es=2 bitcnt=14
[eep] cs=1 sk=0 di=0 do=1 es=2 bitcnt=14
[eep] cs=1 sk=1 di=0 do=1 es=2 bitcnt=14
[eep] cs=1 sk=0 di=0 do=1 es=2 bitcnt=15
[eep] cs=1 sk=1 di=0 do=1 es=2 bitcnt=15
[eep] cs=1 sk=0 di=0 do=1 es=4 bitcnt=0
[eep] cs=1 sk=1 di=0 do=1 es=4 bitcnt=0
[eep] cs=1 sk=0 di=0 do=1 es=4 bitcnt=0
[eep] cs=1 sk=1 di=0 do=1 es=4 bitcnt=0
[eep] cs=0 sk=0 di=0 do=1 es=4 bitcnt=0
[eep] cs=0 sk=1 di=0 do=1 es=0 bitcnt=0
[eep] cs=1 sk=0 di=0 do=1 es=0 bitcnt=0
[eep] cs=1 sk=1 di=0 do=1 es=0 bitcnt=0
[eep] cs=1 sk=0 di=1 do=1 es=0 bitcnt=0
[eep] cs=1 sk=1 di=1 do=1 es=0 bitcnt=0
[eep] cs=1 sk=0 di=1 do=1 es=1 bitcnt=0
[eep] cs=1 sk=1 di=1 do=1 es=1 bitcnt=0
[eep] cs=1 sk=0 di=0 do=1 es=1 bitcnt=1
[eep] cs=1 sk=1 di=0 do=1 es=1 bitcnt=1
[eep] cs=1 sk=0 di=1 do=1 es=1 bitcnt=2
[eep] cs=1 sk=1 di=1 do=1 es=1 bitcnt=2
[eep] cs=1 sk=0 di=1 do=1 es=1 bitcnt=3
[eep] cs=1 sk=1 di=1 do=1 es=1 bitcnt=3
[eep] cs=1 sk=0 di=0 do=1 es=1 bitcnt=4
[eep] cs=1 sk=1 di=0 do=1 es=1 bitcnt=4
[eep] cs=1 sk=0 di=0 do=1 es=1 bitcnt=5
[eep] cs=1 sk=1 di=0 do=1 es=1 bitcnt=5
[eep] cs=1 sk=0 di=1 do=1 es=1 bitcnt=6
[eep] cs=1 sk=1 di=1 do=1 es=1 bitcnt=6
[eep] cs=1 sk=0 di=0 do=1 es=1 bitcnt=7
[eep] cs=1 sk=1 di=0 do=1 es=1 bitcnt=7
[eep] cs=1 sk=1 di=0 do=0 es=2 bitcnt=0
[eep] cs=1 sk=0 di=0 do=0 es=2 bitcnt=0
[eep] cs=1 sk=1 di=0 do=0 es=2 bitcnt=0
[eep] cs=1 sk=0 di=0 do=0 es=2 bitcnt=1
[eep] cs=1 sk=1 di=0 do=0 es=2 bitcnt=1
[eep] cs=1 sk=0 di=0 do=0 es=2 bitcnt=2
[eep] cs=1 sk=1 di=0 do=0 es=2 bitcnt=2
[eep] cs=1 sk=0 di=0 do=0 es=2 bitcnt=3
[eep] cs=1 sk=1 di=0 do=0 es=2 bitcnt=3
[eep] cs=1 sk=0 di=0 do=0 es=2 bitcnt=4
[eep] cs=1 sk=1 di=0 do=0 es=2 bitcnt=4
[eep] cs=1 sk=0 di=0 do=0 es=2 bitcnt=5
[eep] cs=1 sk=1 di=0 do=0 es=2 bitcnt=5
[eep] cs=1 sk=0 di=0 do=0 es=2 bitcnt=6
[eep] cs=1 sk=1 di=0 do=0 es=2 bitcnt=6
[eep] cs=1 sk=0 di=0 do=0 es=2 bitcnt=7
[eep] cs=1 sk=1 di=0 do=0 es=2 bitcnt=7
[eep] cs=1 sk=0 di=0 do=0 es=2 bitcnt=8
[eep] cs=1 sk=1 di=0 do=0 es=2 bitcnt=8
[eep] cs=1 sk=0 di=0 do=0 es=2 bitcnt=9
[eep] cs=1 sk=1 di=0 do=0 es=2 bitcnt=9
[eep] cs=1 sk=0 di=0 do=0 es=2 bitcnt=10
[eep] cs=1 sk=1 di=0 do=0 es=2 bitcnt=10
[eep] cs=1 sk=0 di=0 do=0 es=2 bitcnt=11
[eep] cs=1 sk=1 di=0 do=0 es=2 bitcnt=11
[eep] cs=1 sk=0 di=0 do=0 es=2 bitcnt=12
[eep] cs=1 sk=1 di=0 do=0 es=2 bitcnt=12
[eep] cs=1 sk=0 di=0 do=0 es=2 bitcnt=13
[eep] cs=1 sk=1 di=0 do=0 es=2 bitcnt=13
[eep] cs=1 sk=0 di=0 do=0 es=2 bitcnt=14
[eep] cs=1 sk=1 di=0 do=0 es=2 bitcnt=14
[eep] cs=1 sk=0 di=0 do=0 es=2 bitcnt=15
[eep] cs=1 sk=1 di=0 do=0 es=2 bitcnt=15
[eep] cs=1 sk=0 di=0 do=0 es=4 bitcnt=0
[eep] cs=1 sk=1 di=0 do=0 es=4 bitcnt=0
[eep] cs=1 sk=0 di=0 do=0 es=4 bitcnt=0
[eep] cs=1 sk=1 di=0 do=0 es=4 bitcnt=0
[eep] cs=0 sk=0 di=0 do=0 es=4 bitcnt=0
[eep] cs=0 sk=0 di=0 do=1 es=0 bitcnt=0
[eep] cs=0 sk=1 di=0 do=1 es=0 bitcnt=0
[eep] cs=1 sk=0 di=0 do=1 es=0 bitcnt=0
[eep] cs=1 sk=1 di=0 do=1 es=0 bitcnt=0
[eep] cs=1 sk=0 di=1 do=1 es=0 bitcnt=0
[eep] cs=1 sk=1 di=1 do=1 es=0 bitcnt=0
[eep] cs=1 sk=0 di=1 do=1 es=1 bitcnt=0
[eep] cs=1 sk=1 di=1 do=1 es=1 bitcnt=0
[eep] cs=1 sk=0 di=0 do=1 es=1 bitcnt=1
[eep] cs=1 sk=1 di=0 do=1 es=1 bitcnt=1
[eep] cs=1 sk=0 di=1 do=1 es=1 bitcnt=2
[eep] cs=1 sk=1 di=1 do=1 es=1 bitcnt=2
[eep] cs=1 sk=0 di=1 do=1 es=1 bitcnt=3
[eep] cs=1 sk=1 di=1 do=1 es=1 bitcnt=3
[eep] cs=1 sk=0 di=0 do=1 es=1 bitcnt=4
[eep] cs=1 sk=1 di=0 do=1 es=1 bitcnt=4
[eep] cs=1 sk=0 di=0 do=1 es=1 bitcnt=5
[eep] cs=1 sk=1 di=0 do=1 es=1 bitcnt=5
[eep] cs=1 sk=0 di=1 do=1 es=1 bitcnt=6
[eep] cs=1 sk=1 di=1 do=1 es=1 bitcnt=6
[eep] cs=1 sk=0 di=1 do=1 es=1 bitcnt=7
[eep] cs=1 sk=1 di=1 do=1 es=1 bitcnt=7
[eep] cs=1 sk=1 di=1 do=0 es=2 bitcnt=0
[eep] cs=1 sk=0 di=0 do=0 es=2 bitcnt=0
[eep] cs=1 sk=1 di=0 do=0 es=2 bitcnt=0
[eep] cs=1 sk=0 di=0 do=0 es=2 bitcnt=1
[eep] cs=1 sk=1 di=0 do=0 es=2 bitcnt=1
[eep] cs=1 sk=0 di=0 do=0 es=2 bitcnt=2
[eep] cs=1 sk=1 di=0 do=0 es=2 bitcnt=2
[eep] cs=1 sk=0 di=0 do=0 es=2 bitcnt=3
[eep] cs=1 sk=1 di=0 do=0 es=2 bitcnt=3
[eep] cs=1 sk=0 di=0 do=0 es=2 bitcnt=4
[eep] cs=1 sk=1 di=0 do=0 es=2 bitcnt=4
[eep] cs=1 sk=0 di=0 do=0 es=2 bitcnt=5
[eep] cs=1 sk=1 di=0 do=0 es=2 bitcnt=5
[eep] cs=1 sk=0 di=0 do=0 es=2 bitcnt=6
[eep] cs=1 sk=1 di=0 do=0 es=2 bitcnt=6
[eep] cs=1 sk=0 di=0 do=0 es=2 bitcnt=7
[eep] cs=1 sk=1 di=0 do=0 es=2 bitcnt=7
[eep] cs=1 sk=0 di=0 do=0 es=2 bitcnt=8
[eep] cs=1 sk=1 di=0 do=0 es=2 bitcnt=8
[eep] cs=1 sk=0 di=0 do=0 es=2 bitcnt=9
[eep] cs=1 sk=1 di=0 do=0 es=2 bitcnt=9
[eep] cs=1 sk=0 di=0 do=0 es=2 bitcnt=10
[eep] cs=1 sk=1 di=0 do=0 es=2 bitcnt=10
[eep] cs=1 sk=0 di=0 do=0 es=2 bitcnt=11
[eep] cs=1 sk=1 di=0 do=0 es=2 bitcnt=11
[eep] cs=1 sk=0 di=0 do=0 es=2 bitcnt=12
[eep] cs=1 sk=1 di=0 do=0 es=2 bitcnt=12
[eep] cs=1 sk=0 di=0 do=0 es=2 bitcnt=13
[eep] cs=1 sk=1 di=0 do=0 es=2 bitcnt=13
[eep] cs=1 sk=0 di=0 do=0 es=2 bitcnt=14
[eep] cs=1 sk=1 di=0 do=0 es=2 bitcnt=14
[eep] cs=1 sk=0 di=0 do=0 es=2 bitcnt=15
[eep] cs=1 sk=1 di=0 do=0 es=2 bitcnt=15
[eep] cs=1 sk=0 di=0 do=0 es=4 bitcnt=0
[eep] cs=1 sk=1 di=0 do=0 es=4 bitcnt=0
[eep] cs=1 sk=0 di=0 do=0 es=4 bitcnt=0
[eep] cs=1 sk=1 di=0 do=0 es=4 bitcnt=0
[eep] cs=0 sk=0 di=0 do=0 es=4 bitcnt=0
[eep] cs=0 sk=0 di=0 do=1 es=0 bitcnt=0
[eep] cs=0 sk=1 di=0 do=1 es=0 bitcnt=0
[eep] cs=1 sk=0 di=0 do=1 es=0 bitcnt=0
[eep] cs=1 sk=1 di=0 do=1 es=0 bitcnt=0
[eep] cs=1 sk=0 di=1 do=1 es=0 bitcnt=0
[eep] cs=1 sk=1 di=1 do=1 es=0 bitcnt=0
[eep] cs=1 sk=0 di=1 do=1 es=1 bitcnt=0
[eep] cs=1 sk=1 di=1 do=1 es=1 bitcnt=0
[eep] cs=1 sk=0 di=0 do=1 es=1 bitcnt=1
[eep] cs=1 sk=1 di=0 do=1 es=1 bitcnt=1
[eep] cs=1 sk=0 di=1 do=1 es=1 bitcnt=2
[eep] cs=1 sk=1 di=1 do=1 es=1 bitcnt=2
[eep] cs=1 sk=0 di=1 do=1 es=1 bitcnt=3
[eep] cs=1 sk=1 di=1 do=1 es=1 bitcnt=3
[eep] cs=1 sk=0 di=0 do=1 es=1 bitcnt=4
[eep] cs=1 sk=1 di=0 do=1 es=1 bitcnt=4
[eep] cs=1 sk=0 di=1 do=1 es=1 bitcnt=5
[eep] cs=1 sk=1 di=1 do=1 es=1 bitcnt=5
[eep] cs=1 sk=0 di=0 do=1 es=1 bitcnt=6
[eep] cs=1 sk=1 di=0 do=1 es=1 bitcnt=6
[eep] cs=1 sk=0 di=0 do=1 es=1 bitcnt=7
[eep] cs=1 sk=1 di=0 do=1 es=1 bitcnt=7
[eep] cs=1 sk=1 di=0 do=0 es=2 bitcnt=0
[eep] cs=1 sk=0 di=0 do=0 es=2 bitcnt=0
[eep] cs=1 sk=1 di=0 do=0 es=2 bitcnt=0
[eep] cs=1 sk=0 di=0 do=0 es=2 bitcnt=1
[eep] cs=1 sk=1 di=0 do=0 es=2 bitcnt=1
[eep] cs=1 sk=0 di=0 do=0 es=2 bitcnt=2
[eep] cs=1 sk=1 di=0 do=0 es=2 bitcnt=2
[eep] cs=1 sk=0 di=0 do=0 es=2 bitcnt=3
[eep] cs=1 sk=1 di=0 do=0 es=2 bitcnt=3
[eep] cs=1 sk=0 di=0 do=0 es=2 bitcnt=4
[eep] cs=1 sk=1 di=0 do=0 es=2 bitcnt=4
[eep] cs=1 sk=0 di=0 do=0 es=2 bitcnt=5
[eep] cs=1 sk=1 di=0 do=0 es=2 bitcnt=5
[eep] cs=1 sk=0 di=0 do=0 es=2 bitcnt=6
[eep] cs=1 sk=1 di=0 do=0 es=2 bitcnt=6
[eep] cs=1 sk=0 di=0 do=0 es=2 bitcnt=7
[eep] cs=1 sk=1 di=0 do=0 es=2 bitcnt=7
[eep] cs=1 sk=0 di=0 do=0 es=2 bitcnt=8
[eep] cs=1 sk=1 di=0 do=0 es=2 bitcnt=8
[eep] cs=1 sk=0 di=0 do=0 es=2 bitcnt=9
[eep] cs=1 sk=1 di=0 do=0 es=2 bitcnt=9
[eep] cs=1 sk=0 di=0 do=0 es=2 bitcnt=10
[eep] cs=1 sk=1 di=0 do=0 es=2 bitcnt=10
[eep] cs=1 sk=0 di=0 do=0 es=2 bitcnt=11
[eep] cs=1 sk=1 di=0 do=0 es=2 bitcnt=11
[eep] cs=1 sk=0 di=0 do=0 es=2 bitcnt=12
[eep] cs=1 sk=1 di=0 do=0 es=2 bitcnt=12
[eep] cs=1 sk=0 di=0 do=0 es=2 bitcnt=13
[eep] cs=1 sk=1 di=0 do=0 es=2 bitcnt=13
[eep] cs=1 sk=0 di=0 do=0 es=2 bitcnt=14
[eep] cs=1 sk=1 di=0 do=0 es=2 bitcnt=14
[eep] cs=1 sk=0 di=0 do=0 es=2 bitcnt=15
[eep] cs=1 sk=1 di=0 do=0 es=2 bitcnt=15
[eep] cs=1 sk=0 di=0 do=0 es=4 bitcnt=0
[eep] cs=1 sk=1 di=0 do=0 es=4 bitcnt=0
[eep] cs=1 sk=0 di=0 do=0 es=4 bitcnt=0
[eep] cs=1 sk=1 di=0 do=0 es=4 bitcnt=0
[eep] cs=0 sk=0 di=0 do=0 es=4 bitcnt=0
[eep] cs=0 sk=0 di=0 do=1 es=0 bitcnt=0
[eep] cs=0 sk=1 di=0 do=1 es=0 bitcnt=0
[eep] cs=1 sk=0 di=0 do=1 es=0 bitcnt=0
[eep] cs=1 sk=1 di=0 do=1 es=0 bitcnt=0
[eep] cs=1 sk=0 di=1 do=1 es=0 bitcnt=0
[eep] cs=1 sk=1 di=1 do=1 es=0 bitcnt=0
[eep] cs=1 sk=0 di=1 do=1 es=1 bitcnt=0
[eep] cs=1 sk=1 di=1 do=1 es=1 bitcnt=0
[eep] cs=1 sk=0 di=0 do=1 es=1 bitcnt=1
[eep] cs=1 sk=1 di=0 do=1 es=1 bitcnt=1
[eep] cs=1 sk=0 di=1 do=1 es=1 bitcnt=2
[eep] cs=1 sk=1 di=1 do=1 es=1 bitcnt=2
[eep] cs=1 sk=0 di=1 do=1 es=1 bitcnt=3
[eep] cs=1 sk=1 di=1 do=1 es=1 bitcnt=3
[eep] cs=1 sk=0 di=0 do=1 es=1 bitcnt=4
[eep] cs=1 sk=1 di=0 do=1 es=1 bitcnt=4
[eep] cs=1 sk=0 di=1 do=1 es=1 bitcnt=5
[eep] cs=1 sk=1 di=1 do=1 es=1 bitcnt=5
[eep] cs=1 sk=0 di=0 do=1 es=1 bitcnt=6
[eep] cs=1 sk=1 di=0 do=1 es=1 bitcnt=6
[eep] cs=1 sk=0 di=1 do=1 es=1 bitcnt=7
[eep] cs=1 sk=1 di=1 do=1 es=1 bitcnt=7
[eep] cs=1 sk=1 di=1 do=0 es=2 bitcnt=0
[eep] cs=1 sk=0 di=0 do=0 es=2 bitcnt=0
[eep] cs=1 sk=1 di=0 do=0 es=2 bitcnt=0
[eep] cs=1 sk=0 di=0 do=0 es=2 bitcnt=1
[eep] cs=1 sk=1 di=0 do=0 es=2 bitcnt=1
[eep] cs=1 sk=0 di=0 do=0 es=2 bitcnt=2
[eep] cs=1 sk=1 di=0 do=0 es=2 bitcnt=2
[eep] cs=1 sk=0 di=0 do=0 es=2 bitcnt=3
[eep] cs=1 sk=1 di=0 do=0 es=2 bitcnt=3
[eep] cs=1 sk=0 di=0 do=0 es=2 bitcnt=4
[eep] cs=1 sk=1 di=0 do=0 es=2 bitcnt=4
[eep] cs=1 sk=0 di=0 do=0 es=2 bitcnt=5
[eep] cs=1 sk=1 di=0 do=0 es=2 bitcnt=5
[eep] cs=1 sk=0 di=0 do=0 es=2 bitcnt=6
[eep] cs=1 sk=1 di=0 do=0 es=2 bitcnt=6
[eep] cs=1 sk=0 di=0 do=0 es=2 bitcnt=7
[eep] cs=1 sk=1 di=0 do=0 es=2 bitcnt=7
[eep] cs=1 sk=0 di=0 do=0 es=2 bitcnt=8
[eep] cs=1 sk=1 di=0 do=0 es=2 bitcnt=8
[eep] cs=1 sk=0 di=0 do=0 es=2 bitcnt=9
[eep] cs=1 sk=1 di=0 do=0 es=2 bitcnt=9
[eep] cs=1 sk=0 di=0 do=0 es=2 bitcnt=10
[eep] cs=1 sk=1 di=0 do=0 es=2 bitcnt=10
[eep] cs=1 sk=0 di=0 do=0 es=2 bitcnt=11
[eep] cs=1 sk=1 di=0 do=0 es=2 bitcnt=11
[eep] cs=1 sk=0 di=0 do=0 es=2 bitcnt=12
[eep] cs=1 sk=1 di=0 do=0 es=2 bitcnt=12
[eep] cs=1 sk=0 di=0 do=0 es=2 bitcnt=13
[eep] cs=1 sk=1 di=0 do=0 es=2 bitcnt=13
[eep] cs=1 sk=0 di=0 do=0 es=2 bitcnt=14
[eep] cs=1 sk=1 di=0 do=0 es=2 bitcnt=14
[eep] cs=1 sk=0 di=0 do=0 es=2 bitcnt=15
[eep] cs=1 sk=1 di=0 do=0 es=2 bitcnt=15
[eep] cs=1 sk=0 di=0 do=0 es=4 bitcnt=0
[eep] cs=1 sk=1 di=0 do=0 es=4 bitcnt=0
[eep] cs=1 sk=0 di=0 do=0 es=4 bitcnt=0
[eep] cs=1 sk=1 di=0 do=0 es=4 bitcnt=0
[eep] cs=0 sk=0 di=0 do=0 es=4 bitcnt=0
[eep] cs=0 sk=0 di=0 do=1 es=0 bitcnt=0
[eep] cs=0 sk=1 di=0 do=1 es=0 bitcnt=0
[eep] cs=1 sk=0 di=0 do=1 es=0 bitcnt=0
[eep] cs=1 sk=1 di=0 do=1 es=0 bitcnt=0
[eep] cs=1 sk=0 di=1 do=1 es=0 bitcnt=0
[eep] cs=1 sk=1 di=1 do=1 es=0 bitcnt=0
[eep] cs=1 sk=0 di=1 do=1 es=1 bitcnt=0
[eep] cs=1 sk=1 di=1 do=1 es=1 bitcnt=0
[eep] cs=1 sk=0 di=0 do=1 es=1 bitcnt=1
[eep] cs=1 sk=1 di=0 do=1 es=1 bitcnt=1
[eep] cs=1 sk=0 di=1 do=1 es=1 bitcnt=2
[eep] cs=1 sk=1 di=1 do=1 es=1 bitcnt=2
[eep] cs=1 sk=0 di=1 do=1 es=1 bitcnt=3
[eep] cs=1 sk=1 di=1 do=1 es=1 bitcnt=3
[eep] cs=1 sk=0 di=0 do=1 es=1 bitcnt=4
[eep] cs=1 sk=1 di=0 do=1 es=1 bitcnt=4
[eep] cs=1 sk=0 di=1 do=1 es=1 bitcnt=5
[eep] cs=1 sk=1 di=1 do=1 es=1 bitcnt=5
[eep] cs=1 sk=0 di=1 do=1 es=1 bitcnt=6
[eep] cs=1 sk=1 di=1 do=1 es=1 bitcnt=6
[eep] cs=1 sk=0 di=0 do=1 es=1 bitcnt=7
[eep] cs=1 sk=1 di=0 do=1 es=1 bitcnt=7
[eep] cs=1 sk=1 di=0 do=0 es=2 bitcnt=0
[eep] cs=1 sk=0 di=0 do=0 es=2 bitcnt=0
[eep] cs=1 sk=1 di=0 do=0 es=2 bitcnt=0
[eep] cs=1 sk=0 di=0 do=0 es=2 bitcnt=1
[eep] cs=1 sk=1 di=0 do=0 es=2 bitcnt=1
[eep] cs=1 sk=0 di=0 do=0 es=2 bitcnt=2
[eep] cs=1 sk=1 di=0 do=0 es=2 bitcnt=2
[eep] cs=1 sk=0 di=0 do=0 es=2 bitcnt=3
[eep] cs=1 sk=1 di=0 do=0 es=2 bitcnt=3
[eep] cs=1 sk=0 di=0 do=0 es=2 bitcnt=4
[eep] cs=1 sk=1 di=0 do=0 es=2 bitcnt=4
[eep] cs=1 sk=0 di=0 do=0 es=2 bitcnt=5
[eep] cs=1 sk=1 di=0 do=0 es=2 bitcnt=5
[eep] cs=1 sk=0 di=0 do=0 es=2 bitcnt=6
[eep] cs=1 sk=1 di=0 do=0 es=2 bitcnt=6
[eep] cs=1 sk=0 di=0 do=0 es=2 bitcnt=7
[eep] cs=1 sk=1 di=0 do=0 es=2 bitcnt=7
[eep] cs=1 sk=0 di=0 do=0 es=2 bitcnt=8
[eep] cs=1 sk=1 di=0 do=0 es=2 bitcnt=8
[eep] cs=1 sk=0 di=0 do=0 es=2 bitcnt=9
[eep] cs=1 sk=1 di=0 do=0 es=2 bitcnt=9
[eep] cs=1 sk=0 di=0 do=0 es=2 bitcnt=10
[eep] cs=1 sk=1 di=0 do=0 es=2 bitcnt=10
[eep] cs=1 sk=0 di=0 do=0 es=2 bitcnt=11
[eep] cs=1 sk=1 di=0 do=0 es=2 bitcnt=11
[eep] cs=1 sk=0 di=0 do=0 es=2 bitcnt=12
[eep] cs=1 sk=1 di=0 do=0 es=2 bitcnt=12
[eep] cs=1 sk=0 di=0 do=0 es=2 bitcnt=13
[eep] cs=1 sk=1 di=0 do=0 es=2 bitcnt=13
[eep] cs=1 sk=0 di=0 do=0 es=2 bitcnt=14
[eep] cs=1 sk=1 di=0 do=0 es=2 bitcnt=14
[eep] cs=1 sk=0 di=0 do=0 es=2 bitcnt=15
[eep] cs=1 sk=1 di=0 do=0 es=2 bitcnt=15
[eep] cs=1 sk=0 di=0 do=0 es=4 bitcnt=0
[eep] cs=1 sk=1 di=0 do=0 es=4 bitcnt=0
[eep] cs=1 sk=0 di=0 do=0 es=4 bitcnt=0
[eep] cs=1 sk=1 di=0 do=0 es=4 bitcnt=0
[eep] cs=0 sk=0 di=0 do=0 es=4 bitcnt=0
[eep] cs=0 sk=0 di=0 do=1 es=0 bitcnt=0
[eep] cs=0 sk=1 di=0 do=1 es=0 bitcnt=0
[eep] cs=1 sk=0 di=0 do=1 es=0 bitcnt=0
[eep] cs=1 sk=1 di=0 do=1 es=0 bitcnt=0
[eep] cs=1 sk=0 di=1 do=1 es=0 bitcnt=0
[eep] cs=1 sk=1 di=1 do=1 es=0 bitcnt=0
[eep] cs=1 sk=0 di=1 do=1 es=1 bitcnt=0
[eep] cs=1 sk=1 di=1 do=1 es=1 bitcnt=0
[eep] cs=1 sk=0 di=0 do=1 es=1 bitcnt=1
[eep] cs=1 sk=1 di=0 do=1 es=1 bitcnt=1
[eep] cs=1 sk=0 di=1 do=1 es=1 bitcnt=2
[eep] cs=1 sk=1 di=1 do=1 es=1 bitcnt=2
[eep] cs=1 sk=0 di=1 do=1 es=1 bitcnt=3
[eep] cs=1 sk=1 di=1 do=1 es=1 bitcnt=3
[eep] cs=1 sk=0 di=0 do=1 es=1 bitcnt=4
[eep] cs=1 sk=1 di=0 do=1 es=1 bitcnt=4
[eep] cs=1 sk=0 di=1 do=1 es=1 bitcnt=5
[eep] cs=1 sk=1 di=1 do=1 es=1 bitcnt=5
[eep] cs=1 sk=0 di=1 do=1 es=1 bitcnt=6
[eep] cs=1 sk=1 di=1 do=1 es=1 bitcnt=6
[eep] cs=1 sk=0 di=1 do=1 es=1 bitcnt=7
[eep] cs=1 sk=1 di=1 do=1 es=1 bitcnt=7
[eep] cs=1 sk=1 di=1 do=0 es=2 bitcnt=0
[eep] cs=1 sk=0 di=0 do=0 es=2 bitcnt=0
[eep] cs=1 sk=1 di=0 do=0 es=2 bitcnt=0
[eep] cs=1 sk=0 di=0 do=0 es=2 bitcnt=1
[eep] cs=1 sk=1 di=0 do=0 es=2 bitcnt=1
[eep] cs=1 sk=0 di=0 do=0 es=2 bitcnt=2
[eep] cs=1 sk=1 di=0 do=0 es=2 bitcnt=2
[eep] cs=1 sk=0 di=0 do=0 es=2 bitcnt=3
[eep] cs=1 sk=1 di=0 do=0 es=2 bitcnt=3
[eep] cs=1 sk=0 di=0 do=0 es=2 bitcnt=4
[eep] cs=1 sk=1 di=0 do=0 es=2 bitcnt=4
[eep] cs=1 sk=0 di=0 do=0 es=2 bitcnt=5
[eep] cs=1 sk=1 di=0 do=0 es=2 bitcnt=5
[eep] cs=1 sk=0 di=0 do=0 es=2 bitcnt=6
[eep] cs=1 sk=1 di=0 do=0 es=2 bitcnt=6
[eep] cs=1 sk=0 di=0 do=0 es=2 bitcnt=7
[eep] cs=1 sk=1 di=0 do=0 es=2 bitcnt=7
[eep] cs=1 sk=0 di=0 do=0 es=2 bitcnt=8
[eep] cs=1 sk=1 di=0 do=0 es=2 bitcnt=8
[eep] cs=1 sk=0 di=0 do=0 es=2 bitcnt=9
[eep] cs=1 sk=1 di=0 do=0 es=2 bitcnt=9
[eep] cs=1 sk=0 di=0 do=0 es=2 bitcnt=10
[eep] cs=1 sk=1 di=0 do=0 es=2 bitcnt=10
[eep] cs=1 sk=0 di=0 do=0 es=2 bitcnt=11
[eep] cs=1 sk=1 di=0 do=0 es=2 bitcnt=11
[eep] cs=1 sk=0 di=0 do=0 es=2 bitcnt=12
[eep] cs=1 sk=1 di=0 do=0 es=2 bitcnt=12
[eep] cs=1 sk=0 di=0 do=0 es=2 bitcnt=13
[eep] cs=1 sk=1 di=0 do=0 es=2 bitcnt=13
[eep] cs=1 sk=0 di=0 do=0 es=2 bitcnt=14
[eep] cs=1 sk=1 di=0 do=0 es=2 bitcnt=14
[eep] cs=1 sk=0 di=0 do=0 es=2 bitcnt=15
[eep] cs=1 sk=1 di=0 do=0 es=2 bitcnt=15
[eep] cs=1 sk=0 di=0 do=0 es=4 bitcnt=0
[eep] cs=1 sk=1 di=0 do=0 es=4 bitcnt=0
[eep] cs=1 sk=0 di=0 do=0 es=4 bitcnt=0
[eep] cs=1 sk=1 di=0 do=0 es=4 bitcnt=0
[eep] cs=0 sk=0 di=0 do=0 es=4 bitcnt=0
[eep] cs=0 sk=0 di=0 do=1 es=0 bitcnt=0
[eep] cs=0 sk=1 di=0 do=1 es=0 bitcnt=0
[eep] cs=1 sk=0 di=0 do=1 es=0 bitcnt=0
[eep] cs=1 sk=1 di=0 do=1 es=0 bitcnt=0
[eep] cs=1 sk=0 di=1 do=1 es=0 bitcnt=0
[eep] cs=1 sk=1 di=1 do=1 es=0 bitcnt=0
[eep] cs=1 sk=0 di=1 do=1 es=1 bitcnt=0
[eep] cs=1 sk=1 di=1 do=1 es=1 bitcnt=0
[eep] cs=1 sk=0 di=0 do=1 es=1 bitcnt=1
[eep] cs=1 sk=1 di=0 do=1 es=1 bitcnt=1
[eep] cs=1 sk=0 di=1 do=1 es=1 bitcnt=2
[eep] cs=1 sk=1 di=1 do=1 es=1 bitcnt=2
[eep] cs=1 sk=0 di=1 do=1 es=1 bitcnt=3
[eep] cs=1 sk=1 di=1 do=1 es=1 bitcnt=3
[eep] cs=1 sk=0 di=1 do=1 es=1 bitcnt=4
[eep] cs=1 sk=1 di=1 do=1 es=1 bitcnt=4
[eep] cs=1 sk=0 di=0 do=1 es=1 bitcnt=5
[eep] cs=1 sk=1 di=0 do=1 es=1 bitcnt=5
[eep] cs=1 sk=0 di=0 do=1 es=1 bitcnt=6
[eep] cs=1 sk=1 di=0 do=1 es=1 bitcnt=6
[eep] cs=1 sk=0 di=0 do=1 es=1 bitcnt=7
[eep] cs=1 sk=1 di=0 do=1 es=1 bitcnt=7
[eep] cs=1 sk=1 di=0 do=0 es=2 bitcnt=0
[eep] cs=1 sk=0 di=0 do=0 es=2 bitcnt=0
[eep] cs=1 sk=1 di=0 do=0 es=2 bitcnt=0
[eep] cs=1 sk=0 di=0 do=0 es=2 bitcnt=1
[eep] cs=1 sk=1 di=0 do=0 es=2 bitcnt=1
[eep] cs=1 sk=0 di=0 do=0 es=2 bitcnt=2
[eep] cs=1 sk=1 di=0 do=0 es=2 bitcnt=2
[eep] cs=1 sk=0 di=0 do=0 es=2 bitcnt=3
[eep] cs=1 sk=1 di=0 do=0 es=2 bitcnt=3
[eep] cs=1 sk=0 di=0 do=0 es=2 bitcnt=4
[eep] cs=1 sk=1 di=0 do=0 es=2 bitcnt=4
[eep] cs=1 sk=0 di=0 do=0 es=2 bitcnt=5
[eep] cs=1 sk=1 di=0 do=0 es=2 bitcnt=5
[eep] cs=1 sk=0 di=0 do=0 es=2 bitcnt=6
[eep] cs=1 sk=1 di=0 do=0 es=2 bitcnt=6
[eep] cs=1 sk=0 di=0 do=0 es=2 bitcnt=7
[eep] cs=1 sk=1 di=0 do=0 es=2 bitcnt=7
[eep] cs=1 sk=0 di=0 do=0 es=2 bitcnt=8
[eep] cs=1 sk=1 di=0 do=0 es=2 bitcnt=8
[eep] cs=1 sk=0 di=0 do=0 es=2 bitcnt=9
[eep] cs=1 sk=1 di=0 do=0 es=2 bitcnt=9
[eep] cs=1 sk=0 di=0 do=0 es=2 bitcnt=10
[eep] cs=1 sk=1 di=0 do=0 es=2 bitcnt=10
[eep] cs=1 sk=0 di=0 do=0 es=2 bitcnt=11
[eep] cs=1 sk=1 di=0 do=0 es=2 bitcnt=11
[eep] cs=1 sk=0 di=0 do=0 es=2 bitcnt=12
[eep] cs=1 sk=1 di=0 do=0 es=2 bitcnt=12
[eep] cs=1 sk=0 di=0 do=0 es=2 bitcnt=13
[eep] cs=1 sk=1 di=0 do=0 es=2 bitcnt=13
[eep] cs=1 sk=0 di=0 do=0 es=2 bitcnt=14
[eep] cs=1 sk=1 di=0 do=0 es=2 bitcnt=14
[eep] cs=1 sk=0 di=0 do=0 es=2 bitcnt=15
[eep] cs=1 sk=1 di=0 do=0 es=2 bitcnt=15
[eep] cs=1 sk=0 di=0 do=0 es=4 bitcnt=0
[eep] cs=1 sk=1 di=0 do=0 es=4 bitcnt=0
[eep] cs=1 sk=0 di=0 do=0 es=4 bitcnt=0
[eep] cs=1 sk=1 di=0 do=0 es=4 bitcnt=0
[eep] cs=0 sk=0 di=0 do=0 es=4 bitcnt=0
[eep] cs=0 sk=0 di=0 do=1 es=0 bitcnt=0
[eep] cs=0 sk=1 di=0 do=1 es=0 bitcnt=0
[eep] cs=1 sk=0 di=0 do=1 es=0 bitcnt=0
[eep] cs=1 sk=1 di=0 do=1 es=0 bitcnt=0
[eep] cs=1 sk=0 di=1 do=1 es=0 bitcnt=0
[eep] cs=1 sk=1 di=1 do=1 es=0 bitcnt=0
[eep] cs=1 sk=0 di=1 do=1 es=1 bitcnt=0
[eep] cs=1 sk=1 di=1 do=1 es=1 bitcnt=0
[eep] cs=1 sk=0 di=0 do=1 es=1 bitcnt=1
[eep] cs=1 sk=1 di=0 do=1 es=1 bitcnt=1
[eep] cs=1 sk=0 di=1 do=1 es=1 bitcnt=2
[eep] cs=1 sk=1 di=1 do=1 es=1 bitcnt=2
[eep] cs=1 sk=0 di=1 do=1 es=1 bitcnt=3
[eep] cs=1 sk=1 di=1 do=1 es=1 bitcnt=3
[eep] cs=1 sk=0 di=1 do=1 es=1 bitcnt=4
[eep] cs=1 sk=1 di=1 do=1 es=1 bitcnt=4
[eep] cs=1 sk=0 di=0 do=1 es=1 bitcnt=5
[eep] cs=1 sk=1 di=0 do=1 es=1 bitcnt=5
[eep] cs=1 sk=0 di=0 do=1 es=1 bitcnt=6
[eep] cs=1 sk=1 di=0 do=1 es=1 bitcnt=6
[eep] cs=1 sk=0 di=1 do=1 es=1 bitcnt=7
[eep] cs=1 sk=1 di=1 do=1 es=1 bitcnt=7
[eep] cs=1 sk=1 di=1 do=0 es=2 bitcnt=0
[eep] cs=1 sk=0 di=0 do=0 es=2 bitcnt=0
[eep] cs=1 sk=1 di=0 do=0 es=2 bitcnt=0
[eep] cs=1 sk=0 di=0 do=0 es=2 bitcnt=1
[eep] cs=1 sk=1 di=0 do=0 es=2 bitcnt=1
[eep] cs=1 sk=0 di=0 do=0 es=2 bitcnt=2
[eep] cs=1 sk=1 di=0 do=0 es=2 bitcnt=2
[eep] cs=1 sk=0 di=0 do=0 es=2 bitcnt=3
[eep] cs=1 sk=1 di=0 do=0 es=2 bitcnt=3
[eep] cs=1 sk=0 di=0 do=0 es=2 bitcnt=4
[eep] cs=1 sk=1 di=0 do=0 es=2 bitcnt=4
[eep] cs=1 sk=0 di=0 do=0 es=2 bitcnt=5
[eep] cs=1 sk=1 di=0 do=0 es=2 bitcnt=5
[eep] cs=1 sk=0 di=0 do=0 es=2 bitcnt=6
[eep] cs=1 sk=1 di=0 do=0 es=2 bitcnt=6
[eep] cs=1 sk=0 di=0 do=0 es=2 bitcnt=7
[eep] cs=1 sk=1 di=0 do=0 es=2 bitcnt=7
[eep] cs=1 sk=0 di=0 do=0 es=2 bitcnt=8
[eep] cs=1 sk=1 di=0 do=0 es=2 bitcnt=8
[eep] cs=1 sk=0 di=0 do=0 es=2 bitcnt=9
[eep] cs=1 sk=1 di=0 do=0 es=2 bitcnt=9
[eep] cs=1 sk=0 di=0 do=0 es=2 bitcnt=10
[eep] cs=1 sk=1 di=0 do=0 es=2 bitcnt=10
[eep] cs=1 sk=0 di=0 do=0 es=2 bitcnt=11
[eep] cs=1 sk=1 di=0 do=0 es=2 bitcnt=11
[eep] cs=1 sk=0 di=0 do=0 es=2 bitcnt=12
[eep] cs=1 sk=1 di=0 do=0 es=2 bitcnt=12
[eep] cs=1 sk=0 di=0 do=0 es=2 bitcnt=13
[eep] cs=1 sk=1 di=0 do=0 es=2 bitcnt=13
[eep] cs=1 sk=0 di=0 do=0 es=2 bitcnt=14
[eep] cs=1 sk=1 di=0 do=0 es=2 bitcnt=14
[eep] cs=1 sk=0 di=0 do=0 es=2 bitcnt=15
[eep] cs=1 sk=1 di=0 do=0 es=2 bitcnt=15
[eep] cs=1 sk=0 di=0 do=0 es=4 bitcnt=0
[eep] cs=1 sk=1 di=0 do=0 es=4 bitcnt=0
[eep] cs=1 sk=0 di=0 do=0 es=4 bitcnt=0
[eep] cs=1 sk=1 di=0 do=0 es=4 bitcnt=0
[eep] cs=0 sk=0 di=0 do=0 es=4 bitcnt=0
[eep] cs=0 sk=0 di=0 do=1 es=0 bitcnt=0
[eep] cs=0 sk=1 di=0 do=1 es=0 bitcnt=0
[eep] cs=1 sk=0 di=0 do=1 es=0 bitcnt=0
[eep] cs=1 sk=1 di=0 do=1 es=0 bitcnt=0
[eep] cs=1 sk=0 di=1 do=1 es=0 bitcnt=0
[eep] cs=1 sk=1 di=1 do=1 es=0 bitcnt=0
[eep] cs=1 sk=0 di=1 do=1 es=1 bitcnt=0
[eep] cs=1 sk=1 di=1 do=1 es=1 bitcnt=0
[eep] cs=1 sk=0 di=0 do=1 es=1 bitcnt=1
[eep] cs=1 sk=1 di=0 do=1 es=1 bitcnt=1
[eep] cs=1 sk=0 di=1 do=1 es=1 bitcnt=2
[eep] cs=1 sk=1 di=1 do=1 es=1 bitcnt=2
[eep] cs=1 sk=0 di=1 do=1 es=1 bitcnt=3
[eep] cs=1 sk=1 di=1 do=1 es=1 bitcnt=3
[eep] cs=1 sk=0 di=1 do=1 es=1 bitcnt=4
[eep] cs=1 sk=1 di=1 do=1 es=1 bitcnt=4
[eep] cs=1 sk=0 di=0 do=1 es=1 bitcnt=5
[eep] cs=1 sk=1 di=0 do=1 es=1 bitcnt=5
[eep] cs=1 sk=0 di=1 do=1 es=1 bitcnt=6
[eep] cs=1 sk=1 di=1 do=1 es=1 bitcnt=6
[eep] cs=1 sk=0 di=0 do=1 es=1 bitcnt=7
[eep] cs=1 sk=1 di=0 do=1 es=1 bitcnt=7
[eep] cs=1 sk=1 di=0 do=0 es=2 bitcnt=0
[eep] cs=1 sk=0 di=0 do=0 es=2 bitcnt=0
[eep] cs=1 sk=1 di=0 do=0 es=2 bitcnt=0
[eep] cs=1 sk=0 di=0 do=0 es=2 bitcnt=1
[eep] cs=1 sk=1 di=0 do=0 es=2 bitcnt=1
[eep] cs=1 sk=0 di=0 do=0 es=2 bitcnt=2
[eep] cs=1 sk=1 di=0 do=0 es=2 bitcnt=2
[eep] cs=1 sk=0 di=0 do=0 es=2 bitcnt=3
[eep] cs=1 sk=1 di=0 do=0 es=2 bitcnt=3
[eep] cs=1 sk=0 di=0 do=0 es=2 bitcnt=4
[eep] cs=1 sk=1 di=0 do=0 es=2 bitcnt=4
[eep] cs=1 sk=0 di=0 do=0 es=2 bitcnt=5
[eep] cs=1 sk=1 di=0 do=0 es=2 bitcnt=5
[eep] cs=1 sk=0 di=0 do=0 es=2 bitcnt=6
[eep] cs=1 sk=1 di=0 do=0 es=2 bitcnt=6
[eep] cs=1 sk=0 di=0 do=0 es=2 bitcnt=7
[eep] cs=1 sk=1 di=0 do=0 es=2 bitcnt=7
[eep] cs=1 sk=0 di=0 do=0 es=2 bitcnt=8
[eep] cs=1 sk=1 di=0 do=0 es=2 bitcnt=8
[eep] cs=1 sk=0 di=0 do=0 es=2 bitcnt=9
[eep] cs=1 sk=1 di=0 do=0 es=2 bitcnt=9
[eep] cs=1 sk=0 di=0 do=0 es=2 bitcnt=10
[eep] cs=1 sk=1 di=0 do=0 es=2 bitcnt=10
[eep] cs=1 sk=0 di=0 do=0 es=2 bitcnt=11
[eep] cs=1 sk=1 di=0 do=0 es=2 bitcnt=11
[eep] cs=1 sk=0 di=0 do=0 es=2 bitcnt=12
[eep] cs=1 sk=1 di=0 do=0 es=2 bitcnt=12
[eep] cs=1 sk=0 di=0 do=0 es=2 bitcnt=13
[eep] cs=1 sk=1 di=0 do=0 es=2 bitcnt=13
[eep] cs=1 sk=0 di=0 do=0 es=2 bitcnt=14
[eep] cs=1 sk=1 di=0 do=0 es=2 bitcnt=14
[eep] cs=1 sk=0 di=0 do=0 es=2 bitcnt=15
[eep] cs=1 sk=1 di=0 do=0 es=2 bitcnt=15
[eep] cs=1 sk=0 di=0 do=0 es=4 bitcnt=0
[eep] cs=1 sk=1 di=0 do=0 es=4 bitcnt=0
[eep] cs=1 sk=0 di=0 do=0 es=4 bitcnt=0
[eep] cs=1 sk=1 di=0 do=0 es=4 bitcnt=0
[eep] cs=0 sk=0 di=0 do=0 es=4 bitcnt=0
[eep] cs=0 sk=0 di=0 do=1 es=0 bitcnt=0
[eep] cs=0 sk=1 di=0 do=1 es=0 bitcnt=0
[eep] cs=1 sk=0 di=0 do=1 es=0 bitcnt=0
[eep] cs=1 sk=1 di=0 do=1 es=0 bitcnt=0
[eep] cs=1 sk=0 di=1 do=1 es=0 bitcnt=0
[eep] cs=1 sk=1 di=1 do=1 es=0 bitcnt=0
[eep] cs=1 sk=0 di=1 do=1 es=1 bitcnt=0
[eep] cs=1 sk=1 di=1 do=1 es=1 bitcnt=0
[eep] cs=1 sk=0 di=0 do=1 es=1 bitcnt=1
[eep] cs=1 sk=1 di=0 do=1 es=1 bitcnt=1
[eep] cs=1 sk=0 di=1 do=1 es=1 bitcnt=2
[eep] cs=1 sk=1 di=1 do=1 es=1 bitcnt=2
[eep] cs=1 sk=0 di=1 do=1 es=1 bitcnt=3
[eep] cs=1 sk=1 di=1 do=1 es=1 bitcnt=3
[eep] cs=1 sk=0 di=1 do=1 es=1 bitcnt=4
[eep] cs=1 sk=1 di=1 do=1 es=1 bitcnt=4
[eep] cs=1 sk=0 di=0 do=1 es=1 bitcnt=5
[eep] cs=1 sk=1 di=0 do=1 es=1 bitcnt=5
[eep] cs=1 sk=0 di=1 do=1 es=1 bitcnt=6
[eep] cs=1 sk=1 di=1 do=1 es=1 bitcnt=6
[eep] cs=1 sk=0 di=1 do=1 es=1 bitcnt=7
[eep] cs=1 sk=1 di=1 do=1 es=1 bitcnt=7
[eep] cs=1 sk=1 di=1 do=0 es=2 bitcnt=0
[eep] cs=1 sk=0 di=0 do=0 es=2 bitcnt=0
[eep] cs=1 sk=1 di=0 do=0 es=2 bitcnt=0
[eep] cs=1 sk=0 di=0 do=0 es=2 bitcnt=1
[eep] cs=1 sk=1 di=0 do=0 es=2 bitcnt=1
[eep] cs=1 sk=0 di=0 do=0 es=2 bitcnt=2
[eep] cs=1 sk=1 di=0 do=0 es=2 bitcnt=2
[eep] cs=1 sk=0 di=0 do=0 es=2 bitcnt=3
[eep] cs=1 sk=1 di=0 do=0 es=2 bitcnt=3
[eep] cs=1 sk=0 di=0 do=0 es=2 bitcnt=4
[eep] cs=1 sk=1 di=0 do=0 es=2 bitcnt=4
[eep] cs=1 sk=0 di=0 do=0 es=2 bitcnt=5
[eep] cs=1 sk=1 di=0 do=0 es=2 bitcnt=5
[eep] cs=1 sk=0 di=0 do=0 es=2 bitcnt=6
[eep] cs=1 sk=1 di=0 do=0 es=2 bitcnt=6
[eep] cs=1 sk=0 di=0 do=0 es=2 bitcnt=7
[eep] cs=1 sk=1 di=0 do=0 es=2 bitcnt=7
[eep] cs=1 sk=0 di=0 do=0 es=2 bitcnt=8
[eep] cs=1 sk=1 di=0 do=0 es=2 bitcnt=8
[eep] cs=1 sk=0 di=0 do=0 es=2 bitcnt=9
[eep] cs=1 sk=1 di=0 do=0 es=2 bitcnt=9
[eep] cs=1 sk=0 di=0 do=0 es=2 bitcnt=10
[eep] cs=1 sk=1 di=0 do=0 es=2 bitcnt=10
[eep] cs=1 sk=0 di=0 do=0 es=2 bitcnt=11
[eep] cs=1 sk=1 di=0 do=0 es=2 bitcnt=11
[eep] cs=1 sk=0 di=0 do=0 es=2 bitcnt=12
[eep] cs=1 sk=1 di=0 do=0 es=2 bitcnt=12
[eep] cs=1 sk=0 di=0 do=0 es=2 bitcnt=13
[eep] cs=1 sk=1 di=0 do=0 es=2 bitcnt=13
[eep] cs=1 sk=0 di=0 do=0 es=2 bitcnt=14
[eep] cs=1 sk=1 di=0 do=0 es=2 bitcnt=14
[eep] cs=1 sk=0 di=0 do=0 es=2 bitcnt=15
[eep] cs=1 sk=1 di=0 do=0 es=2 bitcnt=15
[eep] cs=1 sk=0 di=0 do=0 es=4 bitcnt=0
[eep] cs=1 sk=1 di=0 do=0 es=4 bitcnt=0
[eep] cs=1 sk=0 di=0 do=0 es=4 bitcnt=0
[eep] cs=1 sk=1 di=0 do=0 es=4 bitcnt=0
[eep] cs=0 sk=0 di=0 do=0 es=4 bitcnt=0
[eep] cs=0 sk=0 di=0 do=1 es=0 bitcnt=0
[eep] cs=0 sk=1 di=0 do=1 es=0 bitcnt=0
[eep] cs=1 sk=0 di=0 do=1 es=0 bitcnt=0
[eep] cs=1 sk=1 di=0 do=1 es=0 bitcnt=0
[eep] cs=1 sk=0 di=1 do=1 es=0 bitcnt=0
[eep] cs=1 sk=1 di=1 do=1 es=0 bitcnt=0
[eep] cs=1 sk=0 di=1 do=1 es=1 bitcnt=0
[eep] cs=1 sk=1 di=1 do=1 es=1 bitcnt=0
[eep] cs=1 sk=0 di=0 do=1 es=1 bitcnt=1
[eep] cs=1 sk=1 di=0 do=1 es=1 bitcnt=1
[eep] cs=1 sk=0 di=1 do=1 es=1 bitcnt=2
[eep] cs=1 sk=1 di=1 do=1 es=1 bitcnt=2
[eep] cs=1 sk=0 di=1 do=1 es=1 bitcnt=3
[eep] cs=1 sk=1 di=1 do=1 es=1 bitcnt=3
[eep] cs=1 sk=0 di=1 do=1 es=1 bitcnt=4
[eep] cs=1 sk=1 di=1 do=1 es=1 bitcnt=4
[eep] cs=1 sk=0 di=1 do=1 es=1 bitcnt=5
[eep] cs=1 sk=1 di=1 do=1 es=1 bitcnt=5
[eep] cs=1 sk=0 di=0 do=1 es=1 bitcnt=6
[eep] cs=1 sk=1 di=0 do=1 es=1 bitcnt=6
[eep] cs=1 sk=0 di=0 do=1 es=1 bitcnt=7
[eep] cs=1 sk=1 di=0 do=1 es=1 bitcnt=7
[eep] cs=1 sk=1 di=0 do=0 es=2 bitcnt=0
[eep] cs=1 sk=0 di=0 do=0 es=2 bitcnt=0
[eep] cs=1 sk=1 di=0 do=0 es=2 bitcnt=0
[eep] cs=1 sk=0 di=0 do=0 es=2 bitcnt=1
[eep] cs=1 sk=1 di=0 do=0 es=2 bitcnt=1
[eep] cs=1 sk=0 di=0 do=0 es=2 bitcnt=2
[eep] cs=1 sk=1 di=0 do=0 es=2 bitcnt=2
[eep] cs=1 sk=0 di=0 do=0 es=2 bitcnt=3
[eep] cs=1 sk=1 di=0 do=0 es=2 bitcnt=3
[eep] cs=1 sk=0 di=0 do=0 es=2 bitcnt=4
[eep] cs=1 sk=1 di=0 do=0 es=2 bitcnt=4
[eep] cs=1 sk=0 di=0 do=0 es=2 bitcnt=5
[eep] cs=1 sk=1 di=0 do=0 es=2 bitcnt=5
[eep] cs=1 sk=0 di=0 do=0 es=2 bitcnt=6
[eep] cs=1 sk=1 di=0 do=0 es=2 bitcnt=6
[eep] cs=1 sk=0 di=0 do=0 es=2 bitcnt=7
[eep] cs=1 sk=1 di=0 do=0 es=2 bitcnt=7
[eep] cs=1 sk=0 di=0 do=0 es=2 bitcnt=8
[eep] cs=1 sk=1 di=0 do=0 es=2 bitcnt=8
[eep] cs=1 sk=0 di=0 do=0 es=2 bitcnt=9
[eep] cs=1 sk=1 di=0 do=0 es=2 bitcnt=9
[eep] cs=1 sk=0 di=0 do=0 es=2 bitcnt=10
[eep] cs=1 sk=1 di=0 do=0 es=2 bitcnt=10
[eep] cs=1 sk=0 di=0 do=0 es=2 bitcnt=11
[eep] cs=1 sk=1 di=0 do=0 es=2 bitcnt=11
[eep] cs=1 sk=0 di=0 do=0 es=2 bitcnt=12
[eep] cs=1 sk=1 di=0 do=0 es=2 bitcnt=12
[eep] cs=1 sk=0 di=0 do=0 es=2 bitcnt=13
[eep] cs=1 sk=1 di=0 do=0 es=2 bitcnt=13
[eep] cs=1 sk=0 di=0 do=0 es=2 bitcnt=14
[eep] cs=1 sk=1 di=0 do=0 es=2 bitcnt=14
[eep] cs=1 sk=0 di=0 do=0 es=2 bitcnt=15
[eep] cs=1 sk=1 di=0 do=0 es=2 bitcnt=15
[eep] cs=1 sk=0 di=0 do=0 es=4 bitcnt=0
[eep] cs=1 sk=1 di=0 do=0 es=4 bitcnt=0
[eep] cs=1 sk=0 di=0 do=0 es=4 bitcnt=0
[eep] cs=1 sk=1 di=0 do=0 es=4 bitcnt=0
[eep] cs=0 sk=0 di=0 do=0 es=4 bitcnt=0
[eep] cs=0 sk=0 di=0 do=1 es=0 bitcnt=0
[eep] cs=0 sk=1 di=0 do=1 es=0 bitcnt=0
[eep] cs=1 sk=0 di=0 do=1 es=0 bitcnt=0
[eep] cs=1 sk=1 di=0 do=1 es=0 bitcnt=0
[eep] cs=1 sk=0 di=1 do=1 es=0 bitcnt=0
[eep] cs=1 sk=1 di=1 do=1 es=0 bitcnt=0
[eep] cs=1 sk=0 di=1 do=1 es=1 bitcnt=0
[eep] cs=1 sk=1 di=1 do=1 es=1 bitcnt=0
[eep] cs=1 sk=0 di=0 do=1 es=1 bitcnt=1
[eep] cs=1 sk=1 di=0 do=1 es=1 bitcnt=1
[eep] cs=1 sk=0 di=1 do=1 es=1 bitcnt=2
[eep] cs=1 sk=1 di=1 do=1 es=1 bitcnt=2
[eep] cs=1 sk=0 di=1 do=1 es=1 bitcnt=3
[eep] cs=1 sk=1 di=1 do=1 es=1 bitcnt=3
[eep] cs=1 sk=0 di=1 do=1 es=1 bitcnt=4
[eep] cs=1 sk=1 di=1 do=1 es=1 bitcnt=4
[eep] cs=1 sk=0 di=1 do=1 es=1 bitcnt=5
[eep] cs=1 sk=1 di=1 do=1 es=1 bitcnt=5
[eep] cs=1 sk=0 di=0 do=1 es=1 bitcnt=6
[eep] cs=1 sk=1 di=0 do=1 es=1 bitcnt=6
[eep] cs=1 sk=0 di=1 do=1 es=1 bitcnt=7
[eep] cs=1 sk=1 di=1 do=1 es=1 bitcnt=7
[eep] cs=1 sk=1 di=1 do=0 es=2 bitcnt=0
[eep] cs=1 sk=0 di=0 do=0 es=2 bitcnt=0
[eep] cs=1 sk=1 di=0 do=0 es=2 bitcnt=0
[eep] cs=1 sk=0 di=0 do=0 es=2 bitcnt=1
[eep] cs=1 sk=1 di=0 do=0 es=2 bitcnt=1
[eep] cs=1 sk=0 di=0 do=0 es=2 bitcnt=2
[eep] cs=1 sk=1 di=0 do=0 es=2 bitcnt=2
[eep] cs=1 sk=0 di=0 do=0 es=2 bitcnt=3
[eep] cs=1 sk=1 di=0 do=0 es=2 bitcnt=3
[eep] cs=1 sk=0 di=0 do=0 es=2 bitcnt=4
[eep] cs=1 sk=1 di=0 do=0 es=2 bitcnt=4
[eep] cs=1 sk=0 di=0 do=0 es=2 bitcnt=5
[eep] cs=1 sk=1 di=0 do=0 es=2 bitcnt=5
[eep] cs=1 sk=0 di=0 do=0 es=2 bitcnt=6
[eep] cs=1 sk=1 di=0 do=0 es=2 bitcnt=6
[eep] cs=1 sk=0 di=0 do=0 es=2 bitcnt=7
[eep] cs=1 sk=1 di=0 do=0 es=2 bitcnt=7
[eep] cs=1 sk=0 di=0 do=0 es=2 bitcnt=8
[eep] cs=1 sk=1 di=0 do=0 es=2 bitcnt=8
[eep] cs=1 sk=0 di=0 do=0 es=2 bitcnt=9
[eep] cs=1 sk=1 di=0 do=0 es=2 bitcnt=9
[eep] cs=1 sk=0 di=0 do=0 es=2 bitcnt=10
[eep] cs=1 sk=1 di=0 do=0 es=2 bitcnt=10
[eep] cs=1 sk=0 di=0 do=0 es=2 bitcnt=11
[eep] cs=1 sk=1 di=0 do=0 es=2 bitcnt=11
[eep] cs=1 sk=0 di=0 do=0 es=2 bitcnt=12
[eep] cs=1 sk=1 di=0 do=0 es=2 bitcnt=12
[eep] cs=1 sk=0 di=0 do=0 es=2 bitcnt=13
[eep] cs=1 sk=1 di=0 do=0 es=2 bitcnt=13
[eep] cs=1 sk=0 di=0 do=0 es=2 bitcnt=14
[eep] cs=1 sk=1 di=0 do=0 es=2 bitcnt=14
[eep] cs=1 sk=0 di=0 do=0 es=2 bitcnt=15
[eep] cs=1 sk=1 di=0 do=0 es=2 bitcnt=15
[eep] cs=1 sk=0 di=0 do=0 es=4 bitcnt=0
[eep] cs=1 sk=1 di=0 do=0 es=4 bitcnt=0
[eep] cs=1 sk=0 di=0 do=0 es=4 bitcnt=0
[eep] cs=1 sk=1 di=0 do=0 es=4 bitcnt=0
[eep] cs=0 sk=0 di=0 do=0 es=4 bitcnt=0
[eep] cs=0 sk=0 di=0 do=1 es=0 bitcnt=0
[eep] cs=0 sk=1 di=0 do=1 es=0 bitcnt=0
[eep] cs=1 sk=0 di=0 do=1 es=0 bitcnt=0
[eep] cs=1 sk=1 di=0 do=1 es=0 bitcnt=0
[eep] cs=1 sk=0 di=1 do=1 es=0 bitcnt=0
[eep] cs=1 sk=1 di=1 do=1 es=0 bitcnt=0
[eep] cs=1 sk=0 di=1 do=1 es=1 bitcnt=0
[eep] cs=1 sk=1 di=1 do=1 es=1 bitcnt=0
[eep] cs=1 sk=0 di=0 do=1 es=1 bitcnt=1
[eep] cs=1 sk=1 di=0 do=1 es=1 bitcnt=1
[eep] cs=1 sk=0 di=1 do=1 es=1 bitcnt=2
[eep] cs=1 sk=1 di=1 do=1 es=1 bitcnt=2
[eep] cs=1 sk=0 di=1 do=1 es=1 bitcnt=3
[eep] cs=1 sk=1 di=1 do=1 es=1 bitcnt=3
[eep] cs=1 sk=0 di=1 do=1 es=1 bitcnt=4
[eep] cs=1 sk=1 di=1 do=1 es=1 bitcnt=4
[eep] cs=1 sk=0 di=1 do=1 es=1 bitcnt=5
[eep] cs=1 sk=1 di=1 do=1 es=1 bitcnt=5
[eep] cs=1 sk=0 di=1 do=1 es=1 bitcnt=6
[eep] cs=1 sk=1 di=1 do=1 es=1 bitcnt=6
[eep] cs=1 sk=0 di=0 do=1 es=1 bitcnt=7
[eep] cs=1 sk=1 di=0 do=1 es=1 bitcnt=7
[eep] cs=1 sk=1 di=0 do=0 es=2 bitcnt=0
[eep] cs=1 sk=0 di=0 do=0 es=2 bitcnt=0
[eep] cs=1 sk=1 di=0 do=0 es=2 bitcnt=0
[eep] cs=1 sk=0 di=0 do=0 es=2 bitcnt=1
[eep] cs=1 sk=1 di=0 do=0 es=2 bitcnt=1
[eep] cs=1 sk=0 di=0 do=0 es=2 bitcnt=2
[eep] cs=1 sk=1 di=0 do=0 es=2 bitcnt=2
[eep] cs=1 sk=0 di=0 do=0 es=2 bitcnt=3
[eep] cs=1 sk=1 di=0 do=0 es=2 bitcnt=3
[eep] cs=1 sk=0 di=0 do=0 es=2 bitcnt=4
[eep] cs=1 sk=1 di=0 do=0 es=2 bitcnt=4
[eep] cs=1 sk=0 di=0 do=0 es=2 bitcnt=5
[eep] cs=1 sk=1 di=0 do=0 es=2 bitcnt=5
[eep] cs=1 sk=0 di=0 do=0 es=2 bitcnt=6
[eep] cs=1 sk=1 di=0 do=0 es=2 bitcnt=6
[eep] cs=1 sk=0 di=0 do=0 es=2 bitcnt=7
[eep] cs=1 sk=1 di=0 do=0 es=2 bitcnt=7
[eep] cs=1 sk=1 di=0 do=1 es=2 bitcnt=8
[eep] cs=1 sk=0 di=0 do=1 es=2 bitcnt=8
[eep] cs=1 sk=1 di=0 do=1 es=2 bitcnt=8
[eep] cs=1 sk=1 di=0 do=0 es=2 bitcnt=9
[eep] cs=1 sk=0 di=0 do=0 es=2 bitcnt=9
[eep] cs=1 sk=1 di=0 do=0 es=2 bitcnt=9
[eep] cs=1 sk=0 di=0 do=0 es=2 bitcnt=10
[eep] cs=1 sk=1 di=0 do=0 es=2 bitcnt=10
[eep] cs=1 sk=0 di=0 do=0 es=2 bitcnt=11
[eep] cs=1 sk=1 di=0 do=0 es=2 bitcnt=11
[eep] cs=1 sk=0 di=0 do=0 es=2 bitcnt=12
[eep] cs=1 sk=1 di=0 do=0 es=2 bitcnt=12
[eep] cs=1 sk=0 di=0 do=0 es=2 bitcnt=13
[eep] cs=1 sk=1 di=0 do=0 es=2 bitcnt=13
[eep] cs=1 sk=0 di=0 do=0 es=2 bitcnt=14
[eep] cs=1 sk=1 di=0 do=0 es=2 bitcnt=14
[eep] cs=1 sk=0 di=0 do=0 es=2 bitcnt=15
[eep] cs=1 sk=1 di=0 do=0 es=2 bitcnt=15
[eep] cs=1 sk=0 di=0 do=0 es=4 bitcnt=0
[eep] cs=1 sk=1 di=0 do=0 es=4 bitcnt=0
[eep] cs=1 sk=0 di=0 do=0 es=4 bitcnt=0
[eep] cs=1 sk=1 di=0 do=0 es=4 bitcnt=0
[eep] cs=0 sk=0 di=0 do=0 es=4 bitcnt=0
[eep] cs=0 sk=0 di=0 do=1 es=0 bitcnt=0
[eep] cs=0 sk=1 di=0 do=1 es=0 bitcnt=0
[eep] cs=1 sk=0 di=0 do=1 es=0 bitcnt=0
[eep] cs=1 sk=1 di=0 do=1 es=0 bitcnt=0
[eep] cs=1 sk=0 di=1 do=1 es=0 bitcnt=0
[eep] cs=1 sk=1 di=1 do=1 es=0 bitcnt=0
[eep] cs=1 sk=0 di=1 do=1 es=1 bitcnt=0
[eep] cs=1 sk=1 di=1 do=1 es=1 bitcnt=0
[eep] cs=1 sk=0 di=0 do=1 es=1 bitcnt=1
[eep] cs=1 sk=1 di=0 do=1 es=1 bitcnt=1
[eep] cs=1 sk=0 di=1 do=1 es=1 bitcnt=2
[eep] cs=1 sk=1 di=1 do=1 es=1 bitcnt=2
[eep] cs=1 sk=0 di=1 do=1 es=1 bitcnt=3
[eep] cs=1 sk=1 di=1 do=1 es=1 bitcnt=3
[eep] cs=1 sk=0 di=1 do=1 es=1 bitcnt=4
[eep] cs=1 sk=1 di=1 do=1 es=1 bitcnt=4
[eep] cs=1 sk=0 di=1 do=1 es=1 bitcnt=5
[eep] cs=1 sk=1 di=1 do=1 es=1 bitcnt=5
[eep] cs=1 sk=0 di=1 do=1 es=1 bitcnt=6
[eep] cs=1 sk=1 di=1 do=1 es=1 bitcnt=6
[eep] cs=1 sk=0 di=1 do=1 es=1 bitcnt=7
[eep] cs=1 sk=1 di=1 do=1 es=1 bitcnt=7
[eep] cs=1 sk=1 di=1 do=0 es=2 bitcnt=0
[eep] cs=1 sk=0 di=0 do=0 es=2 bitcnt=0
[eep] cs=1 sk=1 di=0 do=0 es=2 bitcnt=0
[eep] cs=1 sk=0 di=0 do=0 es=2 bitcnt=1
[eep] cs=1 sk=1 di=0 do=0 es=2 bitcnt=1
[eep] cs=1 sk=0 di=0 do=0 es=2 bitcnt=2
[eep] cs=1 sk=1 di=0 do=0 es=2 bitcnt=2
[eep] cs=1 sk=0 di=0 do=0 es=2 bitcnt=3
[eep] cs=1 sk=1 di=0 do=0 es=2 bitcnt=3
[eep] cs=1 sk=0 di=0 do=0 es=2 bitcnt=4
[eep] cs=1 sk=1 di=0 do=0 es=2 bitcnt=4
[eep] cs=1 sk=0 di=0 do=0 es=2 bitcnt=5
[eep] cs=1 sk=1 di=0 do=0 es=2 bitcnt=5
[eep] cs=1 sk=0 di=0 do=0 es=2 bitcnt=6
[eep] cs=1 sk=1 di=0 do=0 es=2 bitcnt=6
[eep] cs=1 sk=0 di=0 do=0 es=2 bitcnt=7
[eep] cs=1 sk=1 di=0 do=0 es=2 bitcnt=7
[eep] cs=1 sk=0 di=0 do=0 es=2 bitcnt=8
[eep] cs=1 sk=1 di=0 do=0 es=2 bitcnt=8
[eep] cs=1 sk=0 di=0 do=0 es=2 bitcnt=9
[eep] cs=1 sk=1 di=0 do=0 es=2 bitcnt=9
[eep] cs=1 sk=0 di=0 do=0 es=2 bitcnt=10
[eep] cs=1 sk=1 di=0 do=0 es=2 bitcnt=10
[eep] cs=1 sk=0 di=0 do=0 es=2 bitcnt=11
[eep] cs=1 sk=1 di=0 do=0 es=2 bitcnt=11
[eep] cs=1 sk=0 di=0 do=0 es=2 bitcnt=12
[eep] cs=1 sk=1 di=0 do=0 es=2 bitcnt=12
[eep] cs=1 sk=0 di=0 do=0 es=2 bitcnt=13
[eep] cs=1 sk=1 di=0 do=0 es=2 bitcnt=13
[eep] cs=1 sk=0 di=0 do=0 es=2 bitcnt=14
[eep] cs=1 sk=1 di=0 do=0 es=2 bitcnt=14
[eep] cs=1 sk=0 di=0 do=0 es=2 bitcnt=15
[eep] cs=1 sk=1 di=0 do=0 es=2 bitcnt=15
[eep] cs=1 sk=0 di=0 do=0 es=4 bitcnt=0
[eep] cs=1 sk=1 di=0 do=0 es=4 bitcnt=0
[eep] cs=1 sk=0 di=0 do=0 es=4 bitcnt=0
[eep] cs=1 sk=1 di=0 do=0 es=4 bitcnt=0
[eep] cs=0 sk=0 di=0 do=0 es=4 bitcnt=0
[eep] cs=0 sk=0 di=0 do=1 es=0 bitcnt=0
[eep] cs=0 sk=1 di=0 do=1 es=0 bitcnt=0
[eep] cs=1 sk=0 di=0 do=1 es=0 bitcnt=0
[eep] cs=1 sk=1 di=0 do=1 es=0 bitcnt=0
[eep] cs=1 sk=0 di=1 do=1 es=0 bitcnt=0
[eep] cs=1 sk=1 di=1 do=1 es=0 bitcnt=0
[eep] cs=1 sk=0 di=0 do=1 es=1 bitcnt=0
[eep] cs=1 sk=1 di=0 do=1 es=1 bitcnt=0
[eep] cs=1 sk=0 di=0 do=1 es=1 bitcnt=1
[eep] cs=1 sk=1 di=0 do=1 es=1 bitcnt=1
[eep] cs=1 sk=0 di=1 do=1 es=1 bitcnt=2
[eep] cs=1 sk=1 di=1 do=1 es=1 bitcnt=2
[eep] cs=1 sk=0 di=1 do=1 es=1 bitcnt=3
[eep] cs=1 sk=1 di=1 do=1 es=1 bitcnt=3
[eep] cs=1 sk=0 di=0 do=1 es=1 bitcnt=4
[eep] cs=1 sk=1 di=0 do=1 es=1 bitcnt=4
[eep] cs=1 sk=0 di=0 do=1 es=1 bitcnt=5
[eep] cs=1 sk=1 di=0 do=1 es=1 bitcnt=5
[eep] cs=1 sk=0 di=0 do=1 es=1 bitcnt=6
[eep] cs=1 sk=1 di=0 do=1 es=1 bitcnt=6
[eep] cs=1 sk=0 di=0 do=1 es=1 bitcnt=7
[eep] cs=1 sk=1 di=0 do=1 es=1 bitcnt=7
[eep] cs=0 sk=0 di=0 do=1 es=0 bitcnt=8
[eep] cs=0 sk=1 di=0 do=1 es=0 bitcnt=0
[eep] cs=1 sk=0 di=0 do=1 es=0 bitcnt=0
[eep] cs=1 sk=1 di=0 do=1 es=0 bitcnt=0
[eep] cs=1 sk=0 di=1 do=1 es=0 bitcnt=0
[eep] cs=1 sk=1 di=1 do=1 es=0 bitcnt=0
[eep] cs=1 sk=0 di=0 do=1 es=1 bitcnt=0
[eep] cs=1 sk=1 di=0 do=1 es=1 bitcnt=0
[eep] cs=1 sk=0 di=1 do=1 es=1 bitcnt=1
[eep] cs=1 sk=1 di=1 do=1 es=1 bitcnt=1
[eep] cs=1 sk=0 di=0 do=1 es=1 bitcnt=2
[eep] cs=1 sk=1 di=0 do=1 es=1 bitcnt=2
[eep] cs=1 sk=0 di=0 do=1 es=1 bitcnt=3
[eep] cs=1 sk=1 di=0 do=1 es=1 bitcnt=3
[eep] cs=1 sk=0 di=0 do=1 es=1 bitcnt=4
[eep] cs=1 sk=1 di=0 do=1 es=1 bitcnt=4
[eep] cs=1 sk=0 di=0 do=1 es=1 bitcnt=5
[eep] cs=1 sk=1 di=0 do=1 es=1 bitcnt=5
[eep] cs=1 sk=0 di=0 do=1 es=1 bitcnt=6
[eep] cs=1 sk=1 di=0 do=1 es=1 bitcnt=6
[eep] cs=1 sk=0 di=0 do=1 es=1 bitcnt=7
[eep] cs=1 sk=1 di=0 do=1 es=1 bitcnt=7
[eep] cs=1 sk=0 di=0 do=1 es=3 bitcnt=0
[eep] cs=1 sk=1 di=0 do=1 es=3 bitcnt=0
[eep] cs=1 sk=0 di=1 do=1 es=3 bitcnt=1
[eep] cs=1 sk=1 di=1 do=1 es=3 bitcnt=1
[eep] cs=1 sk=0 di=0 do=1 es=3 bitcnt=2
[eep] cs=1 sk=1 di=0 do=1 es=3 bitcnt=2
[eep] cs=1 sk=0 di=0 do=1 es=3 bitcnt=3
[eep] cs=1 sk=1 di=0 do=1 es=3 bitcnt=3
[eep] cs=1 sk=0 di=0 do=1 es=3 bitcnt=4
[eep] cs=1 sk=1 di=0 do=1 es=3 bitcnt=4
[eep] cs=1 sk=0 di=1 do=1 es=3 bitcnt=5
[eep] cs=1 sk=1 di=1 do=1 es=3 bitcnt=5
[eep] cs=1 sk=0 di=0 do=1 es=3 bitcnt=6
[eep] cs=1 sk=1 di=0 do=1 es=3 bitcnt=6
[eep] cs=1 sk=0 di=1 do=1 es=3 bitcnt=7
[eep] cs=1 sk=1 di=1 do=1 es=3 bitcnt=7
[eep] cs=1 sk=0 di=0 do=1 es=3 bitcnt=8
[eep] cs=1 sk=1 di=0 do=1 es=3 bitcnt=8
[eep] cs=1 sk=0 di=1 do=1 es=3 bitcnt=9
[eep] cs=1 sk=1 di=1 do=1 es=3 bitcnt=9
[eep] cs=1 sk=0 di=0 do=1 es=3 bitcnt=10
[eep] cs=1 sk=1 di=0 do=1 es=3 bitcnt=10
[eep] cs=1 sk=0 di=1 do=1 es=3 bitcnt=11
[eep] cs=1 sk=1 di=1 do=1 es=3 bitcnt=11
[eep] cs=1 sk=0 di=0 do=1 es=3 bitcnt=12
[eep] cs=1 sk=1 di=0 do=1 es=3 bitcnt=12
[eep] cs=1 sk=0 di=0 do=1 es=3 bitcnt=13
[eep] cs=1 sk=1 di=0 do=1 es=3 bitcnt=13
[eep] cs=1 sk=0 di=1 do=1 es=3 bitcnt=14
[eep] cs=1 sk=1 di=1 do=1 es=3 bitcnt=14
[eep] cs=1 sk=0 di=1 do=1 es=3 bitcnt=15
[eep] cs=1 sk=1 di=1 do=1 es=3 bitcnt=15
[eep] cs=0 sk=0 di=0 do=1 es=4 bitcnt=0
[eep] cs=0 sk=1 di=0 do=1 es=0 bitcnt=0
[eep] cs=0 sk=0 di=0 do=1 es=0 bitcnt=0
[eep] cs=0 sk=1 di=0 do=1 es=0 bitcnt=0
[eep] cs=1 sk=0 di=0 do=1 es=0 bitcnt=0
[eep] cs=1 sk=1 di=0 do=1 es=0 bitcnt=0
[eep] cs=0 sk=0 di=0 do=1 es=0 bitcnt=0
[eep] cs=0 sk=1 di=0 do=1 es=0 bitcnt=0
[eep] cs=1 sk=0 di=0 do=1 es=0 bitcnt=0
[eep] cs=1 sk=1 di=0 do=1 es=0 bitcnt=0
[eep] cs=1 sk=0 di=1 do=1 es=0 bitcnt=0
[eep] cs=1 sk=1 di=1 do=1 es=0 bitcnt=0
[eep] cs=1 sk=0 di=0 do=1 es=1 bitcnt=0
[eep] cs=1 sk=1 di=0 do=1 es=1 bitcnt=0
[eep] cs=1 sk=0 di=1 do=1 es=1 bitcnt=1
[eep] cs=1 sk=1 di=1 do=1 es=1 bitcnt=1
[eep] cs=1 sk=0 di=0 do=1 es=1 bitcnt=2
[eep] cs=1 sk=1 di=0 do=1 es=1 bitcnt=2
[eep] cs=1 sk=0 di=0 do=1 es=1 bitcnt=3
[eep] cs=1 sk=1 di=0 do=1 es=1 bitcnt=3
[eep] cs=1 sk=0 di=0 do=1 es=1 bitcnt=4
[eep] cs=1 sk=1 di=0 do=1 es=1 bitcnt=4
[eep] cs=1 sk=0 di=0 do=1 es=1 bitcnt=5
[eep] cs=1 sk=1 di=0 do=1 es=1 bitcnt=5
[eep] cs=1 sk=0 di=0 do=1 es=1 bitcnt=6
[eep] cs=1 sk=1 di=0 do=1 es=1 bitcnt=6
[eep] cs=1 sk=0 di=1 do=1 es=1 bitcnt=7
[eep] cs=1 sk=1 di=1 do=1 es=1 bitcnt=7
[eep] cs=1 sk=0 di=0 do=1 es=3 bitcnt=0
[eep] cs=1 sk=1 di=0 do=1 es=3 bitcnt=0
[eep] cs=1 sk=0 di=1 do=1 es=3 bitcnt=1
[eep] cs=1 sk=1 di=1 do=1 es=3 bitcnt=1
[eep] cs=1 sk=0 di=0 do=1 es=3 bitcnt=2
[eep] cs=1 sk=1 di=0 do=1 es=3 bitcnt=2
[eep] cs=1 sk=0 di=0 do=1 es=3 bitcnt=3
[eep] cs=1 sk=1 di=0 do=1 es=3 bitcnt=3
[eep] cs=1 sk=0 di=0 do=1 es=3 bitcnt=4
[eep] cs=1 sk=1 di=0 do=1 es=3 bitcnt=4
[eep] cs=1 sk=0 di=0 do=1 es=3 bitcnt=5
[eep] cs=1 sk=1 di=0 do=1 es=3 bitcnt=5
[eep] cs=1 sk=0 di=0 do=1 es=3 bitcnt=6
[eep] cs=1 sk=1 di=0 do=1 es=3 bitcnt=6
[eep] cs=1 sk=0 di=1 do=1 es=3 bitcnt=7
[eep] cs=1 sk=1 di=1 do=1 es=3 bitcnt=7
[eep] cs=1 sk=0 di=0 do=1 es=3 bitcnt=8
[eep] cs=1 sk=1 di=0 do=1 es=3 bitcnt=8
[eep] cs=1 sk=0 di=1 do=1 es=3 bitcnt=9
[eep] cs=1 sk=1 di=1 do=1 es=3 bitcnt=9
[eep] cs=1 sk=0 di=0 do=1 es=3 bitcnt=10
[eep] cs=1 sk=1 di=0 do=1 es=3 bitcnt=10
[eep] cs=1 sk=0 di=0 do=1 es=3 bitcnt=11
[eep] cs=1 sk=1 di=0 do=1 es=3 bitcnt=11
[eep] cs=1 sk=0 di=0 do=1 es=3 bitcnt=12
[eep] cs=1 sk=1 di=0 do=1 es=3 bitcnt=12
[eep] cs=1 sk=0 di=1 do=1 es=3 bitcnt=13
[eep] cs=1 sk=1 di=1 do=1 es=3 bitcnt=13
[eep] cs=1 sk=0 di=1 do=1 es=3 bitcnt=14
[eep] cs=1 sk=1 di=1 do=1 es=3 bitcnt=14
[eep] cs=1 sk=0 di=1 do=1 es=3 bitcnt=15
[eep] cs=1 sk=1 di=1 do=1 es=3 bitcnt=15
[eep] cs=0 sk=0 di=0 do=1 es=4 bitcnt=0
[eep] cs=0 sk=1 di=0 do=1 es=0 bitcnt=0
[eep] cs=0 sk=0 di=0 do=1 es=0 bitcnt=0
[eep] cs=0 sk=1 di=0 do=1 es=0 bitcnt=0
[eep] cs=1 sk=0 di=0 do=1 es=0 bitcnt=0
[eep] cs=1 sk=1 di=0 do=1 es=0 bitcnt=0
[eep] cs=0 sk=0 di=0 do=1 es=0 bitcnt=0
[eep] cs=0 sk=1 di=0 do=1 es=0 bitcnt=0
[eep] cs=1 sk=0 di=0 do=1 es=0 bitcnt=0
[eep] cs=1 sk=1 di=0 do=1 es=0 bitcnt=0
[eep] cs=1 sk=0 di=1 do=1 es=0 bitcnt=0
[eep] cs=1 sk=1 di=1 do=1 es=0 bitcnt=0
[eep] cs=1 sk=0 di=0 do=1 es=1 bitcnt=0
[eep] cs=1 sk=1 di=0 do=1 es=1 bitcnt=0
[eep] cs=1 sk=0 di=1 do=1 es=1 bitcnt=1
[eep] cs=1 sk=1 di=1 do=1 es=1 bitcnt=1
[eep] cs=1 sk=0 di=0 do=1 es=1 bitcnt=2
[eep] cs=1 sk=1 di=0 do=1 es=1 bitcnt=2
[eep] cs=1 sk=0 di=0 do=1 es=1 bitcnt=3
[eep] cs=1 sk=1 di=0 do=1 es=1 bitcnt=3
[eep] cs=1 sk=0 di=0 do=1 es=1 bitcnt=4
[eep] cs=1 sk=1 di=0 do=1 es=1 bitcnt=4
[eep] cs=1 sk=0 di=0 do=1 es=1 bitcnt=5
[eep] cs=1 sk=1 di=0 do=1 es=1 bitcnt=5
[eep] cs=1 sk=0 di=1 do=1 es=1 bitcnt=6
[eep] cs=1 sk=1 di=1 do=1 es=1 bitcnt=6
[eep] cs=1 sk=0 di=0 do=1 es=1 bitcnt=7
[eep] cs=1 sk=1 di=0 do=1 es=1 bitcnt=7
[eep] cs=1 sk=0 di=1 do=1 es=3 bitcnt=0
[eep] cs=1 sk=1 di=1 do=1 es=3 bitcnt=0
[eep] cs=1 sk=0 di=0 do=1 es=3 bitcnt=1
[eep] cs=1 sk=1 di=0 do=1 es=3 bitcnt=1
[eep] cs=1 sk=0 di=0 do=1 es=3 bitcnt=2
[eep] cs=1 sk=1 di=0 do=1 es=3 bitcnt=2
[eep] cs=1 sk=0 di=0 do=1 es=3 bitcnt=3
[eep] cs=1 sk=1 di=0 do=1 es=3 bitcnt=3
[eep] cs=1 sk=0 di=0 do=1 es=3 bitcnt=4
[eep] cs=1 sk=1 di=0 do=1 es=3 bitcnt=4
[eep] cs=1 sk=0 di=0 do=1 es=3 bitcnt=5
[eep] cs=1 sk=1 di=0 do=1 es=3 bitcnt=5
[eep] cs=1 sk=0 di=1 do=1 es=3 bitcnt=6
[eep] cs=1 sk=1 di=1 do=1 es=3 bitcnt=6
[eep] cs=1 sk=0 di=1 do=1 es=3 bitcnt=7
[eep] cs=1 sk=1 di=1 do=1 es=3 bitcnt=7
[eep] cs=1 sk=0 di=0 do=1 es=3 bitcnt=8
[eep] cs=1 sk=1 di=0 do=1 es=3 bitcnt=8
[eep] cs=1 sk=0 di=0 do=1 es=3 bitcnt=9
[eep] cs=1 sk=1 di=0 do=1 es=3 bitcnt=9
[eep] cs=1 sk=0 di=0 do=1 es=3 bitcnt=10
[eep] cs=1 sk=1 di=0 do=1 es=3 bitcnt=10
[eep] cs=1 sk=0 di=0 do=1 es=3 bitcnt=11
[eep] cs=1 sk=1 di=0 do=1 es=3 bitcnt=11
[eep] cs=1 sk=0 di=0 do=1 es=3 bitcnt=12
[eep] cs=1 sk=1 di=0 do=1 es=3 bitcnt=12
[eep] cs=1 sk=0 di=0 do=1 es=3 bitcnt=13
[eep] cs=1 sk=1 di=0 do=1 es=3 bitcnt=13
[eep] cs=1 sk=0 di=0 do=1 es=3 bitcnt=14
[eep] cs=1 sk=1 di=0 do=1 es=3 bitcnt=14
[eep] cs=1 sk=0 di=1 do=1 es=3 bitcnt=15
[eep] cs=1 sk=1 di=1 do=1 es=3 bitcnt=15
[eep] cs=0 sk=0 di=0 do=1 es=4 bitcnt=0
[eep] cs=0 sk=1 di=0 do=1 es=0 bitcnt=0
[eep] cs=0 sk=0 di=0 do=1 es=0 bitcnt=0
[eep] cs=0 sk=1 di=0 do=1 es=0 bitcnt=0
[eep] cs=1 sk=0 di=0 do=1 es=0 bitcnt=0
[eep] cs=1 sk=1 di=0 do=1 es=0 bitcnt=0
[eep] cs=0 sk=0 di=0 do=1 es=0 bitcnt=0
[eep] cs=0 sk=1 di=0 do=1 es=0 bitcnt=0
[eep] cs=1 sk=0 di=0 do=1 es=0 bitcnt=0
[eep] cs=1 sk=1 di=0 do=1 es=0 bitcnt=0
[eep] cs=1 sk=0 di=1 do=1 es=0 bitcnt=0
[eep] cs=1 sk=1 di=1 do=1 es=0 bitcnt=0
[eep] cs=1 sk=0 di=0 do=1 es=1 bitcnt=0
[eep] cs=1 sk=1 di=0 do=1 es=1 bitcnt=0
[eep] cs=1 sk=0 di=1 do=1 es=1 bitcnt=1
[eep] cs=1 sk=1 di=1 do=1 es=1 bitcnt=1
[eep] cs=1 sk=0 di=0 do=1 es=1 bitcnt=2
[eep] cs=1 sk=1 di=0 do=1 es=1 bitcnt=2
[eep] cs=1 sk=0 di=0 do=1 es=1 bitcnt=3
[eep] cs=1 sk=1 di=0 do=1 es=1 bitcnt=3
[eep] cs=1 sk=0 di=0 do=1 es=1 bitcnt=4
[eep] cs=1 sk=1 di=0 do=1 es=1 bitcnt=4
[eep] cs=1 sk=0 di=0 do=1 es=1 bitcnt=5
[eep] cs=1 sk=1 di=0 do=1 es=1 bitcnt=5
[eep] cs=1 sk=0 di=1 do=1 es=1 bitcnt=6
[eep] cs=1 sk=1 di=1 do=1 es=1 bitcnt=6
[eep] cs=1 sk=0 di=1 do=1 es=1 bitcnt=7
[eep] cs=1 sk=1 di=1 do=1 es=1 bitcnt=7
[eep] cs=1 sk=0 di=0 do=1 es=3 bitcnt=0
[eep] cs=1 sk=1 di=0 do=1 es=3 bitcnt=0
[eep] cs=1 sk=0 di=0 do=1 es=3 bitcnt=1
[eep] cs=1 sk=1 di=0 do=1 es=3 bitcnt=1
[eep] cs=1 sk=0 di=0 do=1 es=3 bitcnt=2
[eep] cs=1 sk=1 di=0 do=1 es=3 bitcnt=2
[eep] cs=1 sk=0 di=0 do=1 es=3 bitcnt=3
[eep] cs=1 sk=1 di=0 do=1 es=3 bitcnt=3
[eep] cs=1 sk=0 di=0 do=1 es=3 bitcnt=4
[eep] cs=1 sk=1 di=0 do=1 es=3 bitcnt=4
[eep] cs=1 sk=0 di=0 do=1 es=3 bitcnt=5
[eep] cs=1 sk=1 di=0 do=1 es=3 bitcnt=5
[eep] cs=1 sk=0 di=0 do=1 es=3 bitcnt=6
[eep] cs=1 sk=1 di=0 do=1 es=3 bitcnt=6
[eep] cs=1 sk=0 di=0 do=1 es=3 bitcnt=7
[eep] cs=1 sk=1 di=0 do=1 es=3 bitcnt=7
[eep] cs=1 sk=0 di=0 do=1 es=3 bitcnt=8
[eep] cs=1 sk=1 di=0 do=1 es=3 bitcnt=8
[eep] cs=1 sk=0 di=0 do=1 es=3 bitcnt=9
[eep] cs=1 sk=1 di=0 do=1 es=3 bitcnt=9
[eep] cs=1 sk=0 di=0 do=1 es=3 bitcnt=10
[eep] cs=1 sk=1 di=0 do=1 es=3 bitcnt=10
[eep] cs=1 sk=0 di=0 do=1 es=3 bitcnt=11
[eep] cs=1 sk=1 di=0 do=1 es=3 bitcnt=11
[eep] cs=1 sk=0 di=0 do=1 es=3 bitcnt=12
[eep] cs=1 sk=1 di=0 do=1 es=3 bitcnt=12
[eep] cs=1 sk=0 di=0 do=1 es=3 bitcnt=13
[eep] cs=1 sk=1 di=0 do=1 es=3 bitcnt=13
[eep] cs=1 sk=0 di=0 do=1 es=3 bitcnt=14
[eep] cs=1 sk=1 di=0 do=1 es=3 bitcnt=14
[eep] cs=1 sk=0 di=1 do=1 es=3 bitcnt=15
[eep] cs=1 sk=1 di=1 do=1 es=3 bitcnt=15
[eep] cs=0 sk=0 di=0 do=1 es=4 bitcnt=0
[eep] cs=0 sk=1 di=0 do=1 es=0 bitcnt=0
[eep] cs=0 sk=0 di=0 do=1 es=0 bitcnt=0
[eep] cs=0 sk=1 di=0 do=1 es=0 bitcnt=0
[eep] cs=1 sk=0 di=0 do=1 es=0 bitcnt=0
[eep] cs=1 sk=1 di=0 do=1 es=0 bitcnt=0
[eep] cs=0 sk=0 di=0 do=1 es=0 bitcnt=0
[eep] cs=0 sk=1 di=0 do=1 es=0 bitcnt=0
[eep] cs=1 sk=0 di=0 do=1 es=0 bitcnt=0
[eep] cs=1 sk=1 di=0 do=1 es=0 bitcnt=0
[eep] cs=1 sk=0 di=1 do=1 es=0 bitcnt=0
[eep] cs=1 sk=1 di=1 do=1 es=0 bitcnt=0
[eep] cs=1 sk=0 di=0 do=1 es=1 bitcnt=0
[eep] cs=1 sk=1 di=0 do=1 es=1 bitcnt=0
[eep] cs=1 sk=0 di=1 do=1 es=1 bitcnt=1
[eep] cs=1 sk=1 di=1 do=1 es=1 bitcnt=1
[eep] cs=1 sk=0 di=0 do=1 es=1 bitcnt=2
[eep] cs=1 sk=1 di=0 do=1 es=1 bitcnt=2
[eep] cs=1 sk=0 di=0 do=1 es=1 bitcnt=3
[eep] cs=1 sk=1 di=0 do=1 es=1 bitcnt=3
[eep] cs=1 sk=0 di=0 do=1 es=1 bitcnt=4
[eep] cs=1 sk=1 di=0 do=1 es=1 bitcnt=4
[eep] cs=1 sk=0 di=1 do=1 es=1 bitcnt=5
[eep] cs=1 sk=1 di=1 do=1 es=1 bitcnt=5
[eep] cs=1 sk=0 di=0 do=1 es=1 bitcnt=6
[eep] cs=1 sk=1 di=0 do=1 es=1 bitcnt=6
[eep] cs=1 sk=0 di=0 do=1 es=1 bitcnt=7
[eep] cs=1 sk=1 di=0 do=1 es=1 bitcnt=7
[eep] cs=1 sk=0 di=1 do=1 es=3 bitcnt=0
[eep] cs=1 sk=1 di=1 do=1 es=3 bitcnt=0
[eep] cs=1 sk=0 di=0 do=1 es=3 bitcnt=1
[eep] cs=1 sk=1 di=0 do=1 es=3 bitcnt=1
[eep] cs=1 sk=0 di=1 do=1 es=3 bitcnt=2
[eep] cs=1 sk=1 di=1 do=1 es=3 bitcnt=2
[eep] cs=1 sk=0 di=1 do=1 es=3 bitcnt=3
[eep] cs=1 sk=1 di=1 do=1 es=3 bitcnt=3
[eep] cs=1 sk=0 di=0 do=1 es=3 bitcnt=4
[eep] cs=1 sk=1 di=0 do=1 es=3 bitcnt=4
[eep] cs=1 sk=0 di=1 do=1 es=3 bitcnt=5
[eep] cs=1 sk=1 di=1 do=1 es=3 bitcnt=5
[eep] cs=1 sk=0 di=1 do=1 es=3 bitcnt=6
[eep] cs=1 sk=1 di=1 do=1 es=3 bitcnt=6
[eep] cs=1 sk=0 di=1 do=1 es=3 bitcnt=7
[eep] cs=1 sk=1 di=1 do=1 es=3 bitcnt=7
[eep] cs=1 sk=0 di=0 do=1 es=3 bitcnt=8
[eep] cs=1 sk=1 di=0 do=1 es=3 bitcnt=8
[eep] cs=1 sk=0 di=1 do=1 es=3 bitcnt=9
[eep] cs=1 sk=1 di=1 do=1 es=3 bitcnt=9
[eep] cs=1 sk=0 di=1 do=1 es=3 bitcnt=10
[eep] cs=1 sk=1 di=1 do=1 es=3 bitcnt=10
[eep] cs=1 sk=0 di=1 do=1 es=3 bitcnt=11
[eep] cs=1 sk=1 di=1 do=1 es=3 bitcnt=11
[eep] cs=1 sk=0 di=0 do=1 es=3 bitcnt=12
[eep] cs=1 sk=1 di=0 do=1 es=3 bitcnt=12
[eep] cs=1 sk=0 di=1 do=1 es=3 bitcnt=13
[eep] cs=1 sk=1 di=1 do=1 es=3 bitcnt=13
[eep] cs=1 sk=0 di=1 do=1 es=3 bitcnt=14
[eep] cs=1 sk=1 di=1 do=1 es=3 bitcnt=14
[eep] cs=1 sk=0 di=0 do=1 es=3 bitcnt=15
[eep] cs=1 sk=1 di=0 do=1 es=3 bitcnt=15
[eep] cs=0 sk=0 di=0 do=1 es=4 bitcnt=0
[eep] cs=0 sk=1 di=0 do=1 es=0 bitcnt=0
[eep] cs=0 sk=0 di=0 do=1 es=0 bitcnt=0
[eep] cs=0 sk=1 di=0 do=1 es=0 bitcnt=0
[eep] cs=1 sk=0 di=0 do=1 es=0 bitcnt=0
[eep] cs=1 sk=1 di=0 do=1 es=0 bitcnt=0
[eep] cs=0 sk=0 di=0 do=1 es=0 bitcnt=0
[eep] cs=0 sk=1 di=0 do=1 es=0 bitcnt=0
[eep] cs=1 sk=0 di=0 do=1 es=0 bitcnt=0
[eep] cs=1 sk=1 di=0 do=1 es=0 bitcnt=0
[eep] cs=1 sk=0 di=1 do=1 es=0 bitcnt=0
[eep] cs=1 sk=1 di=1 do=1 es=0 bitcnt=0
[eep] cs=1 sk=0 di=0 do=1 es=1 bitcnt=0
[eep] cs=1 sk=1 di=0 do=1 es=1 bitcnt=0
[eep] cs=1 sk=0 di=1 do=1 es=1 bitcnt=1
[eep] cs=1 sk=1 di=1 do=1 es=1 bitcnt=1
[eep] cs=1 sk=0 di=0 do=1 es=1 bitcnt=2
[eep] cs=1 sk=1 di=0 do=1 es=1 bitcnt=2
[eep] cs=1 sk=0 di=0 do=1 es=1 bitcnt=3
[eep] cs=1 sk=1 di=0 do=1 es=1 bitcnt=3
[eep] cs=1 sk=0 di=0 do=1 es=1 bitcnt=4
[eep] cs=1 sk=1 di=0 do=1 es=1 bitcnt=4
[eep] cs=1 sk=0 di=1 do=1 es=1 bitcnt=5
[eep] cs=1 sk=1 di=1 do=1 es=1 bitcnt=5
[eep] cs=1 sk=0 di=0 do=1 es=1 bitcnt=6
[eep] cs=1 sk=1 di=0 do=1 es=1 bitcnt=6
[eep] cs=1 sk=0 di=1 do=1 es=1 bitcnt=7
[eep] cs=1 sk=1 di=1 do=1 es=1 bitcnt=7
[eep] cs=1 sk=0 di=0 do=1 es=3 bitcnt=0
[eep] cs=1 sk=1 di=0 do=1 es=3 bitcnt=0
[eep] cs=1 sk=0 di=0 do=1 es=3 bitcnt=1
[eep] cs=1 sk=1 di=0 do=1 es=3 bitcnt=1
[eep] cs=1 sk=0 di=0 do=1 es=3 bitcnt=2
[eep] cs=1 sk=1 di=0 do=1 es=3 bitcnt=2
[eep] cs=1 sk=0 di=0 do=1 es=3 bitcnt=3
[eep] cs=1 sk=1 di=0 do=1 es=3 bitcnt=3
[eep] cs=1 sk=0 di=0 do=1 es=3 bitcnt=4
[eep] cs=1 sk=1 di=0 do=1 es=3 bitcnt=4
[eep] cs=1 sk=0 di=0 do=1 es=3 bitcnt=5
[eep] cs=1 sk=1 di=0 do=1 es=3 bitcnt=5
[eep] cs=1 sk=0 di=0 do=1 es=3 bitcnt=6
[eep] cs=1 sk=1 di=0 do=1 es=3 bitcnt=6
[eep] cs=1 sk=0 di=0 do=1 es=3 bitcnt=7
[eep] cs=1 sk=1 di=0 do=1 es=3 bitcnt=7
[eep] cs=1 sk=0 di=0 do=1 es=3 bitcnt=8
[eep] cs=1 sk=1 di=0 do=1 es=3 bitcnt=8
[eep] cs=1 sk=0 di=0 do=1 es=3 bitcnt=9
[eep] cs=1 sk=1 di=0 do=1 es=3 bitcnt=9
[eep] cs=1 sk=0 di=0 do=1 es=3 bitcnt=10
[eep] cs=1 sk=1 di=0 do=1 es=3 bitcnt=10
[eep] cs=1 sk=0 di=0 do=1 es=3 bitcnt=11
[eep] cs=1 sk=1 di=0 do=1 es=3 bitcnt=11
[eep] cs=1 sk=0 di=0 do=1 es=3 bitcnt=12
[eep] cs=1 sk=1 di=0 do=1 es=3 bitcnt=12
[eep] cs=1 sk=0 di=0 do=1 es=3 bitcnt=13
[eep] cs=1 sk=1 di=0 do=1 es=3 bitcnt=13
[eep] cs=1 sk=0 di=0 do=1 es=3 bitcnt=14
[eep] cs=1 sk=1 di=0 do=1 es=3 bitcnt=14
[eep] cs=1 sk=0 di=0 do=1 es=3 bitcnt=15
[eep] cs=1 sk=1 di=0 do=1 es=3 bitcnt=15
[eep] cs=0 sk=0 di=0 do=1 es=4 bitcnt=0
[eep] cs=0 sk=1 di=0 do=1 es=0 bitcnt=0
[eep] cs=0 sk=0 di=0 do=1 es=0 bitcnt=0
[eep] cs=0 sk=1 di=0 do=1 es=0 bitcnt=0
[eep] cs=1 sk=0 di=0 do=1 es=0 bitcnt=0
[eep] cs=1 sk=1 di=0 do=1 es=0 bitcnt=0
[eep] cs=0 sk=0 di=0 do=1 es=0 bitcnt=0
[eep] cs=0 sk=1 di=0 do=1 es=0 bitcnt=0
[eep] cs=1 sk=0 di=0 do=1 es=0 bitcnt=0
[eep] cs=1 sk=1 di=0 do=1 es=0 bitcnt=0
[eep] cs=1 sk=0 di=1 do=1 es=0 bitcnt=0
[eep] cs=1 sk=1 di=1 do=1 es=0 bitcnt=0
[eep] cs=1 sk=0 di=0 do=1 es=1 bitcnt=0
[eep] cs=1 sk=1 di=0 do=1 es=1 bitcnt=0
[eep] cs=1 sk=0 di=1 do=1 es=1 bitcnt=1
[eep] cs=1 sk=1 di=1 do=1 es=1 bitcnt=1
[eep] cs=1 sk=0 di=0 do=1 es=1 bitcnt=2
[eep] cs=1 sk=1 di=0 do=1 es=1 bitcnt=2
[eep] cs=1 sk=0 di=0 do=1 es=1 bitcnt=3
[eep] cs=1 sk=1 di=0 do=1 es=1 bitcnt=3
[eep] cs=1 sk=0 di=0 do=1 es=1 bitcnt=4
[eep] cs=1 sk=1 di=0 do=1 es=1 bitcnt=4
[eep] cs=1 sk=0 di=1 do=1 es=1 bitcnt=5
[eep] cs=1 sk=1 di=1 do=1 es=1 bitcnt=5
[eep] cs=1 sk=0 di=1 do=1 es=1 bitcnt=6
[eep] cs=1 sk=1 di=1 do=1 es=1 bitcnt=6
[eep] cs=1 sk=0 di=0 do=1 es=1 bitcnt=7
[eep] cs=1 sk=1 di=0 do=1 es=1 bitcnt=7
[eep] cs=1 sk=0 di=0 do=1 es=3 bitcnt=0
[eep] cs=1 sk=1 di=0 do=1 es=3 bitcnt=0
[eep] cs=1 sk=0 di=0 do=1 es=3 bitcnt=1
[eep] cs=1 sk=1 di=0 do=1 es=3 bitcnt=1
[eep] cs=1 sk=0 di=0 do=1 es=3 bitcnt=2
[eep] cs=1 sk=1 di=0 do=1 es=3 bitcnt=2
[eep] cs=1 sk=0 di=0 do=1 es=3 bitcnt=3
[eep] cs=1 sk=1 di=0 do=1 es=3 bitcnt=3
[eep] cs=1 sk=0 di=0 do=1 es=3 bitcnt=4
[eep] cs=1 sk=1 di=0 do=1 es=3 bitcnt=4
[eep] cs=1 sk=0 di=0 do=1 es=3 bitcnt=5
[eep] cs=1 sk=1 di=0 do=1 es=3 bitcnt=5
[eep] cs=1 sk=0 di=0 do=1 es=3 bitcnt=6
[eep] cs=1 sk=1 di=0 do=1 es=3 bitcnt=6
[eep] cs=1 sk=0 di=0 do=1 es=3 bitcnt=7
[eep] cs=1 sk=1 di=0 do=1 es=3 bitcnt=7
[eep] cs=1 sk=0 di=0 do=1 es=3 bitcnt=8
[eep] cs=1 sk=1 di=0 do=1 es=3 bitcnt=8
[eep] cs=1 sk=0 di=0 do=1 es=3 bitcnt=9
[eep] cs=1 sk=1 di=0 do=1 es=3 bitcnt=9
[eep] cs=1 sk=0 di=0 do=1 es=3 bitcnt=10
[eep] cs=1 sk=1 di=0 do=1 es=3 bitcnt=10
[eep] cs=1 sk=0 di=0 do=1 es=3 bitcnt=11
[eep] cs=1 sk=1 di=0 do=1 es=3 bitcnt=11
[eep] cs=1 sk=0 di=0 do=1 es=3 bitcnt=12
[eep] cs=1 sk=1 di=0 do=1 es=3 bitcnt=12
[eep] cs=1 sk=0 di=0 do=1 es=3 bitcnt=13
[eep] cs=1 sk=1 di=0 do=1 es=3 bitcnt=13
[eep] cs=1 sk=0 di=0 do=1 es=3 bitcnt=14
[eep] cs=1 sk=1 di=0 do=1 es=3 bitcnt=14
[eep] cs=1 sk=0 di=0 do=1 es=3 bitcnt=15
[eep] cs=1 sk=1 di=0 do=1 es=3 bitcnt=15
[eep] cs=0 sk=0 di=0 do=1 es=4 bitcnt=0
[eep] cs=0 sk=1 di=0 do=1 es=0 bitcnt=0
[eep] cs=0 sk=0 di=0 do=1 es=0 bitcnt=0
[eep] cs=0 sk=1 di=0 do=1 es=0 bitcnt=0
[eep] cs=1 sk=0 di=0 do=1 es=0 bitcnt=0
[eep] cs=1 sk=1 di=0 do=1 es=0 bitcnt=0
[eep] cs=0 sk=0 di=0 do=1 es=0 bitcnt=0
[eep] cs=0 sk=1 di=0 do=1 es=0 bitcnt=0
[eep] cs=1 sk=0 di=0 do=1 es=0 bitcnt=0
[eep] cs=1 sk=1 di=0 do=1 es=0 bitcnt=0
[eep] cs=1 sk=0 di=1 do=1 es=0 bitcnt=0
[eep] cs=1 sk=1 di=1 do=1 es=0 bitcnt=0
[eep] cs=1 sk=0 di=0 do=1 es=1 bitcnt=0
[eep] cs=1 sk=1 di=0 do=1 es=1 bitcnt=0
[eep] cs=1 sk=0 di=1 do=1 es=1 bitcnt=1
[eep] cs=1 sk=1 di=1 do=1 es=1 bitcnt=1
[eep] cs=1 sk=0 di=0 do=1 es=1 bitcnt=2
[eep] cs=1 sk=1 di=0 do=1 es=1 bitcnt=2
[eep] cs=1 sk=0 di=0 do=1 es=1 bitcnt=3
[eep] cs=1 sk=1 di=0 do=1 es=1 bitcnt=3
[eep] cs=1 sk=0 di=0 do=1 es=1 bitcnt=4
[eep] cs=1 sk=1 di=0 do=1 es=1 bitcnt=4
[eep] cs=1 sk=0 di=1 do=1 es=1 bitcnt=5
[eep] cs=1 sk=1 di=1 do=1 es=1 bitcnt=5
[eep] cs=1 sk=0 di=1 do=1 es=1 bitcnt=6
[eep] cs=1 sk=1 di=1 do=1 es=1 bitcnt=6
[eep] cs=1 sk=0 di=1 do=1 es=1 bitcnt=7
[eep] cs=1 sk=1 di=1 do=1 es=1 bitcnt=7
[eep] cs=1 sk=0 di=0 do=1 es=3 bitcnt=0
[eep] cs=1 sk=1 di=0 do=1 es=3 bitcnt=0
[eep] cs=1 sk=0 di=0 do=1 es=3 bitcnt=1
[eep] cs=1 sk=1 di=0 do=1 es=3 bitcnt=1
[eep] cs=1 sk=0 di=0 do=1 es=3 bitcnt=2
[eep] cs=1 sk=1 di=0 do=1 es=3 bitcnt=2
[eep] cs=1 sk=0 di=0 do=1 es=3 bitcnt=3
[eep] cs=1 sk=1 di=0 do=1 es=3 bitcnt=3
[eep] cs=1 sk=0 di=0 do=1 es=3 bitcnt=4
[eep] cs=1 sk=1 di=0 do=1 es=3 bitcnt=4
[eep] cs=1 sk=0 di=0 do=1 es=3 bitcnt=5
[eep] cs=1 sk=1 di=0 do=1 es=3 bitcnt=5
[eep] cs=1 sk=0 di=0 do=1 es=3 bitcnt=6
[eep] cs=1 sk=1 di=0 do=1 es=3 bitcnt=6
[eep] cs=1 sk=0 di=0 do=1 es=3 bitcnt=7
[eep] cs=1 sk=1 di=0 do=1 es=3 bitcnt=7
[eep] cs=1 sk=0 di=0 do=1 es=3 bitcnt=8
[eep] cs=1 sk=1 di=0 do=1 es=3 bitcnt=8
[eep] cs=1 sk=0 di=0 do=1 es=3 bitcnt=9
[eep] cs=1 sk=1 di=0 do=1 es=3 bitcnt=9
[eep] cs=1 sk=0 di=0 do=1 es=3 bitcnt=10
[eep] cs=1 sk=1 di=0 do=1 es=3 bitcnt=10
[eep] cs=1 sk=0 di=0 do=1 es=3 bitcnt=11
[eep] cs=1 sk=1 di=0 do=1 es=3 bitcnt=11
[eep] cs=1 sk=0 di=0 do=1 es=3 bitcnt=12
[eep] cs=1 sk=1 di=0 do=1 es=3 bitcnt=12
[eep] cs=1 sk=0 di=0 do=1 es=3 bitcnt=13
[eep] cs=1 sk=1 di=0 do=1 es=3 bitcnt=13
[eep] cs=1 sk=0 di=0 do=1 es=3 bitcnt=14
[eep] cs=1 sk=1 di=0 do=1 es=3 bitcnt=14
[eep] cs=1 sk=0 di=0 do=1 es=3 bitcnt=15
[eep] cs=1 sk=1 di=0 do=1 es=3 bitcnt=15
[eep] cs=0 sk=0 di=0 do=1 es=4 bitcnt=0
[eep] cs=0 sk=1 di=0 do=1 es=0 bitcnt=0
[eep] cs=0 sk=0 di=0 do=1 es=0 bitcnt=0
[eep] cs=0 sk=1 di=0 do=1 es=0 bitcnt=0
[eep] cs=1 sk=0 di=0 do=1 es=0 bitcnt=0
[eep] cs=1 sk=1 di=0 do=1 es=0 bitcnt=0
[eep] cs=0 sk=0 di=0 do=1 es=0 bitcnt=0
[eep] cs=0 sk=1 di=0 do=1 es=0 bitcnt=0
[eep] cs=1 sk=0 di=0 do=1 es=0 bitcnt=0
[eep] cs=1 sk=1 di=0 do=1 es=0 bitcnt=0
[eep] cs=1 sk=0 di=1 do=1 es=0 bitcnt=0
[eep] cs=1 sk=1 di=1 do=1 es=0 bitcnt=0
[eep] cs=1 sk=0 di=0 do=1 es=1 bitcnt=0
[eep] cs=1 sk=1 di=0 do=1 es=1 bitcnt=0
[eep] cs=1 sk=0 di=1 do=1 es=1 bitcnt=1
[eep] cs=1 sk=1 di=1 do=1 es=1 bitcnt=1
[eep] cs=1 sk=0 di=0 do=1 es=1 bitcnt=2
[eep] cs=1 sk=1 di=0 do=1 es=1 bitcnt=2
[eep] cs=1 sk=0 di=0 do=1 es=1 bitcnt=3
[eep] cs=1 sk=1 di=0 do=1 es=1 bitcnt=3
[eep] cs=1 sk=0 di=1 do=1 es=1 bitcnt=4
[eep] cs=1 sk=1 di=1 do=1 es=1 bitcnt=4
[eep] cs=1 sk=0 di=0 do=1 es=1 bitcnt=5
[eep] cs=1 sk=1 di=0 do=1 es=1 bitcnt=5
[eep] cs=1 sk=0 di=0 do=1 es=1 bitcnt=6
[eep] cs=1 sk=1 di=0 do=1 es=1 bitcnt=6
[eep] cs=1 sk=0 di=0 do=1 es=1 bitcnt=7
[eep] cs=1 sk=1 di=0 do=1 es=1 bitcnt=7
[eep] cs=1 sk=0 di=0 do=1 es=3 bitcnt=0
[eep] cs=1 sk=1 di=0 do=1 es=3 bitcnt=0
[eep] cs=1 sk=0 di=0 do=1 es=3 bitcnt=1
[eep] cs=1 sk=1 di=0 do=1 es=3 bitcnt=1
[eep] cs=1 sk=0 di=0 do=1 es=3 bitcnt=2
[eep] cs=1 sk=1 di=0 do=1 es=3 bitcnt=2
[eep] cs=1 sk=0 di=0 do=1 es=3 bitcnt=3
[eep] cs=1 sk=1 di=0 do=1 es=3 bitcnt=3
[eep] cs=1 sk=0 di=0 do=1 es=3 bitcnt=4
[eep] cs=1 sk=1 di=0 do=1 es=3 bitcnt=4
[eep] cs=1 sk=0 di=0 do=1 es=3 bitcnt=5
[eep] cs=1 sk=1 di=0 do=1 es=3 bitcnt=5
[eep] cs=1 sk=0 di=0 do=1 es=3 bitcnt=6
[eep] cs=1 sk=1 di=0 do=1 es=3 bitcnt=6
[eep] cs=1 sk=0 di=1 do=1 es=3 bitcnt=7
[eep] cs=1 sk=1 di=1 do=1 es=3 bitcnt=7
[eep] cs=1 sk=0 di=0 do=1 es=3 bitcnt=8
[eep] cs=1 sk=1 di=0 do=1 es=3 bitcnt=8
[eep] cs=1 sk=0 di=0 do=1 es=3 bitcnt=9
[eep] cs=1 sk=1 di=0 do=1 es=3 bitcnt=9
[eep] cs=1 sk=0 di=0 do=1 es=3 bitcnt=10
[eep] cs=1 sk=1 di=0 do=1 es=3 bitcnt=10
[eep] cs=1 sk=0 di=0 do=1 es=3 bitcnt=11
[eep] cs=1 sk=1 di=0 do=1 es=3 bitcnt=11
[eep] cs=1 sk=0 di=0 do=1 es=3 bitcnt=12
[eep] cs=1 sk=1 di=0 do=1 es=3 bitcnt=12
[eep] cs=1 sk=0 di=0 do=1 es=3 bitcnt=13
[eep] cs=1 sk=1 di=0 do=1 es=3 bitcnt=13
[eep] cs=1 sk=0 di=0 do=1 es=3 bitcnt=14
[eep] cs=1 sk=1 di=0 do=1 es=3 bitcnt=14
[eep] cs=1 sk=0 di=0 do=1 es=3 bitcnt=15
[eep] cs=1 sk=1 di=0 do=1 es=3 bitcnt=15
[eep] cs=0 sk=0 di=0 do=1 es=4 bitcnt=0
[eep] cs=0 sk=1 di=0 do=1 es=0 bitcnt=0
[eep] cs=0 sk=0 di=0 do=1 es=0 bitcnt=0
[eep] cs=0 sk=1 di=0 do=1 es=0 bitcnt=0
[eep] cs=1 sk=0 di=0 do=1 es=0 bitcnt=0
[eep] cs=1 sk=1 di=0 do=1 es=0 bitcnt=0
[eep] cs=0 sk=0 di=0 do=1 es=0 bitcnt=0
[eep] cs=0 sk=1 di=0 do=1 es=0 bitcnt=0
[eep] cs=1 sk=0 di=0 do=1 es=0 bitcnt=0
[eep] cs=1 sk=1 di=0 do=1 es=0 bitcnt=0
[eep] cs=1 sk=0 di=1 do=1 es=0 bitcnt=0
[eep] cs=1 sk=1 di=1 do=1 es=0 bitcnt=0
[eep] cs=1 sk=0 di=0 do=1 es=1 bitcnt=0
[eep] cs=1 sk=1 di=0 do=1 es=1 bitcnt=0
[eep] cs=1 sk=0 di=1 do=1 es=1 bitcnt=1
[eep] cs=1 sk=1 di=1 do=1 es=1 bitcnt=1
[eep] cs=1 sk=0 di=0 do=1 es=1 bitcnt=2
[eep] cs=1 sk=1 di=0 do=1 es=1 bitcnt=2
[eep] cs=1 sk=0 di=0 do=1 es=1 bitcnt=3
[eep] cs=1 sk=1 di=0 do=1 es=1 bitcnt=3
[eep] cs=1 sk=0 di=1 do=1 es=1 bitcnt=4
[eep] cs=1 sk=1 di=1 do=1 es=1 bitcnt=4
[eep] cs=1 sk=0 di=0 do=1 es=1 bitcnt=5
[eep] cs=1 sk=1 di=0 do=1 es=1 bitcnt=5
[eep] cs=1 sk=0 di=0 do=1 es=1 bitcnt=6
[eep] cs=1 sk=1 di=0 do=1 es=1 bitcnt=6
[eep] cs=1 sk=0 di=1 do=1 es=1 bitcnt=7
[eep] cs=1 sk=1 di=1 do=1 es=1 bitcnt=7
[eep] cs=1 sk=0 di=0 do=1 es=3 bitcnt=0
[eep] cs=1 sk=1 di=0 do=1 es=3 bitcnt=0
[eep] cs=1 sk=0 di=0 do=1 es=3 bitcnt=1
[eep] cs=1 sk=1 di=0 do=1 es=3 bitcnt=1
[eep] cs=1 sk=0 di=0 do=1 es=3 bitcnt=2
[eep] cs=1 sk=1 di=0 do=1 es=3 bitcnt=2
[eep] cs=1 sk=0 di=0 do=1 es=3 bitcnt=3
[eep] cs=1 sk=1 di=0 do=1 es=3 bitcnt=3
[eep] cs=1 sk=0 di=0 do=1 es=3 bitcnt=4
[eep] cs=1 sk=1 di=0 do=1 es=3 bitcnt=4
[eep] cs=1 sk=0 di=0 do=1 es=3 bitcnt=5
[eep] cs=1 sk=1 di=0 do=1 es=3 bitcnt=5
[eep] cs=1 sk=0 di=0 do=1 es=3 bitcnt=6
[eep] cs=1 sk=1 di=0 do=1 es=3 bitcnt=6
[eep] cs=1 sk=0 di=1 do=1 es=3 bitcnt=7
[eep] cs=1 sk=1 di=1 do=1 es=3 bitcnt=7
[eep] cs=1 sk=0 di=0 do=1 es=3 bitcnt=8
[eep] cs=1 sk=1 di=0 do=1 es=3 bitcnt=8
[eep] cs=1 sk=0 di=0 do=1 es=3 bitcnt=9
[eep] cs=1 sk=1 di=0 do=1 es=3 bitcnt=9
[eep] cs=1 sk=0 di=0 do=1 es=3 bitcnt=10
[eep] cs=1 sk=1 di=0 do=1 es=3 bitcnt=10
[eep] cs=1 sk=0 di=0 do=1 es=3 bitcnt=11
[eep] cs=1 sk=1 di=0 do=1 es=3 bitcnt=11
[eep] cs=1 sk=0 di=0 do=1 es=3 bitcnt=12
[eep] cs=1 sk=1 di=0 do=1 es=3 bitcnt=12
[eep] cs=1 sk=0 di=0 do=1 es=3 bitcnt=13
[eep] cs=1 sk=1 di=0 do=1 es=3 bitcnt=13
[eep] cs=1 sk=0 di=0 do=1 es=3 bitcnt=14
[eep] cs=1 sk=1 di=0 do=1 es=3 bitcnt=14
[eep] cs=1 sk=0 di=1 do=1 es=3 bitcnt=15
[eep] cs=1 sk=1 di=1 do=1 es=3 bitcnt=15
[eep] cs=0 sk=0 di=0 do=1 es=4 bitcnt=0
[eep] cs=0 sk=1 di=0 do=1 es=0 bitcnt=0
[eep] cs=0 sk=0 di=0 do=1 es=0 bitcnt=0
[eep] cs=0 sk=1 di=0 do=1 es=0 bitcnt=0
[eep] cs=1 sk=0 di=0 do=1 es=0 bitcnt=0
[eep] cs=1 sk=1 di=0 do=1 es=0 bitcnt=0
[eep] cs=0 sk=0 di=0 do=1 es=0 bitcnt=0
[eep] cs=0 sk=1 di=0 do=1 es=0 bitcnt=0
[eep] cs=1 sk=0 di=0 do=1 es=0 bitcnt=0
[eep] cs=1 sk=1 di=0 do=1 es=0 bitcnt=0
[eep] cs=1 sk=0 di=1 do=1 es=0 bitcnt=0
[eep] cs=1 sk=1 di=1 do=1 es=0 bitcnt=0
[eep] cs=1 sk=0 di=0 do=1 es=1 bitcnt=0
[eep] cs=1 sk=1 di=0 do=1 es=1 bitcnt=0
[eep] cs=1 sk=0 di=1 do=1 es=1 bitcnt=1
[eep] cs=1 sk=1 di=1 do=1 es=1 bitcnt=1
[eep] cs=1 sk=0 di=0 do=1 es=1 bitcnt=2
[eep] cs=1 sk=1 di=0 do=1 es=1 bitcnt=2
[eep] cs=1 sk=0 di=0 do=1 es=1 bitcnt=3
[eep] cs=1 sk=1 di=0 do=1 es=1 bitcnt=3
[eep] cs=1 sk=0 di=1 do=1 es=1 bitcnt=4
[eep] cs=1 sk=1 di=1 do=1 es=1 bitcnt=4
[eep] cs=1 sk=0 di=0 do=1 es=1 bitcnt=5
[eep] cs=1 sk=1 di=0 do=1 es=1 bitcnt=5
[eep] cs=1 sk=0 di=1 do=1 es=1 bitcnt=6
[eep] cs=1 sk=1 di=1 do=1 es=1 bitcnt=6
[eep] cs=1 sk=0 di=0 do=1 es=1 bitcnt=7
[eep] cs=1 sk=1 di=0 do=1 es=1 bitcnt=7
[eep] cs=1 sk=0 di=0 do=1 es=3 bitcnt=0
[eep] cs=1 sk=1 di=0 do=1 es=3 bitcnt=0
[eep] cs=1 sk=0 di=0 do=1 es=3 bitcnt=1
[eep] cs=1 sk=1 di=0 do=1 es=3 bitcnt=1
[eep] cs=1 sk=0 di=0 do=1 es=3 bitcnt=2
[eep] cs=1 sk=1 di=0 do=1 es=3 bitcnt=2
[eep] cs=1 sk=0 di=0 do=1 es=3 bitcnt=3
[eep] cs=1 sk=1 di=0 do=1 es=3 bitcnt=3
[eep] cs=1 sk=0 di=0 do=1 es=3 bitcnt=4
[eep] cs=1 sk=1 di=0 do=1 es=3 bitcnt=4
[eep] cs=1 sk=0 di=0 do=1 es=3 bitcnt=5
[eep] cs=1 sk=1 di=0 do=1 es=3 bitcnt=5
[eep] cs=1 sk=0 di=0 do=1 es=3 bitcnt=6
[eep] cs=1 sk=1 di=0 do=1 es=3 bitcnt=6
[eep] cs=1 sk=0 di=0 do=1 es=3 bitcnt=7
[eep] cs=1 sk=1 di=0 do=1 es=3 bitcnt=7
[eep] cs=1 sk=0 di=0 do=1 es=3 bitcnt=8
[eep] cs=1 sk=1 di=0 do=1 es=3 bitcnt=8
[eep] cs=1 sk=0 di=0 do=1 es=3 bitcnt=9
[eep] cs=1 sk=1 di=0 do=1 es=3 bitcnt=9
[eep] cs=1 sk=0 di=0 do=1 es=3 bitcnt=10
[eep] cs=1 sk=1 di=0 do=1 es=3 bitcnt=10
[eep] cs=1 sk=0 di=0 do=1 es=3 bitcnt=11
[eep] cs=1 sk=1 di=0 do=1 es=3 bitcnt=11
[eep] cs=1 sk=0 di=0 do=1 es=3 bitcnt=12
[eep] cs=1 sk=1 di=0 do=1 es=3 bitcnt=12
[eep] cs=1 sk=0 di=0 do=1 es=3 bitcnt=13
[eep] cs=1 sk=1 di=0 do=1 es=3 bitcnt=13
[eep] cs=1 sk=0 di=0 do=1 es=3 bitcnt=14
[eep] cs=1 sk=1 di=0 do=1 es=3 bitcnt=14
[eep] cs=1 sk=0 di=0 do=1 es=3 bitcnt=15
[eep] cs=1 sk=1 di=0 do=1 es=3 bitcnt=15
[eep] cs=0 sk=0 di=0 do=1 es=4 bitcnt=0
[eep] cs=0 sk=1 di=0 do=1 es=0 bitcnt=0
[eep] cs=0 sk=0 di=0 do=1 es=0 bitcnt=0
[eep] cs=0 sk=1 di=0 do=1 es=0 bitcnt=0
[eep] cs=1 sk=0 di=0 do=1 es=0 bitcnt=0
[eep] cs=1 sk=1 di=0 do=1 es=0 bitcnt=0
[eep] cs=0 sk=0 di=0 do=1 es=0 bitcnt=0
[eep] cs=0 sk=1 di=0 do=1 es=0 bitcnt=0
[eep] cs=1 sk=0 di=0 do=1 es=0 bitcnt=0
[eep] cs=1 sk=1 di=0 do=1 es=0 bitcnt=0
[eep] cs=1 sk=0 di=1 do=1 es=0 bitcnt=0
[eep] cs=1 sk=1 di=1 do=1 es=0 bitcnt=0
[eep] cs=1 sk=0 di=0 do=1 es=1 bitcnt=0
[eep] cs=1 sk=1 di=0 do=1 es=1 bitcnt=0
[eep] cs=1 sk=0 di=1 do=1 es=1 bitcnt=1
[eep] cs=1 sk=1 di=1 do=1 es=1 bitcnt=1
[eep] cs=1 sk=0 di=0 do=1 es=1 bitcnt=2
[eep] cs=1 sk=1 di=0 do=1 es=1 bitcnt=2
[eep] cs=1 sk=0 di=0 do=1 es=1 bitcnt=3
[eep] cs=1 sk=1 di=0 do=1 es=1 bitcnt=3
[eep] cs=1 sk=0 di=1 do=1 es=1 bitcnt=4
[eep] cs=1 sk=1 di=1 do=1 es=1 bitcnt=4
[eep] cs=1 sk=0 di=0 do=1 es=1 bitcnt=5
[eep] cs=1 sk=1 di=0 do=1 es=1 bitcnt=5
[eep] cs=1 sk=0 di=1 do=1 es=1 bitcnt=6
[eep] cs=1 sk=1 di=1 do=1 es=1 bitcnt=6
[eep] cs=1 sk=0 di=1 do=1 es=1 bitcnt=7
[eep] cs=1 sk=1 di=1 do=1 es=1 bitcnt=7
[eep] cs=1 sk=0 di=0 do=1 es=3 bitcnt=0
[eep] cs=1 sk=1 di=0 do=1 es=3 bitcnt=0
[eep] cs=1 sk=0 di=0 do=1 es=3 bitcnt=1
[eep] cs=1 sk=1 di=0 do=1 es=3 bitcnt=1
[eep] cs=1 sk=0 di=0 do=1 es=3 bitcnt=2
[eep] cs=1 sk=1 di=0 do=1 es=3 bitcnt=2
[eep] cs=1 sk=0 di=0 do=1 es=3 bitcnt=3
[eep] cs=1 sk=1 di=0 do=1 es=3 bitcnt=3
[eep] cs=1 sk=0 di=0 do=1 es=3 bitcnt=4
[eep] cs=1 sk=1 di=0 do=1 es=3 bitcnt=4
[eep] cs=1 sk=0 di=0 do=1 es=3 bitcnt=5
[eep] cs=1 sk=1 di=0 do=1 es=3 bitcnt=5
[eep] cs=1 sk=0 di=0 do=1 es=3 bitcnt=6
[eep] cs=1 sk=1 di=0 do=1 es=3 bitcnt=6
[eep] cs=1 sk=0 di=0 do=1 es=3 bitcnt=7
[eep] cs=1 sk=1 di=0 do=1 es=3 bitcnt=7
[eep] cs=1 sk=0 di=0 do=1 es=3 bitcnt=8
[eep] cs=1 sk=1 di=0 do=1 es=3 bitcnt=8
[eep] cs=1 sk=0 di=0 do=1 es=3 bitcnt=9
[eep] cs=1 sk=1 di=0 do=1 es=3 bitcnt=9
[eep] cs=1 sk=0 di=0 do=1 es=3 bitcnt=10
[eep] cs=1 sk=1 di=0 do=1 es=3 bitcnt=10
[eep] cs=1 sk=0 di=0 do=1 es=3 bitcnt=11
[eep] cs=1 sk=1 di=0 do=1 es=3 bitcnt=11
[eep] cs=1 sk=0 di=0 do=1 es=3 bitcnt=12
[eep] cs=1 sk=1 di=0 do=1 es=3 bitcnt=12
[eep] cs=1 sk=0 di=0 do=1 es=3 bitcnt=13
[eep] cs=1 sk=1 di=0 do=1 es=3 bitcnt=13
[eep] cs=1 sk=0 di=1 do=1 es=3 bitcnt=14
[eep] cs=1 sk=1 di=1 do=1 es=3 bitcnt=14
[eep] cs=1 sk=0 di=0 do=1 es=3 bitcnt=15
[eep] cs=1 sk=1 di=0 do=1 es=3 bitcnt=15
[eep] cs=0 sk=0 di=0 do=1 es=4 bitcnt=0
[eep] cs=0 sk=1 di=0 do=1 es=0 bitcnt=0
[eep] cs=0 sk=0 di=0 do=1 es=0 bitcnt=0
[eep] cs=0 sk=1 di=0 do=1 es=0 bitcnt=0
[eep] cs=1 sk=0 di=0 do=1 es=0 bitcnt=0
[eep] cs=1 sk=1 di=0 do=1 es=0 bitcnt=0
[eep] cs=0 sk=0 di=0 do=1 es=0 bitcnt=0
[eep] cs=0 sk=1 di=0 do=1 es=0 bitcnt=0
[eep] cs=1 sk=0 di=0 do=1 es=0 bitcnt=0
[eep] cs=1 sk=1 di=0 do=1 es=0 bitcnt=0
[eep] cs=1 sk=0 di=1 do=1 es=0 bitcnt=0
[eep] cs=1 sk=1 di=1 do=1 es=0 bitcnt=0
[eep] cs=1 sk=0 di=0 do=1 es=1 bitcnt=0
[eep] cs=1 sk=1 di=0 do=1 es=1 bitcnt=0
[eep] cs=1 sk=0 di=1 do=1 es=1 bitcnt=1
[eep] cs=1 sk=1 di=1 do=1 es=1 bitcnt=1
[eep] cs=1 sk=0 di=0 do=1 es=1 bitcnt=2
[eep] cs=1 sk=1 di=0 do=1 es=1 bitcnt=2
[eep] cs=1 sk=0 di=0 do=1 es=1 bitcnt=3
[eep] cs=1 sk=1 di=0 do=1 es=1 bitcnt=3
[eep] cs=1 sk=0 di=1 do=1 es=1 bitcnt=4
[eep] cs=1 sk=1 di=1 do=1 es=1 bitcnt=4
[eep] cs=1 sk=0 di=1 do=1 es=1 bitcnt=5
[eep] cs=1 sk=1 di=1 do=1 es=1 bitcnt=5
[eep] cs=1 sk=0 di=0 do=1 es=1 bitcnt=6
[eep] cs=1 sk=1 di=0 do=1 es=1 bitcnt=6
[eep] cs=1 sk=0 di=0 do=1 es=1 bitcnt=7
[eep] cs=1 sk=1 di=0 do=1 es=1 bitcnt=7
[eep] cs=1 sk=0 di=0 do=1 es=3 bitcnt=0
[eep] cs=1 sk=1 di=0 do=1 es=3 bitcnt=0
[eep] cs=1 sk=0 di=0 do=1 es=3 bitcnt=1
[eep] cs=1 sk=1 di=0 do=1 es=3 bitcnt=1
[eep] cs=1 sk=0 di=0 do=1 es=3 bitcnt=2
[eep] cs=1 sk=1 di=0 do=1 es=3 bitcnt=2
[eep] cs=1 sk=0 di=0 do=1 es=3 bitcnt=3
[eep] cs=1 sk=1 di=0 do=1 es=3 bitcnt=3
[eep] cs=1 sk=0 di=0 do=1 es=3 bitcnt=4
[eep] cs=1 sk=1 di=0 do=1 es=3 bitcnt=4
[eep] cs=1 sk=0 di=0 do=1 es=3 bitcnt=5
[eep] cs=1 sk=1 di=0 do=1 es=3 bitcnt=5
[eep] cs=1 sk=0 di=0 do=1 es=3 bitcnt=6
[eep] cs=1 sk=1 di=0 do=1 es=3 bitcnt=6
[eep] cs=1 sk=0 di=0 do=1 es=3 bitcnt=7
[eep] cs=1 sk=1 di=0 do=1 es=3 bitcnt=7
[eep] cs=1 sk=0 di=0 do=1 es=3 bitcnt=8
[eep] cs=1 sk=1 di=0 do=1 es=3 bitcnt=8
[eep] cs=1 sk=0 di=0 do=1 es=3 bitcnt=9
[eep] cs=1 sk=1 di=0 do=1 es=3 bitcnt=9
[eep] cs=1 sk=0 di=0 do=1 es=3 bitcnt=10
[eep] cs=1 sk=1 di=0 do=1 es=3 bitcnt=10
[eep] cs=1 sk=0 di=0 do=1 es=3 bitcnt=11
[eep] cs=1 sk=1 di=0 do=1 es=3 bitcnt=11
[eep] cs=1 sk=0 di=0 do=1 es=3 bitcnt=12
[eep] cs=1 sk=1 di=0 do=1 es=3 bitcnt=12
[eep] cs=1 sk=0 di=0 do=1 es=3 bitcnt=13
[eep] cs=1 sk=1 di=0 do=1 es=3 bitcnt=13
[eep] cs=1 sk=0 di=0 do=1 es=3 bitcnt=14
[eep] cs=1 sk=1 di=0 do=1 es=3 bitcnt=14
[eep] cs=1 sk=0 di=1 do=1 es=3 bitcnt=15
[eep] cs=1 sk=1 di=1 do=1 es=3 bitcnt=15
[eep] cs=0 sk=0 di=0 do=1 es=4 bitcnt=0
[eep] cs=0 sk=1 di=0 do=1 es=0 bitcnt=0
[eep] cs=0 sk=0 di=0 do=1 es=0 bitcnt=0
[eep] cs=0 sk=1 di=0 do=1 es=0 bitcnt=0
[eep] cs=1 sk=0 di=0 do=1 es=0 bitcnt=0
[eep] cs=1 sk=1 di=0 do=1 es=0 bitcnt=0
[eep] cs=0 sk=0 di=0 do=1 es=0 bitcnt=0
[eep] cs=0 sk=1 di=0 do=1 es=0 bitcnt=0
[eep] cs=1 sk=0 di=0 do=1 es=0 bitcnt=0
[eep] cs=1 sk=1 di=0 do=1 es=0 bitcnt=0
[eep] cs=1 sk=0 di=1 do=1 es=0 bitcnt=0
[eep] cs=1 sk=1 di=1 do=1 es=0 bitcnt=0
[eep] cs=1 sk=0 di=0 do=1 es=1 bitcnt=0
[eep] cs=1 sk=1 di=0 do=1 es=1 bitcnt=0
[eep] cs=1 sk=0 di=1 do=1 es=1 bitcnt=1
[eep] cs=1 sk=1 di=1 do=1 es=1 bitcnt=1
[eep] cs=1 sk=0 di=0 do=1 es=1 bitcnt=2
[eep] cs=1 sk=1 di=0 do=1 es=1 bitcnt=2
[eep] cs=1 sk=0 di=0 do=1 es=1 bitcnt=3
[eep] cs=1 sk=1 di=0 do=1 es=1 bitcnt=3
[eep] cs=1 sk=0 di=1 do=1 es=1 bitcnt=4
[eep] cs=1 sk=1 di=1 do=1 es=1 bitcnt=4
[eep] cs=1 sk=0 di=1 do=1 es=1 bitcnt=5
[eep] cs=1 sk=1 di=1 do=1 es=1 bitcnt=5
[eep] cs=1 sk=0 di=0 do=1 es=1 bitcnt=6
[eep] cs=1 sk=1 di=0 do=1 es=1 bitcnt=6
[eep] cs=1 sk=0 di=1 do=1 es=1 bitcnt=7
[eep] cs=1 sk=1 di=1 do=1 es=1 bitcnt=7
[eep] cs=1 sk=0 di=0 do=1 es=3 bitcnt=0
[eep] cs=1 sk=1 di=0 do=1 es=3 bitcnt=0
[eep] cs=1 sk=0 di=0 do=1 es=3 bitcnt=1
[eep] cs=1 sk=1 di=0 do=1 es=3 bitcnt=1
[eep] cs=1 sk=0 di=0 do=1 es=3 bitcnt=2
[eep] cs=1 sk=1 di=0 do=1 es=3 bitcnt=2
[eep] cs=1 sk=0 di=0 do=1 es=3 bitcnt=3
[eep] cs=1 sk=1 di=0 do=1 es=3 bitcnt=3
[eep] cs=1 sk=0 di=0 do=1 es=3 bitcnt=4
[eep] cs=1 sk=1 di=0 do=1 es=3 bitcnt=4
[eep] cs=1 sk=0 di=0 do=1 es=3 bitcnt=5
[eep] cs=1 sk=1 di=0 do=1 es=3 bitcnt=5
[eep] cs=1 sk=0 di=0 do=1 es=3 bitcnt=6
[eep] cs=1 sk=1 di=0 do=1 es=3 bitcnt=6
[eep] cs=1 sk=0 di=0 do=1 es=3 bitcnt=7
[eep] cs=1 sk=1 di=0 do=1 es=3 bitcnt=7
[eep] cs=1 sk=0 di=0 do=1 es=3 bitcnt=8
[eep] cs=1 sk=1 di=0 do=1 es=3 bitcnt=8
[eep] cs=1 sk=0 di=0 do=1 es=3 bitcnt=9
[eep] cs=1 sk=1 di=0 do=1 es=3 bitcnt=9
[eep] cs=1 sk=0 di=0 do=1 es=3 bitcnt=10
[eep] cs=1 sk=1 di=0 do=1 es=3 bitcnt=10
[eep] cs=1 sk=0 di=0 do=1 es=3 bitcnt=11
[eep] cs=1 sk=1 di=0 do=1 es=3 bitcnt=11
[eep] cs=1 sk=0 di=0 do=1 es=3 bitcnt=12
[eep] cs=1 sk=1 di=0 do=1 es=3 bitcnt=12
[eep] cs=1 sk=0 di=0 do=1 es=3 bitcnt=13
[eep] cs=1 sk=1 di=0 do=1 es=3 bitcnt=13
[eep] cs=1 sk=0 di=0 do=1 es=3 bitcnt=14
[eep] cs=1 sk=1 di=0 do=1 es=3 bitcnt=14
[eep] cs=1 sk=0 di=0 do=1 es=3 bitcnt=15
[eep] cs=1 sk=1 di=0 do=1 es=3 bitcnt=15
[eep] cs=0 sk=0 di=0 do=1 es=4 bitcnt=0
[eep] cs=0 sk=1 di=0 do=1 es=0 bitcnt=0
[eep] cs=0 sk=0 di=0 do=1 es=0 bitcnt=0
[eep] cs=0 sk=1 di=0 do=1 es=0 bitcnt=0
[eep] cs=1 sk=0 di=0 do=1 es=0 bitcnt=0
[eep] cs=1 sk=1 di=0 do=1 es=0 bitcnt=0
[eep] cs=0 sk=0 di=0 do=1 es=0 bitcnt=0
[eep] cs=0 sk=1 di=0 do=1 es=0 bitcnt=0
[eep] cs=1 sk=0 di=0 do=1 es=0 bitcnt=0
[eep] cs=1 sk=1 di=0 do=1 es=0 bitcnt=0
[eep] cs=1 sk=0 di=1 do=1 es=0 bitcnt=0
[eep] cs=1 sk=1 di=1 do=1 es=0 bitcnt=0
[eep] cs=1 sk=0 di=0 do=1 es=1 bitcnt=0
[eep] cs=1 sk=1 di=0 do=1 es=1 bitcnt=0
[eep] cs=1 sk=0 di=1 do=1 es=1 bitcnt=1
[eep] cs=1 sk=1 di=1 do=1 es=1 bitcnt=1
[eep] cs=1 sk=0 di=0 do=1 es=1 bitcnt=2
[eep] cs=1 sk=1 di=0 do=1 es=1 bitcnt=2
[eep] cs=1 sk=0 di=0 do=1 es=1 bitcnt=3
[eep] cs=1 sk=1 di=0 do=1 es=1 bitcnt=3
[eep] cs=1 sk=0 di=1 do=1 es=1 bitcnt=4
[eep] cs=1 sk=1 di=1 do=1 es=1 bitcnt=4
[eep] cs=1 sk=0 di=1 do=1 es=1 bitcnt=5
[eep] cs=1 sk=1 di=1 do=1 es=1 bitcnt=5
[eep] cs=1 sk=0 di=1 do=1 es=1 bitcnt=6
[eep] cs=1 sk=1 di=1 do=1 es=1 bitcnt=6
[eep] cs=1 sk=0 di=0 do=1 es=1 bitcnt=7
[eep] cs=1 sk=1 di=0 do=1 es=1 bitcnt=7
[eep] cs=1 sk=0 di=0 do=1 es=3 bitcnt=0
[eep] cs=1 sk=1 di=0 do=1 es=3 bitcnt=0
[eep] cs=1 sk=0 di=0 do=1 es=3 bitcnt=1
[eep] cs=1 sk=1 di=0 do=1 es=3 bitcnt=1
[eep] cs=1 sk=0 di=0 do=1 es=3 bitcnt=2
[eep] cs=1 sk=1 di=0 do=1 es=3 bitcnt=2
[eep] cs=1 sk=0 di=0 do=1 es=3 bitcnt=3
[eep] cs=1 sk=1 di=0 do=1 es=3 bitcnt=3
[eep] cs=1 sk=0 di=0 do=1 es=3 bitcnt=4
[eep] cs=1 sk=1 di=0 do=1 es=3 bitcnt=4
[eep] cs=1 sk=0 di=0 do=1 es=3 bitcnt=5
[eep] cs=1 sk=1 di=0 do=1 es=3 bitcnt=5
[eep] cs=1 sk=0 di=0 do=1 es=3 bitcnt=6
[eep] cs=1 sk=1 di=0 do=1 es=3 bitcnt=6
[eep] cs=1 sk=0 di=0 do=1 es=3 bitcnt=7
[eep] cs=1 sk=1 di=0 do=1 es=3 bitcnt=7
[eep] cs=1 sk=0 di=0 do=1 es=3 bitcnt=8
[eep] cs=1 sk=1 di=0 do=1 es=3 bitcnt=8
[eep] cs=1 sk=0 di=0 do=1 es=3 bitcnt=9
[eep] cs=1 sk=1 di=0 do=1 es=3 bitcnt=9
[eep] cs=1 sk=0 di=0 do=1 es=3 bitcnt=10
[eep] cs=1 sk=1 di=0 do=1 es=3 bitcnt=10
[eep] cs=1 sk=0 di=0 do=1 es=3 bitcnt=11
[eep] cs=1 sk=1 di=0 do=1 es=3 bitcnt=11
[eep] cs=1 sk=0 di=0 do=1 es=3 bitcnt=12
[eep] cs=1 sk=1 di=0 do=1 es=3 bitcnt=12
[eep] cs=1 sk=0 di=0 do=1 es=3 bitcnt=13
[eep] cs=1 sk=1 di=0 do=1 es=3 bitcnt=13
[eep] cs=1 sk=0 di=0 do=1 es=3 bitcnt=14
[eep] cs=1 sk=1 di=0 do=1 es=3 bitcnt=14
[eep] cs=1 sk=0 di=0 do=1 es=3 bitcnt=15
[eep] cs=1 sk=1 di=0 do=1 es=3 bitcnt=15
[eep] cs=0 sk=0 di=0 do=1 es=4 bitcnt=0
[eep] cs=0 sk=1 di=0 do=1 es=0 bitcnt=0
[eep] cs=0 sk=0 di=0 do=1 es=0 bitcnt=0
[eep] cs=0 sk=1 di=0 do=1 es=0 bitcnt=0
[eep] cs=1 sk=0 di=0 do=1 es=0 bitcnt=0
[eep] cs=1 sk=1 di=0 do=1 es=0 bitcnt=0
[eep] cs=0 sk=0 di=0 do=1 es=0 bitcnt=0
[eep] cs=0 sk=1 di=0 do=1 es=0 bitcnt=0
[eep] cs=1 sk=0 di=0 do=1 es=0 bitcnt=0
[eep] cs=1 sk=1 di=0 do=1 es=0 bitcnt=0
[eep] cs=1 sk=0 di=1 do=1 es=0 bitcnt=0
[eep] cs=1 sk=1 di=1 do=1 es=0 bitcnt=0
[eep] cs=1 sk=0 di=0 do=1 es=1 bitcnt=0
[eep] cs=1 sk=1 di=0 do=1 es=1 bitcnt=0
[eep] cs=1 sk=0 di=1 do=1 es=1 bitcnt=1
[eep] cs=1 sk=1 di=1 do=1 es=1 bitcnt=1
[eep] cs=1 sk=0 di=0 do=1 es=1 bitcnt=2
[eep] cs=1 sk=1 di=0 do=1 es=1 bitcnt=2
[eep] cs=1 sk=0 di=0 do=1 es=1 bitcnt=3
[eep] cs=1 sk=1 di=0 do=1 es=1 bitcnt=3
[eep] cs=1 sk=0 di=1 do=1 es=1 bitcnt=4
[eep] cs=1 sk=1 di=1 do=1 es=1 bitcnt=4
[eep] cs=1 sk=0 di=1 do=1 es=1 bitcnt=5
[eep] cs=1 sk=1 di=1 do=1 es=1 bitcnt=5
[eep] cs=1 sk=0 di=1 do=1 es=1 bitcnt=6
[eep] cs=1 sk=1 di=1 do=1 es=1 bitcnt=6
[eep] cs=1 sk=0 di=1 do=1 es=1 bitcnt=7
[eep] cs=1 sk=1 di=1 do=1 es=1 bitcnt=7
[eep] cs=1 sk=0 di=0 do=1 es=3 bitcnt=0
[eep] cs=1 sk=1 di=0 do=1 es=3 bitcnt=0
[eep] cs=1 sk=0 di=0 do=1 es=3 bitcnt=1
[eep] cs=1 sk=1 di=0 do=1 es=3 bitcnt=1
[eep] cs=1 sk=0 di=0 do=1 es=3 bitcnt=2
[eep] cs=1 sk=1 di=0 do=1 es=3 bitcnt=2
[eep] cs=1 sk=0 di=0 do=1 es=3 bitcnt=3
[eep] cs=1 sk=1 di=0 do=1 es=3 bitcnt=3
[eep] cs=1 sk=0 di=0 do=1 es=3 bitcnt=4
[eep] cs=1 sk=1 di=0 do=1 es=3 bitcnt=4
[eep] cs=1 sk=0 di=0 do=1 es=3 bitcnt=5
[eep] cs=1 sk=1 di=0 do=1 es=3 bitcnt=5
[eep] cs=1 sk=0 di=0 do=1 es=3 bitcnt=6
[eep] cs=1 sk=1 di=0 do=1 es=3 bitcnt=6
[eep] cs=1 sk=0 di=0 do=1 es=3 bitcnt=7
[eep] cs=1 sk=1 di=0 do=1 es=3 bitcnt=7
[eep] cs=1 sk=0 di=0 do=1 es=3 bitcnt=8
[eep] cs=1 sk=1 di=0 do=1 es=3 bitcnt=8
[eep] cs=1 sk=0 di=0 do=1 es=3 bitcnt=9
[eep] cs=1 sk=1 di=0 do=1 es=3 bitcnt=9
[eep] cs=1 sk=0 di=0 do=1 es=3 bitcnt=10
[eep] cs=1 sk=1 di=0 do=1 es=3 bitcnt=10
[eep] cs=1 sk=0 di=0 do=1 es=3 bitcnt=11
[eep] cs=1 sk=1 di=0 do=1 es=3 bitcnt=11
[eep] cs=1 sk=0 di=0 do=1 es=3 bitcnt=12
[eep] cs=1 sk=1 di=0 do=1 es=3 bitcnt=12
[eep] cs=1 sk=0 di=0 do=1 es=3 bitcnt=13
[eep] cs=1 sk=1 di=0 do=1 es=3 bitcnt=13
[eep] cs=1 sk=0 di=0 do=1 es=3 bitcnt=14
[eep] cs=1 sk=1 di=0 do=1 es=3 bitcnt=14
[eep] cs=1 sk=0 di=0 do=1 es=3 bitcnt=15
[eep] cs=1 sk=1 di=0 do=1 es=3 bitcnt=15
[eep] cs=0 sk=0 di=0 do=1 es=4 bitcnt=0
[eep] cs=0 sk=1 di=0 do=1 es=0 bitcnt=0
[eep] cs=0 sk=0 di=0 do=1 es=0 bitcnt=0
[eep] cs=0 sk=1 di=0 do=1 es=0 bitcnt=0
[eep] cs=1 sk=0 di=0 do=1 es=0 bitcnt=0
[eep] cs=1 sk=1 di=0 do=1 es=0 bitcnt=0
[eep] cs=0 sk=0 di=0 do=1 es=0 bitcnt=0
[eep] cs=0 sk=1 di=0 do=1 es=0 bitcnt=0
[eep] cs=1 sk=0 di=0 do=1 es=0 bitcnt=0
[eep] cs=1 sk=1 di=0 do=1 es=0 bitcnt=0
[eep] cs=1 sk=0 di=1 do=1 es=0 bitcnt=0
[eep] cs=1 sk=1 di=1 do=1 es=0 bitcnt=0
[eep] cs=1 sk=0 di=0 do=1 es=1 bitcnt=0
[eep] cs=1 sk=1 di=0 do=1 es=1 bitcnt=0
[eep] cs=1 sk=0 di=1 do=1 es=1 bitcnt=1
[eep] cs=1 sk=1 di=1 do=1 es=1 bitcnt=1
[eep] cs=1 sk=0 di=0 do=1 es=1 bitcnt=2
[eep] cs=1 sk=1 di=0 do=1 es=1 bitcnt=2
[eep] cs=1 sk=0 di=1 do=1 es=1 bitcnt=3
[eep] cs=1 sk=1 di=1 do=1 es=1 bitcnt=3
[eep] cs=1 sk=0 di=0 do=1 es=1 bitcnt=4
[eep] cs=1 sk=1 di=0 do=1 es=1 bitcnt=4
[eep] cs=1 sk=0 di=0 do=1 es=1 bitcnt=5
[eep] cs=1 sk=1 di=0 do=1 es=1 bitcnt=5
[eep] cs=1 sk=0 di=0 do=1 es=1 bitcnt=6
[eep] cs=1 sk=1 di=0 do=1 es=1 bitcnt=6
[eep] cs=1 sk=0 di=0 do=1 es=1 bitcnt=7
[eep] cs=1 sk=1 di=0 do=1 es=1 bitcnt=7
[eep] cs=1 sk=0 di=0 do=1 es=3 bitcnt=0
[eep] cs=1 sk=1 di=0 do=1 es=3 bitcnt=0
[eep] cs=1 sk=0 di=1 do=1 es=3 bitcnt=1
[eep] cs=1 sk=1 di=1 do=1 es=3 bitcnt=1
[eep] cs=1 sk=0 di=0 do=1 es=3 bitcnt=2
[eep] cs=1 sk=1 di=0 do=1 es=3 bitcnt=2
[eep] cs=1 sk=0 di=0 do=1 es=3 bitcnt=3
[eep] cs=1 sk=1 di=0 do=1 es=3 bitcnt=3
[eep] cs=1 sk=0 di=0 do=1 es=3 bitcnt=4
[eep] cs=1 sk=1 di=0 do=1 es=3 bitcnt=4
[eep] cs=1 sk=0 di=1 do=1 es=3 bitcnt=5
[eep] cs=1 sk=1 di=1 do=1 es=3 bitcnt=5
[eep] cs=1 sk=0 di=0 do=1 es=3 bitcnt=6
[eep] cs=1 sk=1 di=0 do=1 es=3 bitcnt=6
[eep] cs=1 sk=0 di=1 do=1 es=3 bitcnt=7
[eep] cs=1 sk=1 di=1 do=1 es=3 bitcnt=7
[eep] cs=1 sk=0 di=0 do=1 es=3 bitcnt=8
[eep] cs=1 sk=1 di=0 do=1 es=3 bitcnt=8
[eep] cs=1 sk=0 di=0 do=1 es=3 bitcnt=9
[eep] cs=1 sk=1 di=0 do=1 es=3 bitcnt=9
[eep] cs=1 sk=0 di=0 do=1 es=3 bitcnt=10
[eep] cs=1 sk=1 di=0 do=1 es=3 bitcnt=10
[eep] cs=1 sk=0 di=0 do=1 es=3 bitcnt=11
[eep] cs=1 sk=1 di=0 do=1 es=3 bitcnt=11
[eep] cs=1 sk=0 di=0 do=1 es=3 bitcnt=12
[eep] cs=1 sk=1 di=0 do=1 es=3 bitcnt=12
[eep] cs=1 sk=0 di=1 do=1 es=3 bitcnt=13
[eep] cs=1 sk=1 di=1 do=1 es=3 bitcnt=13
[eep] cs=1 sk=0 di=1 do=1 es=3 bitcnt=14
[eep] cs=1 sk=1 di=1 do=1 es=3 bitcnt=14
[eep] cs=1 sk=0 di=1 do=1 es=3 bitcnt=15
[eep] cs=1 sk=1 di=1 do=1 es=3 bitcnt=15
[eep] cs=0 sk=0 di=0 do=1 es=4 bitcnt=0
[eep] cs=0 sk=1 di=0 do=1 es=0 bitcnt=0
[eep] cs=0 sk=0 di=0 do=1 es=0 bitcnt=0
[eep] cs=0 sk=1 di=0 do=1 es=0 bitcnt=0
[eep] cs=1 sk=0 di=0 do=1 es=0 bitcnt=0
[eep] cs=1 sk=1 di=0 do=1 es=0 bitcnt=0
[eep] cs=0 sk=0 di=0 do=1 es=0 bitcnt=0
[eep] cs=0 sk=1 di=0 do=1 es=0 bitcnt=0
[eep] cs=1 sk=0 di=0 do=1 es=0 bitcnt=0
[eep] cs=1 sk=1 di=0 do=1 es=0 bitcnt=0
[eep] cs=1 sk=0 di=1 do=1 es=0 bitcnt=0
[eep] cs=1 sk=1 di=1 do=1 es=0 bitcnt=0
[eep] cs=1 sk=0 di=0 do=1 es=1 bitcnt=0
[eep] cs=1 sk=1 di=0 do=1 es=1 bitcnt=0
[eep] cs=1 sk=0 di=1 do=1 es=1 bitcnt=1
[eep] cs=1 sk=1 di=1 do=1 es=1 bitcnt=1
[eep] cs=1 sk=0 di=0 do=1 es=1 bitcnt=2
[eep] cs=1 sk=1 di=0 do=1 es=1 bitcnt=2
[eep] cs=1 sk=0 di=1 do=1 es=1 bitcnt=3
[eep] cs=1 sk=1 di=1 do=1 es=1 bitcnt=3
[eep] cs=1 sk=0 di=0 do=1 es=1 bitcnt=4
[eep] cs=1 sk=1 di=0 do=1 es=1 bitcnt=4
[eep] cs=1 sk=0 di=0 do=1 es=1 bitcnt=5
[eep] cs=1 sk=1 di=0 do=1 es=1 bitcnt=5
[eep] cs=1 sk=0 di=0 do=1 es=1 bitcnt=6
[eep] cs=1 sk=1 di=0 do=1 es=1 bitcnt=6
[eep] cs=1 sk=0 di=1 do=1 es=1 bitcnt=7
[eep] cs=1 sk=1 di=1 do=1 es=1 bitcnt=7
[eep] cs=1 sk=0 di=0 do=1 es=3 bitcnt=0
[eep] cs=1 sk=1 di=0 do=1 es=3 bitcnt=0
[eep] cs=1 sk=0 di=0 do=1 es=3 bitcnt=1
[eep] cs=1 sk=1 di=0 do=1 es=3 bitcnt=1
[eep] cs=1 sk=0 di=0 do=1 es=3 bitcnt=2
[eep] cs=1 sk=1 di=0 do=1 es=3 bitcnt=2
[eep] cs=1 sk=0 di=0 do=1 es=3 bitcnt=3
[eep] cs=1 sk=1 di=0 do=1 es=3 bitcnt=3
[eep] cs=1 sk=0 di=0 do=1 es=3 bitcnt=4
[eep] cs=1 sk=1 di=0 do=1 es=3 bitcnt=4
[eep] cs=1 sk=0 di=1 do=1 es=3 bitcnt=5
[eep] cs=1 sk=1 di=1 do=1 es=3 bitcnt=5
[eep] cs=1 sk=0 di=1 do=1 es=3 bitcnt=6
[eep] cs=1 sk=1 di=1 do=1 es=3 bitcnt=6
[eep] cs=1 sk=0 di=1 do=1 es=3 bitcnt=7
[eep] cs=1 sk=1 di=1 do=1 es=3 bitcnt=7
[eep] cs=1 sk=0 di=0 do=1 es=3 bitcnt=8
[eep] cs=1 sk=1 di=0 do=1 es=3 bitcnt=8
[eep] cs=1 sk=0 di=0 do=1 es=3 bitcnt=9
[eep] cs=1 sk=1 di=0 do=1 es=3 bitcnt=9
[eep] cs=1 sk=0 di=0 do=1 es=3 bitcnt=10
[eep] cs=1 sk=1 di=0 do=1 es=3 bitcnt=10
[eep] cs=1 sk=0 di=0 do=1 es=3 bitcnt=11
[eep] cs=1 sk=1 di=0 do=1 es=3 bitcnt=11
[eep] cs=1 sk=0 di=0 do=1 es=3 bitcnt=12
[eep] cs=1 sk=1 di=0 do=1 es=3 bitcnt=12
[eep] cs=1 sk=0 di=1 do=1 es=3 bitcnt=13
[eep] cs=1 sk=1 di=1 do=1 es=3 bitcnt=13
[eep] cs=1 sk=0 di=1 do=1 es=3 bitcnt=14
[eep] cs=1 sk=1 di=1 do=1 es=3 bitcnt=14
[eep] cs=1 sk=0 di=1 do=1 es=3 bitcnt=15
[eep] cs=1 sk=1 di=1 do=1 es=3 bitcnt=15
[eep] cs=0 sk=0 di=0 do=1 es=4 bitcnt=0
[eep] cs=0 sk=1 di=0 do=1 es=0 bitcnt=0
[eep] cs=0 sk=0 di=0 do=1 es=0 bitcnt=0
[eep] cs=0 sk=1 di=0 do=1 es=0 bitcnt=0
[eep] cs=1 sk=0 di=0 do=1 es=0 bitcnt=0
[eep] cs=1 sk=1 di=0 do=1 es=0 bitcnt=0
[eep] cs=0 sk=0 di=0 do=1 es=0 bitcnt=0
[eep] cs=0 sk=1 di=0 do=1 es=0 bitcnt=0
[eep] cs=1 sk=0 di=0 do=1 es=0 bitcnt=0
[eep] cs=1 sk=1 di=0 do=1 es=0 bitcnt=0
[eep] cs=1 sk=0 di=1 do=1 es=0 bitcnt=0
[eep] cs=1 sk=1 di=1 do=1 es=0 bitcnt=0
[eep] cs=1 sk=0 di=0 do=1 es=1 bitcnt=0
[eep] cs=1 sk=1 di=0 do=1 es=1 bitcnt=0
[eep] cs=1 sk=0 di=1 do=1 es=1 bitcnt=1
[eep] cs=1 sk=1 di=1 do=1 es=1 bitcnt=1
[eep] cs=1 sk=0 di=0 do=1 es=1 bitcnt=2
[eep] cs=1 sk=1 di=0 do=1 es=1 bitcnt=2
[eep] cs=1 sk=0 di=1 do=1 es=1 bitcnt=3
[eep] cs=1 sk=1 di=1 do=1 es=1 bitcnt=3
[eep] cs=1 sk=0 di=0 do=1 es=1 bitcnt=4
[eep] cs=1 sk=1 di=0 do=1 es=1 bitcnt=4
[eep] cs=1 sk=0 di=0 do=1 es=1 bitcnt=5
[eep] cs=1 sk=1 di=0 do=1 es=1 bitcnt=5
[eep] cs=1 sk=0 di=1 do=1 es=1 bitcnt=6
[eep] cs=1 sk=1 di=1 do=1 es=1 bitcnt=6
[eep] cs=1 sk=0 di=0 do=1 es=1 bitcnt=7
[eep] cs=1 sk=1 di=0 do=1 es=1 bitcnt=7
[eep] cs=1 sk=0 di=0 do=1 es=3 bitcnt=0
[eep] cs=1 sk=1 di=0 do=1 es=3 bitcnt=0
[eep] cs=1 sk=0 di=0 do=1 es=3 bitcnt=1
[eep] cs=1 sk=1 di=0 do=1 es=3 bitcnt=1
[eep] cs=1 sk=0 di=0 do=1 es=3 bitcnt=2
[eep] cs=1 sk=1 di=0 do=1 es=3 bitcnt=2
[eep] cs=1 sk=0 di=0 do=1 es=3 bitcnt=3
[eep] cs=1 sk=1 di=0 do=1 es=3 bitcnt=3
[eep] cs=1 sk=0 di=0 do=1 es=3 bitcnt=4
[eep] cs=1 sk=1 di=0 do=1 es=3 bitcnt=4
[eep] cs=1 sk=0 di=0 do=1 es=3 bitcnt=5
[eep] cs=1 sk=1 di=0 do=1 es=3 bitcnt=5
[eep] cs=1 sk=0 di=0 do=1 es=3 bitcnt=6
[eep] cs=1 sk=1 di=0 do=1 es=3 bitcnt=6
[eep] cs=1 sk=0 di=0 do=1 es=3 bitcnt=7
[eep] cs=1 sk=1 di=0 do=1 es=3 bitcnt=7
[eep] cs=1 sk=0 di=0 do=1 es=3 bitcnt=8
[eep] cs=1 sk=1 di=0 do=1 es=3 bitcnt=8
[eep] cs=1 sk=0 di=0 do=1 es=3 bitcnt=9
[eep] cs=1 sk=1 di=0 do=1 es=3 bitcnt=9
[eep] cs=1 sk=0 di=0 do=1 es=3 bitcnt=10
[eep] cs=1 sk=1 di=0 do=1 es=3 bitcnt=10
[eep] cs=1 sk=0 di=0 do=1 es=3 bitcnt=11
[eep] cs=1 sk=1 di=0 do=1 es=3 bitcnt=11
[eep] cs=1 sk=0 di=0 do=1 es=3 bitcnt=12
[eep] cs=1 sk=1 di=0 do=1 es=3 bitcnt=12
[eep] cs=1 sk=0 di=0 do=1 es=3 bitcnt=13
[eep] cs=1 sk=1 di=0 do=1 es=3 bitcnt=13
[eep] cs=1 sk=0 di=0 do=1 es=3 bitcnt=14
[eep] cs=1 sk=1 di=0 do=1 es=3 bitcnt=14
[eep] cs=1 sk=0 di=0 do=1 es=3 bitcnt=15
[eep] cs=1 sk=1 di=0 do=1 es=3 bitcnt=15
[eep] cs=0 sk=0 di=0 do=1 es=4 bitcnt=0
[eep] cs=0 sk=1 di=0 do=1 es=0 bitcnt=0
[eep] cs=0 sk=0 di=0 do=1 es=0 bitcnt=0
[eep] cs=0 sk=1 di=0 do=1 es=0 bitcnt=0
[eep] cs=1 sk=0 di=0 do=1 es=0 bitcnt=0
[eep] cs=1 sk=1 di=0 do=1 es=0 bitcnt=0
[eep] cs=0 sk=0 di=0 do=1 es=0 bitcnt=0
[eep] cs=0 sk=1 di=0 do=1 es=0 bitcnt=0
[eep] cs=1 sk=0 di=0 do=1 es=0 bitcnt=0
[eep] cs=1 sk=1 di=0 do=1 es=0 bitcnt=0
[eep] cs=1 sk=0 di=1 do=1 es=0 bitcnt=0
[eep] cs=1 sk=1 di=1 do=1 es=0 bitcnt=0
[eep] cs=1 sk=0 di=0 do=1 es=1 bitcnt=0
[eep] cs=1 sk=1 di=0 do=1 es=1 bitcnt=0
[eep] cs=1 sk=0 di=1 do=1 es=1 bitcnt=1
[eep] cs=1 sk=1 di=1 do=1 es=1 bitcnt=1
[eep] cs=1 sk=0 di=0 do=1 es=1 bitcnt=2
[eep] cs=1 sk=1 di=0 do=1 es=1 bitcnt=2
[eep] cs=1 sk=0 di=1 do=1 es=1 bitcnt=3
[eep] cs=1 sk=1 di=1 do=1 es=1 bitcnt=3
[eep] cs=1 sk=0 di=0 do=1 es=1 bitcnt=4
[eep] cs=1 sk=1 di=0 do=1 es=1 bitcnt=4
[eep] cs=1 sk=0 di=0 do=1 es=1 bitcnt=5
[eep] cs=1 sk=1 di=0 do=1 es=1 bitcnt=5
[eep] cs=1 sk=0 di=1 do=1 es=1 bitcnt=6
[eep] cs=1 sk=1 di=1 do=1 es=1 bitcnt=6
[eep] cs=1 sk=0 di=1 do=1 es=1 bitcnt=7
[eep] cs=1 sk=1 di=1 do=1 es=1 bitcnt=7
[eep] cs=1 sk=0 di=0 do=1 es=3 bitcnt=0
[eep] cs=1 sk=1 di=0 do=1 es=3 bitcnt=0
[eep] cs=1 sk=0 di=0 do=1 es=3 bitcnt=1
[eep] cs=1 sk=1 di=0 do=1 es=3 bitcnt=1
[eep] cs=1 sk=0 di=0 do=1 es=3 bitcnt=2
[eep] cs=1 sk=1 di=0 do=1 es=3 bitcnt=2
[eep] cs=1 sk=0 di=0 do=1 es=3 bitcnt=3
[eep] cs=1 sk=1 di=0 do=1 es=3 bitcnt=3
[eep] cs=1 sk=0 di=0 do=1 es=3 bitcnt=4
[eep] cs=1 sk=1 di=0 do=1 es=3 bitcnt=4
[eep] cs=1 sk=0 di=0 do=1 es=3 bitcnt=5
[eep] cs=1 sk=1 di=0 do=1 es=3 bitcnt=5
[eep] cs=1 sk=0 di=0 do=1 es=3 bitcnt=6
[eep] cs=1 sk=1 di=0 do=1 es=3 bitcnt=6
[eep] cs=1 sk=0 di=0 do=1 es=3 bitcnt=7
[eep] cs=1 sk=1 di=0 do=1 es=3 bitcnt=7
[eep] cs=1 sk=0 di=0 do=1 es=3 bitcnt=8
[eep] cs=1 sk=1 di=0 do=1 es=3 bitcnt=8
[eep] cs=1 sk=0 di=0 do=1 es=3 bitcnt=9
[eep] cs=1 sk=1 di=0 do=1 es=3 bitcnt=9
[eep] cs=1 sk=0 di=0 do=1 es=3 bitcnt=10
[eep] cs=1 sk=1 di=0 do=1 es=3 bitcnt=10
[eep] cs=1 sk=0 di=0 do=1 es=3 bitcnt=11
[eep] cs=1 sk=1 di=0 do=1 es=3 bitcnt=11
[eep] cs=1 sk=0 di=0 do=1 es=3 bitcnt=12
[eep] cs=1 sk=1 di=0 do=1 es=3 bitcnt=12
[eep] cs=1 sk=0 di=0 do=1 es=3 bitcnt=13
[eep] cs=1 sk=1 di=0 do=1 es=3 bitcnt=13
[eep] cs=1 sk=0 di=0 do=1 es=3 bitcnt=14
[eep] cs=1 sk=1 di=0 do=1 es=3 bitcnt=14
[eep] cs=1 sk=0 di=0 do=1 es=3 bitcnt=15
[eep] cs=1 sk=1 di=0 do=1 es=3 bitcnt=15
[eep] cs=0 sk=0 di=0 do=1 es=4 bitcnt=0
[eep] cs=0 sk=1 di=0 do=1 es=0 bitcnt=0
[eep] cs=0 sk=0 di=0 do=1 es=0 bitcnt=0
[eep] cs=0 sk=1 di=0 do=1 es=0 bitcnt=0
[eep] cs=1 sk=0 di=0 do=1 es=0 bitcnt=0
[eep] cs=1 sk=1 di=0 do=1 es=0 bitcnt=0
[eep] cs=0 sk=0 di=0 do=1 es=0 bitcnt=0
[eep] cs=0 sk=1 di=0 do=1 es=0 bitcnt=0
[eep] cs=1 sk=0 di=0 do=1 es=0 bitcnt=0
[eep] cs=1 sk=1 di=0 do=1 es=0 bitcnt=0
[eep] cs=1 sk=0 di=1 do=1 es=0 bitcnt=0
[eep] cs=1 sk=1 di=1 do=1 es=0 bitcnt=0
[eep] cs=1 sk=0 di=0 do=1 es=1 bitcnt=0
[eep] cs=1 sk=1 di=0 do=1 es=1 bitcnt=0
[eep] cs=1 sk=0 di=1 do=1 es=1 bitcnt=1
[eep] cs=1 sk=1 di=1 do=1 es=1 bitcnt=1
[eep] cs=1 sk=0 di=0 do=1 es=1 bitcnt=2
[eep] cs=1 sk=1 di=0 do=1 es=1 bitcnt=2
[eep] cs=1 sk=0 di=1 do=1 es=1 bitcnt=3
[eep] cs=1 sk=1 di=1 do=1 es=1 bitcnt=3
[eep] cs=1 sk=0 di=0 do=1 es=1 bitcnt=4
[eep] cs=1 sk=1 di=0 do=1 es=1 bitcnt=4
[eep] cs=1 sk=0 di=1 do=1 es=1 bitcnt=5
[eep] cs=1 sk=1 di=1 do=1 es=1 bitcnt=5
[eep] cs=1 sk=0 di=0 do=1 es=1 bitcnt=6
[eep] cs=1 sk=1 di=0 do=1 es=1 bitcnt=6
[eep] cs=1 sk=0 di=0 do=1 es=1 bitcnt=7
[eep] cs=1 sk=1 di=0 do=1 es=1 bitcnt=7
[eep] cs=1 sk=0 di=0 do=1 es=3 bitcnt=0
[eep] cs=1 sk=1 di=0 do=1 es=3 bitcnt=0
[eep] cs=1 sk=0 di=0 do=1 es=3 bitcnt=1
[eep] cs=1 sk=1 di=0 do=1 es=3 bitcnt=1
[eep] cs=1 sk=0 di=0 do=1 es=3 bitcnt=2
[eep] cs=1 sk=1 di=0 do=1 es=3 bitcnt=2
[eep] cs=1 sk=0 di=0 do=1 es=3 bitcnt=3
[eep] cs=1 sk=1 di=0 do=1 es=3 bitcnt=3
[eep] cs=1 sk=0 di=0 do=1 es=3 bitcnt=4
[eep] cs=1 sk=1 di=0 do=1 es=3 bitcnt=4
[eep] cs=1 sk=0 di=0 do=1 es=3 bitcnt=5
[eep] cs=1 sk=1 di=0 do=1 es=3 bitcnt=5
[eep] cs=1 sk=0 di=0 do=1 es=3 bitcnt=6
[eep] cs=1 sk=1 di=0 do=1 es=3 bitcnt=6
[eep] cs=1 sk=0 di=0 do=1 es=3 bitcnt=7
[eep] cs=1 sk=1 di=0 do=1 es=3 bitcnt=7
[eep] cs=1 sk=0 di=0 do=1 es=3 bitcnt=8
[eep] cs=1 sk=1 di=0 do=1 es=3 bitcnt=8
[eep] cs=1 sk=0 di=0 do=1 es=3 bitcnt=9
[eep] cs=1 sk=1 di=0 do=1 es=3 bitcnt=9
[eep] cs=1 sk=0 di=0 do=1 es=3 bitcnt=10
[eep] cs=1 sk=1 di=0 do=1 es=3 bitcnt=10
[eep] cs=1 sk=0 di=0 do=1 es=3 bitcnt=11
[eep] cs=1 sk=1 di=0 do=1 es=3 bitcnt=11
[eep] cs=1 sk=0 di=0 do=1 es=3 bitcnt=12
[eep] cs=1 sk=1 di=0 do=1 es=3 bitcnt=12
[eep] cs=1 sk=0 di=0 do=1 es=3 bitcnt=13
[eep] cs=1 sk=1 di=0 do=1 es=3 bitcnt=13
[eep] cs=1 sk=0 di=0 do=1 es=3 bitcnt=14
[eep] cs=1 sk=1 di=0 do=1 es=3 bitcnt=14
[eep] cs=1 sk=0 di=0 do=1 es=3 bitcnt=15
[eep] cs=1 sk=1 di=0 do=1 es=3 bitcnt=15
[eep] cs=0 sk=0 di=0 do=1 es=4 bitcnt=0
[eep] cs=0 sk=1 di=0 do=1 es=0 bitcnt=0
[eep] cs=0 sk=0 di=0 do=1 es=0 bitcnt=0
[eep] cs=0 sk=1 di=0 do=1 es=0 bitcnt=0
[eep] cs=1 sk=0 di=0 do=1 es=0 bitcnt=0
[eep] cs=1 sk=1 di=0 do=1 es=0 bitcnt=0
[eep] cs=0 sk=0 di=0 do=1 es=0 bitcnt=0
[eep] cs=0 sk=1 di=0 do=1 es=0 bitcnt=0
[eep] cs=1 sk=0 di=0 do=1 es=0 bitcnt=0
[eep] cs=1 sk=1 di=0 do=1 es=0 bitcnt=0
[eep] cs=1 sk=0 di=1 do=1 es=0 bitcnt=0
[eep] cs=1 sk=1 di=1 do=1 es=0 bitcnt=0
[eep] cs=1 sk=0 di=0 do=1 es=1 bitcnt=0
[eep] cs=1 sk=1 di=0 do=1 es=1 bitcnt=0
[eep] cs=1 sk=0 di=1 do=1 es=1 bitcnt=1
[eep] cs=1 sk=1 di=1 do=1 es=1 bitcnt=1
[eep] cs=1 sk=0 di=0 do=1 es=1 bitcnt=2
[eep] cs=1 sk=1 di=0 do=1 es=1 bitcnt=2
[eep] cs=1 sk=0 di=1 do=1 es=1 bitcnt=3
[eep] cs=1 sk=1 di=1 do=1 es=1 bitcnt=3
[eep] cs=1 sk=0 di=0 do=1 es=1 bitcnt=4
[eep] cs=1 sk=1 di=0 do=1 es=1 bitcnt=4
[eep] cs=1 sk=0 di=1 do=1 es=1 bitcnt=5
[eep] cs=1 sk=1 di=1 do=1 es=1 bitcnt=5
[eep] cs=1 sk=0 di=0 do=1 es=1 bitcnt=6
[eep] cs=1 sk=1 di=0 do=1 es=1 bitcnt=6
[eep] cs=1 sk=0 di=1 do=1 es=1 bitcnt=7
[eep] cs=1 sk=1 di=1 do=1 es=1 bitcnt=7
[eep] cs=1 sk=0 di=0 do=1 es=3 bitcnt=0
[eep] cs=1 sk=1 di=0 do=1 es=3 bitcnt=0
[eep] cs=1 sk=0 di=0 do=1 es=3 bitcnt=1
[eep] cs=1 sk=1 di=0 do=1 es=3 bitcnt=1
[eep] cs=1 sk=0 di=0 do=1 es=3 bitcnt=2
[eep] cs=1 sk=1 di=0 do=1 es=3 bitcnt=2
[eep] cs=1 sk=0 di=0 do=1 es=3 bitcnt=3
[eep] cs=1 sk=1 di=0 do=1 es=3 bitcnt=3
[eep] cs=1 sk=0 di=0 do=1 es=3 bitcnt=4
[eep] cs=1 sk=1 di=0 do=1 es=3 bitcnt=4
[eep] cs=1 sk=0 di=0 do=1 es=3 bitcnt=5
[eep] cs=1 sk=1 di=0 do=1 es=3 bitcnt=5
[eep] cs=1 sk=0 di=0 do=1 es=3 bitcnt=6
[eep] cs=1 sk=1 di=0 do=1 es=3 bitcnt=6
[eep] cs=1 sk=0 di=0 do=1 es=3 bitcnt=7
[eep] cs=1 sk=1 di=0 do=1 es=3 bitcnt=7
[eep] cs=1 sk=0 di=0 do=1 es=3 bitcnt=8
[eep] cs=1 sk=1 di=0 do=1 es=3 bitcnt=8
[eep] cs=1 sk=0 di=0 do=1 es=3 bitcnt=9
[eep] cs=1 sk=1 di=0 do=1 es=3 bitcnt=9
[eep] cs=1 sk=0 di=0 do=1 es=3 bitcnt=10
[eep] cs=1 sk=1 di=0 do=1 es=3 bitcnt=10
[eep] cs=1 sk=0 di=0 do=1 es=3 bitcnt=11
[eep] cs=1 sk=1 di=0 do=1 es=3 bitcnt=11
[eep] cs=1 sk=0 di=0 do=1 es=3 bitcnt=12
[eep] cs=1 sk=1 di=0 do=1 es=3 bitcnt=12
[eep] cs=1 sk=0 di=0 do=1 es=3 bitcnt=13
[eep] cs=1 sk=1 di=0 do=1 es=3 bitcnt=13
[eep] cs=1 sk=0 di=0 do=1 es=3 bitcnt=14
[eep] cs=1 sk=1 di=0 do=1 es=3 bitcnt=14
[eep] cs=1 sk=0 di=0 do=1 es=3 bitcnt=15
[eep] cs=1 sk=1 di=0 do=1 es=3 bitcnt=15
[eep] cs=0 sk=0 di=0 do=1 es=4 bitcnt=0
[eep] cs=0 sk=1 di=0 do=1 es=0 bitcnt=0
[eep] cs=0 sk=0 di=0 do=1 es=0 bitcnt=0
[eep] cs=0 sk=1 di=0 do=1 es=0 bitcnt=0
[eep] cs=1 sk=0 di=0 do=1 es=0 bitcnt=0
[eep] cs=1 sk=1 di=0 do=1 es=0 bitcnt=0
[eep] cs=0 sk=0 di=0 do=1 es=0 bitcnt=0
[eep] cs=0 sk=1 di=0 do=1 es=0 bitcnt=0
[eep] cs=1 sk=0 di=0 do=1 es=0 bitcnt=0
[eep] cs=1 sk=1 di=0 do=1 es=0 bitcnt=0
[eep] cs=1 sk=0 di=1 do=1 es=0 bitcnt=0
[eep] cs=1 sk=1 di=1 do=1 es=0 bitcnt=0
[eep] cs=1 sk=0 di=0 do=1 es=1 bitcnt=0
[eep] cs=1 sk=1 di=0 do=1 es=1 bitcnt=0
[eep] cs=1 sk=0 di=1 do=1 es=1 bitcnt=1
[eep] cs=1 sk=1 di=1 do=1 es=1 bitcnt=1
[eep] cs=1 sk=0 di=0 do=1 es=1 bitcnt=2
[eep] cs=1 sk=1 di=0 do=1 es=1 bitcnt=2
[eep] cs=1 sk=0 di=1 do=1 es=1 bitcnt=3
[eep] cs=1 sk=1 di=1 do=1 es=1 bitcnt=3
[eep] cs=1 sk=0 di=0 do=1 es=1 bitcnt=4
[eep] cs=1 sk=1 di=0 do=1 es=1 bitcnt=4
[eep] cs=1 sk=0 di=1 do=1 es=1 bitcnt=5
[eep] cs=1 sk=1 di=1 do=1 es=1 bitcnt=5
[eep] cs=1 sk=0 di=1 do=1 es=1 bitcnt=6
[eep] cs=1 sk=1 di=1 do=1 es=1 bitcnt=6
[eep] cs=1 sk=0 di=0 do=1 es=1 bitcnt=7
[eep] cs=1 sk=1 di=0 do=1 es=1 bitcnt=7
[eep] cs=1 sk=0 di=0 do=1 es=3 bitcnt=0
[eep] cs=1 sk=1 di=0 do=1 es=3 bitcnt=0
[eep] cs=1 sk=0 di=0 do=1 es=3 bitcnt=1
[eep] cs=1 sk=1 di=0 do=1 es=3 bitcnt=1
[eep] cs=1 sk=0 di=0 do=1 es=3 bitcnt=2
[eep] cs=1 sk=1 di=0 do=1 es=3 bitcnt=2
[eep] cs=1 sk=0 di=0 do=1 es=3 bitcnt=3
[eep] cs=1 sk=1 di=0 do=1 es=3 bitcnt=3
[eep] cs=1 sk=0 di=0 do=1 es=3 bitcnt=4
[eep] cs=1 sk=1 di=0 do=1 es=3 bitcnt=4
[eep] cs=1 sk=0 di=0 do=1 es=3 bitcnt=5
[eep] cs=1 sk=1 di=0 do=1 es=3 bitcnt=5
[eep] cs=1 sk=0 di=0 do=1 es=3 bitcnt=6
[eep] cs=1 sk=1 di=0 do=1 es=3 bitcnt=6
[eep] cs=1 sk=0 di=0 do=1 es=3 bitcnt=7
[eep] cs=1 sk=1 di=0 do=1 es=3 bitcnt=7
[eep] cs=1 sk=0 di=0 do=1 es=3 bitcnt=8
[eep] cs=1 sk=1 di=0 do=1 es=3 bitcnt=8
[eep] cs=1 sk=0 di=0 do=1 es=3 bitcnt=9
[eep] cs=1 sk=1 di=0 do=1 es=3 bitcnt=9
[eep] cs=1 sk=0 di=0 do=1 es=3 bitcnt=10
[eep] cs=1 sk=1 di=0 do=1 es=3 bitcnt=10
[eep] cs=1 sk=0 di=0 do=1 es=3 bitcnt=11
[eep] cs=1 sk=1 di=0 do=1 es=3 bitcnt=11
[eep] cs=1 sk=0 di=0 do=1 es=3 bitcnt=12
[eep] cs=1 sk=1 di=0 do=1 es=3 bitcnt=12
[eep] cs=1 sk=0 di=0 do=1 es=3 bitcnt=13
[eep] cs=1 sk=1 di=0 do=1 es=3 bitcnt=13
[eep] cs=1 sk=0 di=0 do=1 es=3 bitcnt=14
[eep] cs=1 sk=1 di=0 do=1 es=3 bitcnt=14
[eep] cs=1 sk=0 di=0 do=1 es=3 bitcnt=15
[eep] cs=1 sk=1 di=0 do=1 es=3 bitcnt=15
[eep] cs=0 sk=0 di=0 do=1 es=4 bitcnt=0
[eep] cs=0 sk=1 di=0 do=1 es=0 bitcnt=0
[eep] cs=0 sk=0 di=0 do=1 es=0 bitcnt=0
[eep] cs=0 sk=1 di=0 do=1 es=0 bitcnt=0
[eep] cs=1 sk=0 di=0 do=1 es=0 bitcnt=0
[eep] cs=1 sk=1 di=0 do=1 es=0 bitcnt=0
[eep] cs=0 sk=0 di=0 do=1 es=0 bitcnt=0
[eep] cs=0 sk=1 di=0 do=1 es=0 bitcnt=0
[eep] cs=1 sk=0 di=0 do=1 es=0 bitcnt=0
[eep] cs=1 sk=1 di=0 do=1 es=0 bitcnt=0
[eep] cs=1 sk=0 di=1 do=1 es=0 bitcnt=0
[eep] cs=1 sk=1 di=1 do=1 es=0 bitcnt=0
[eep] cs=1 sk=0 di=0 do=1 es=1 bitcnt=0
[eep] cs=1 sk=1 di=0 do=1 es=1 bitcnt=0
[eep] cs=1 sk=0 di=1 do=1 es=1 bitcnt=1
[eep] cs=1 sk=1 di=1 do=1 es=1 bitcnt=1
[eep] cs=1 sk=0 di=0 do=1 es=1 bitcnt=2
[eep] cs=1 sk=1 di=0 do=1 es=1 bitcnt=2
[eep] cs=1 sk=0 di=1 do=1 es=1 bitcnt=3
[eep] cs=1 sk=1 di=1 do=1 es=1 bitcnt=3
[eep] cs=1 sk=0 di=0 do=1 es=1 bitcnt=4
[eep] cs=1 sk=1 di=0 do=1 es=1 bitcnt=4
[eep] cs=1 sk=0 di=1 do=1 es=1 bitcnt=5
[eep] cs=1 sk=1 di=1 do=1 es=1 bitcnt=5
[eep] cs=1 sk=0 di=1 do=1 es=1 bitcnt=6
[eep] cs=1 sk=1 di=1 do=1 es=1 bitcnt=6
[eep] cs=1 sk=0 di=1 do=1 es=1 bitcnt=7
[eep] cs=1 sk=1 di=1 do=1 es=1 bitcnt=7
[eep] cs=1 sk=0 di=0 do=1 es=3 bitcnt=0
[eep] cs=1 sk=1 di=0 do=1 es=3 bitcnt=0
[eep] cs=1 sk=0 di=0 do=1 es=3 bitcnt=1
[eep] cs=1 sk=1 di=0 do=1 es=3 bitcnt=1
[eep] cs=1 sk=0 di=0 do=1 es=3 bitcnt=2
[eep] cs=1 sk=1 di=0 do=1 es=3 bitcnt=2
[eep] cs=1 sk=0 di=0 do=1 es=3 bitcnt=3
[eep] cs=1 sk=1 di=0 do=1 es=3 bitcnt=3
[eep] cs=1 sk=0 di=0 do=1 es=3 bitcnt=4
[eep] cs=1 sk=1 di=0 do=1 es=3 bitcnt=4
[eep] cs=1 sk=0 di=0 do=1 es=3 bitcnt=5
[eep] cs=1 sk=1 di=0 do=1 es=3 bitcnt=5
[eep] cs=1 sk=0 di=0 do=1 es=3 bitcnt=6
[eep] cs=1 sk=1 di=0 do=1 es=3 bitcnt=6
[eep] cs=1 sk=0 di=0 do=1 es=3 bitcnt=7
[eep] cs=1 sk=1 di=0 do=1 es=3 bitcnt=7
[eep] cs=1 sk=0 di=0 do=1 es=3 bitcnt=8
[eep] cs=1 sk=1 di=0 do=1 es=3 bitcnt=8
[eep] cs=1 sk=0 di=0 do=1 es=3 bitcnt=9
[eep] cs=1 sk=1 di=0 do=1 es=3 bitcnt=9
[eep] cs=1 sk=0 di=0 do=1 es=3 bitcnt=10
[eep] cs=1 sk=1 di=0 do=1 es=3 bitcnt=10
[eep] cs=1 sk=0 di=0 do=1 es=3 bitcnt=11
[eep] cs=1 sk=1 di=0 do=1 es=3 bitcnt=11
[eep] cs=1 sk=0 di=0 do=1 es=3 bitcnt=12
[eep] cs=1 sk=1 di=0 do=1 es=3 bitcnt=12
[eep] cs=1 sk=0 di=0 do=1 es=3 bitcnt=13
[eep] cs=1 sk=1 di=0 do=1 es=3 bitcnt=13
[eep] cs=1 sk=0 di=0 do=1 es=3 bitcnt=14
[eep] cs=1 sk=1 di=0 do=1 es=3 bitcnt=14
[eep] cs=1 sk=0 di=0 do=1 es=3 bitcnt=15
[eep] cs=1 sk=1 di=0 do=1 es=3 bitcnt=15
[eep] cs=0 sk=0 di=0 do=1 es=4 bitcnt=0
[eep] cs=0 sk=1 di=0 do=1 es=0 bitcnt=0
[eep] cs=0 sk=0 di=0 do=1 es=0 bitcnt=0
[eep] cs=0 sk=1 di=0 do=1 es=0 bitcnt=0
[eep] cs=1 sk=0 di=0 do=1 es=0 bitcnt=0
[eep] cs=1 sk=1 di=0 do=1 es=0 bitcnt=0
[eep] cs=0 sk=0 di=0 do=1 es=0 bitcnt=0
[eep] cs=0 sk=1 di=0 do=1 es=0 bitcnt=0
[eep] cs=1 sk=0 di=0 do=1 es=0 bitcnt=0
[eep] cs=1 sk=1 di=0 do=1 es=0 bitcnt=0
[eep] cs=1 sk=0 di=1 do=1 es=0 bitcnt=0
[eep] cs=1 sk=1 di=1 do=1 es=0 bitcnt=0
[eep] cs=1 sk=0 di=0 do=1 es=1 bitcnt=0
[eep] cs=1 sk=1 di=0 do=1 es=1 bitcnt=0
[eep] cs=1 sk=0 di=1 do=1 es=1 bitcnt=1
[eep] cs=1 sk=1 di=1 do=1 es=1 bitcnt=1
[eep] cs=1 sk=0 di=0 do=1 es=1 bitcnt=2
[eep] cs=1 sk=1 di=0 do=1 es=1 bitcnt=2
[eep] cs=1 sk=0 di=1 do=1 es=1 bitcnt=3
[eep] cs=1 sk=1 di=1 do=1 es=1 bitcnt=3
[eep] cs=1 sk=0 di=1 do=1 es=1 bitcnt=4
[eep] cs=1 sk=1 di=1 do=1 es=1 bitcnt=4
[eep] cs=1 sk=0 di=0 do=1 es=1 bitcnt=5
[eep] cs=1 sk=1 di=0 do=1 es=1 bitcnt=5
[eep] cs=1 sk=0 di=0 do=1 es=1 bitcnt=6
[eep] cs=1 sk=1 di=0 do=1 es=1 bitcnt=6
[eep] cs=1 sk=0 di=0 do=1 es=1 bitcnt=7
[eep] cs=1 sk=1 di=0 do=1 es=1 bitcnt=7
[eep] cs=1 sk=0 di=0 do=1 es=3 bitcnt=0
[eep] cs=1 sk=1 di=0 do=1 es=3 bitcnt=0
[eep] cs=1 sk=0 di=0 do=1 es=3 bitcnt=1
[eep] cs=1 sk=1 di=0 do=1 es=3 bitcnt=1
[eep] cs=1 sk=0 di=0 do=1 es=3 bitcnt=2
[eep] cs=1 sk=1 di=0 do=1 es=3 bitcnt=2
[eep] cs=1 sk=0 di=0 do=1 es=3 bitcnt=3
[eep] cs=1 sk=1 di=0 do=1 es=3 bitcnt=3
[eep] cs=1 sk=0 di=0 do=1 es=3 bitcnt=4
[eep] cs=1 sk=1 di=0 do=1 es=3 bitcnt=4
[eep] cs=1 sk=0 di=0 do=1 es=3 bitcnt=5
[eep] cs=1 sk=1 di=0 do=1 es=3 bitcnt=5
[eep] cs=1 sk=0 di=0 do=1 es=3 bitcnt=6
[eep] cs=1 sk=1 di=0 do=1 es=3 bitcnt=6
[eep] cs=1 sk=0 di=0 do=1 es=3 bitcnt=7
[eep] cs=1 sk=1 di=0 do=1 es=3 bitcnt=7
[eep] cs=1 sk=0 di=0 do=1 es=3 bitcnt=8
[eep] cs=1 sk=1 di=0 do=1 es=3 bitcnt=8
[eep] cs=1 sk=0 di=0 do=1 es=3 bitcnt=9
[eep] cs=1 sk=1 di=0 do=1 es=3 bitcnt=9
[eep] cs=1 sk=0 di=0 do=1 es=3 bitcnt=10
[eep] cs=1 sk=1 di=0 do=1 es=3 bitcnt=10
[eep] cs=1 sk=0 di=0 do=1 es=3 bitcnt=11
[eep] cs=1 sk=1 di=0 do=1 es=3 bitcnt=11
[eep] cs=1 sk=0 di=0 do=1 es=3 bitcnt=12
[eep] cs=1 sk=1 di=0 do=1 es=3 bitcnt=12
[eep] cs=1 sk=0 di=0 do=1 es=3 bitcnt=13
[eep] cs=1 sk=1 di=0 do=1 es=3 bitcnt=13
[eep] cs=1 sk=0 di=0 do=1 es=3 bitcnt=14
[eep] cs=1 sk=1 di=0 do=1 es=3 bitcnt=14
[eep] cs=1 sk=0 di=0 do=1 es=3 bitcnt=15
[eep] cs=1 sk=1 di=0 do=1 es=3 bitcnt=15
[eep] cs=0 sk=0 di=0 do=1 es=4 bitcnt=0
[eep] cs=0 sk=1 di=0 do=1 es=0 bitcnt=0
[eep] cs=0 sk=0 di=0 do=1 es=0 bitcnt=0
[eep] cs=0 sk=1 di=0 do=1 es=0 bitcnt=0
[eep] cs=1 sk=0 di=0 do=1 es=0 bitcnt=0
[eep] cs=1 sk=1 di=0 do=1 es=0 bitcnt=0
[eep] cs=0 sk=0 di=0 do=1 es=0 bitcnt=0
[eep] cs=0 sk=1 di=0 do=1 es=0 bitcnt=0
[eep] cs=1 sk=0 di=0 do=1 es=0 bitcnt=0
[eep] cs=1 sk=1 di=0 do=1 es=0 bitcnt=0
[eep] cs=1 sk=0 di=1 do=1 es=0 bitcnt=0
[eep] cs=1 sk=1 di=1 do=1 es=0 bitcnt=0
[eep] cs=1 sk=0 di=0 do=1 es=1 bitcnt=0
[eep] cs=1 sk=1 di=0 do=1 es=1 bitcnt=0
[eep] cs=1 sk=0 di=1 do=1 es=1 bitcnt=1
[eep] cs=1 sk=1 di=1 do=1 es=1 bitcnt=1
[eep] cs=1 sk=0 di=0 do=1 es=1 bitcnt=2
[eep] cs=1 sk=1 di=0 do=1 es=1 bitcnt=2
[eep] cs=1 sk=0 di=1 do=1 es=1 bitcnt=3
[eep] cs=1 sk=1 di=1 do=1 es=1 bitcnt=3
[eep] cs=1 sk=0 di=1 do=1 es=1 bitcnt=4
[eep] cs=1 sk=1 di=1 do=1 es=1 bitcnt=4
[eep] cs=1 sk=0 di=0 do=1 es=1 bitcnt=5
[eep] cs=1 sk=1 di=0 do=1 es=1 bitcnt=5
[eep] cs=1 sk=0 di=0 do=1 es=1 bitcnt=6
[eep] cs=1 sk=1 di=0 do=1 es=1 bitcnt=6
[eep] cs=1 sk=0 di=1 do=1 es=1 bitcnt=7
[eep] cs=1 sk=1 di=1 do=1 es=1 bitcnt=7
[eep] cs=1 sk=0 di=0 do=1 es=3 bitcnt=0
[eep] cs=1 sk=1 di=0 do=1 es=3 bitcnt=0
[eep] cs=1 sk=0 di=0 do=1 es=3 bitcnt=1
[eep] cs=1 sk=1 di=0 do=1 es=3 bitcnt=1
[eep] cs=1 sk=0 di=0 do=1 es=3 bitcnt=2
[eep] cs=1 sk=1 di=0 do=1 es=3 bitcnt=2
[eep] cs=1 sk=0 di=0 do=1 es=3 bitcnt=3
[eep] cs=1 sk=1 di=0 do=1 es=3 bitcnt=3
[eep] cs=1 sk=0 di=0 do=1 es=3 bitcnt=4
[eep] cs=1 sk=1 di=0 do=1 es=3 bitcnt=4
[eep] cs=1 sk=0 di=0 do=1 es=3 bitcnt=5
[eep] cs=1 sk=1 di=0 do=1 es=3 bitcnt=5
[eep] cs=1 sk=0 di=0 do=1 es=3 bitcnt=6
[eep] cs=1 sk=1 di=0 do=1 es=3 bitcnt=6
[eep] cs=1 sk=0 di=0 do=1 es=3 bitcnt=7
[eep] cs=1 sk=1 di=0 do=1 es=3 bitcnt=7
[eep] cs=1 sk=0 di=0 do=1 es=3 bitcnt=8
[eep] cs=1 sk=1 di=0 do=1 es=3 bitcnt=8
[eep] cs=1 sk=0 di=0 do=1 es=3 bitcnt=9
[eep] cs=1 sk=1 di=0 do=1 es=3 bitcnt=9
[eep] cs=1 sk=0 di=0 do=1 es=3 bitcnt=10
[eep] cs=1 sk=1 di=0 do=1 es=3 bitcnt=10
[eep] cs=1 sk=0 di=0 do=1 es=3 bitcnt=11
[eep] cs=1 sk=1 di=0 do=1 es=3 bitcnt=11
[eep] cs=1 sk=0 di=0 do=1 es=3 bitcnt=12
[eep] cs=1 sk=1 di=0 do=1 es=3 bitcnt=12
[eep] cs=1 sk=0 di=0 do=1 es=3 bitcnt=13
[eep] cs=1 sk=1 di=0 do=1 es=3 bitcnt=13
[eep] cs=1 sk=0 di=0 do=1 es=3 bitcnt=14
[eep] cs=1 sk=1 di=0 do=1 es=3 bitcnt=14
[eep] cs=1 sk=0 di=0 do=1 es=3 bitcnt=15
[eep] cs=1 sk=1 di=0 do=1 es=3 bitcnt=15
[eep] cs=0 sk=0 di=0 do=1 es=4 bitcnt=0
[eep] cs=0 sk=1 di=0 do=1 es=0 bitcnt=0
[eep] cs=0 sk=0 di=0 do=1 es=0 bitcnt=0
[eep] cs=0 sk=1 di=0 do=1 es=0 bitcnt=0
[eep] cs=1 sk=0 di=0 do=1 es=0 bitcnt=0
[eep] cs=1 sk=1 di=0 do=1 es=0 bitcnt=0
[eep] cs=0 sk=0 di=0 do=1 es=0 bitcnt=0
[eep] cs=0 sk=1 di=0 do=1 es=0 bitcnt=0
[eep] cs=1 sk=0 di=0 do=1 es=0 bitcnt=0
[eep] cs=1 sk=1 di=0 do=1 es=0 bitcnt=0
[eep] cs=1 sk=0 di=1 do=1 es=0 bitcnt=0
[eep] cs=1 sk=1 di=1 do=1 es=0 bitcnt=0
[eep] cs=1 sk=0 di=0 do=1 es=1 bitcnt=0
[eep] cs=1 sk=1 di=0 do=1 es=1 bitcnt=0
[eep] cs=1 sk=0 di=1 do=1 es=1 bitcnt=1
[eep] cs=1 sk=1 di=1 do=1 es=1 bitcnt=1
[eep] cs=1 sk=0 di=0 do=1 es=1 bitcnt=2
[eep] cs=1 sk=1 di=0 do=1 es=1 bitcnt=2
[eep] cs=1 sk=0 di=1 do=1 es=1 bitcnt=3
[eep] cs=1 sk=1 di=1 do=1 es=1 bitcnt=3
[eep] cs=1 sk=0 di=1 do=1 es=1 bitcnt=4
[eep] cs=1 sk=1 di=1 do=1 es=1 bitcnt=4
[eep] cs=1 sk=0 di=0 do=1 es=1 bitcnt=5
[eep] cs=1 sk=1 di=0 do=1 es=1 bitcnt=5
[eep] cs=1 sk=0 di=1 do=1 es=1 bitcnt=6
[eep] cs=1 sk=1 di=1 do=1 es=1 bitcnt=6
[eep] cs=1 sk=0 di=0 do=1 es=1 bitcnt=7
[eep] cs=1 sk=1 di=0 do=1 es=1 bitcnt=7
[eep] cs=1 sk=0 di=0 do=1 es=3 bitcnt=0
[eep] cs=1 sk=1 di=0 do=1 es=3 bitcnt=0
[eep] cs=1 sk=0 di=0 do=1 es=3 bitcnt=1
[eep] cs=1 sk=1 di=0 do=1 es=3 bitcnt=1
[eep] cs=1 sk=0 di=0 do=1 es=3 bitcnt=2
[eep] cs=1 sk=1 di=0 do=1 es=3 bitcnt=2
[eep] cs=1 sk=0 di=0 do=1 es=3 bitcnt=3
[eep] cs=1 sk=1 di=0 do=1 es=3 bitcnt=3
[eep] cs=1 sk=0 di=0 do=1 es=3 bitcnt=4
[eep] cs=1 sk=1 di=0 do=1 es=3 bitcnt=4
[eep] cs=1 sk=0 di=0 do=1 es=3 bitcnt=5
[eep] cs=1 sk=1 di=0 do=1 es=3 bitcnt=5
[eep] cs=1 sk=0 di=0 do=1 es=3 bitcnt=6
[eep] cs=1 sk=1 di=0 do=1 es=3 bitcnt=6
[eep] cs=1 sk=0 di=0 do=1 es=3 bitcnt=7
[eep] cs=1 sk=1 di=0 do=1 es=3 bitcnt=7
[eep] cs=1 sk=0 di=0 do=1 es=3 bitcnt=8
[eep] cs=1 sk=1 di=0 do=1 es=3 bitcnt=8
[eep] cs=1 sk=0 di=0 do=1 es=3 bitcnt=9
[eep] cs=1 sk=1 di=0 do=1 es=3 bitcnt=9
[eep] cs=1 sk=0 di=0 do=1 es=3 bitcnt=10
[eep] cs=1 sk=1 di=0 do=1 es=3 bitcnt=10
[eep] cs=1 sk=0 di=0 do=1 es=3 bitcnt=11
[eep] cs=1 sk=1 di=0 do=1 es=3 bitcnt=11
[eep] cs=1 sk=0 di=0 do=1 es=3 bitcnt=12
[eep] cs=1 sk=1 di=0 do=1 es=3 bitcnt=12
[eep] cs=1 sk=0 di=0 do=1 es=3 bitcnt=13
[eep] cs=1 sk=1 di=0 do=1 es=3 bitcnt=13
[eep] cs=1 sk=0 di=0 do=1 es=3 bitcnt=14
[eep] cs=1 sk=1 di=0 do=1 es=3 bitcnt=14
[eep] cs=1 sk=0 di=0 do=1 es=3 bitcnt=15
[eep] cs=1 sk=1 di=0 do=1 es=3 bitcnt=15
[eep] cs=0 sk=0 di=0 do=1 es=4 bitcnt=0
[eep] cs=0 sk=1 di=0 do=1 es=0 bitcnt=0
[eep] cs=0 sk=0 di=0 do=1 es=0 bitcnt=0
[eep] cs=0 sk=1 di=0 do=1 es=0 bitcnt=0
[eep] cs=1 sk=0 di=0 do=1 es=0 bitcnt=0
[eep] cs=1 sk=1 di=0 do=1 es=0 bitcnt=0
[eep] cs=0 sk=0 di=0 do=1 es=0 bitcnt=0
[eep] cs=0 sk=1 di=0 do=1 es=0 bitcnt=0
[eep] cs=1 sk=0 di=0 do=1 es=0 bitcnt=0
[eep] cs=1 sk=1 di=0 do=1 es=0 bitcnt=0
[eep] cs=1 sk=0 di=1 do=1 es=0 bitcnt=0
[eep] cs=1 sk=1 di=1 do=1 es=0 bitcnt=0
[eep] cs=1 sk=0 di=0 do=1 es=1 bitcnt=0
[eep] cs=1 sk=1 di=0 do=1 es=1 bitcnt=0
[eep] cs=1 sk=0 di=1 do=1 es=1 bitcnt=1
[eep] cs=1 sk=1 di=1 do=1 es=1 bitcnt=1
[eep] cs=1 sk=0 di=0 do=1 es=1 bitcnt=2
[eep] cs=1 sk=1 di=0 do=1 es=1 bitcnt=2
[eep] cs=1 sk=0 di=1 do=1 es=1 bitcnt=3
[eep] cs=1 sk=1 di=1 do=1 es=1 bitcnt=3
[eep] cs=1 sk=0 di=1 do=1 es=1 bitcnt=4
[eep] cs=1 sk=1 di=1 do=1 es=1 bitcnt=4
[eep] cs=1 sk=0 di=0 do=1 es=1 bitcnt=5
[eep] cs=1 sk=1 di=0 do=1 es=1 bitcnt=5
[eep] cs=1 sk=0 di=1 do=1 es=1 bitcnt=6
[eep] cs=1 sk=1 di=1 do=1 es=1 bitcnt=6
[eep] cs=1 sk=0 di=1 do=1 es=1 bitcnt=7
[eep] cs=1 sk=1 di=1 do=1 es=1 bitcnt=7
[eep] cs=1 sk=0 di=0 do=1 es=3 bitcnt=0
[eep] cs=1 sk=1 di=0 do=1 es=3 bitcnt=0
[eep] cs=1 sk=0 di=0 do=1 es=3 bitcnt=1
[eep] cs=1 sk=1 di=0 do=1 es=3 bitcnt=1
[eep] cs=1 sk=0 di=0 do=1 es=3 bitcnt=2
[eep] cs=1 sk=1 di=0 do=1 es=3 bitcnt=2
[eep] cs=1 sk=0 di=0 do=1 es=3 bitcnt=3
[eep] cs=1 sk=1 di=0 do=1 es=3 bitcnt=3
[eep] cs=1 sk=0 di=0 do=1 es=3 bitcnt=4
[eep] cs=1 sk=1 di=0 do=1 es=3 bitcnt=4
[eep] cs=1 sk=0 di=0 do=1 es=3 bitcnt=5
[eep] cs=1 sk=1 di=0 do=1 es=3 bitcnt=5
[eep] cs=1 sk=0 di=0 do=1 es=3 bitcnt=6
[eep] cs=1 sk=1 di=0 do=1 es=3 bitcnt=6
[eep] cs=1 sk=0 di=0 do=1 es=3 bitcnt=7
[eep] cs=1 sk=1 di=0 do=1 es=3 bitcnt=7
[eep] cs=1 sk=0 di=0 do=1 es=3 bitcnt=8
[eep] cs=1 sk=1 di=0 do=1 es=3 bitcnt=8
[eep] cs=1 sk=0 di=0 do=1 es=3 bitcnt=9
[eep] cs=1 sk=1 di=0 do=1 es=3 bitcnt=9
[eep] cs=1 sk=0 di=0 do=1 es=3 bitcnt=10
[eep] cs=1 sk=1 di=0 do=1 es=3 bitcnt=10
[eep] cs=1 sk=0 di=0 do=1 es=3 bitcnt=11
[eep] cs=1 sk=1 di=0 do=1 es=3 bitcnt=11
[eep] cs=1 sk=0 di=0 do=1 es=3 bitcnt=12
[eep] cs=1 sk=1 di=0 do=1 es=3 bitcnt=12
[eep] cs=1 sk=0 di=0 do=1 es=3 bitcnt=13
[eep] cs=1 sk=1 di=0 do=1 es=3 bitcnt=13
[eep] cs=1 sk=0 di=0 do=1 es=3 bitcnt=14
[eep] cs=1 sk=1 di=0 do=1 es=3 bitcnt=14
[eep] cs=1 sk=0 di=0 do=1 es=3 bitcnt=15
[eep] cs=1 sk=1 di=0 do=1 es=3 bitcnt=15
[eep] cs=0 sk=0 di=0 do=1 es=4 bitcnt=0
[eep] cs=0 sk=1 di=0 do=1 es=0 bitcnt=0
[eep] cs=0 sk=0 di=0 do=1 es=0 bitcnt=0
[eep] cs=0 sk=1 di=0 do=1 es=0 bitcnt=0
[eep] cs=1 sk=0 di=0 do=1 es=0 bitcnt=0
[eep] cs=1 sk=1 di=0 do=1 es=0 bitcnt=0
[eep] cs=0 sk=0 di=0 do=1 es=0 bitcnt=0
[eep] cs=0 sk=1 di=0 do=1 es=0 bitcnt=0
[eep] cs=1 sk=0 di=0 do=1 es=0 bitcnt=0
[eep] cs=1 sk=1 di=0 do=1 es=0 bitcnt=0
[eep] cs=1 sk=0 di=1 do=1 es=0 bitcnt=0
[eep] cs=1 sk=1 di=1 do=1 es=0 bitcnt=0
[eep] cs=1 sk=0 di=0 do=1 es=1 bitcnt=0
[eep] cs=1 sk=1 di=0 do=1 es=1 bitcnt=0
[eep] cs=1 sk=0 di=1 do=1 es=1 bitcnt=1
[eep] cs=1 sk=1 di=1 do=1 es=1 bitcnt=1
[eep] cs=1 sk=0 di=0 do=1 es=1 bitcnt=2
[eep] cs=1 sk=1 di=0 do=1 es=1 bitcnt=2
[eep] cs=1 sk=0 di=1 do=1 es=1 bitcnt=3
[eep] cs=1 sk=1 di=1 do=1 es=1 bitcnt=3
[eep] cs=1 sk=0 di=1 do=1 es=1 bitcnt=4
[eep] cs=1 sk=1 di=1 do=1 es=1 bitcnt=4
[eep] cs=1 sk=0 di=1 do=1 es=1 bitcnt=5
[eep] cs=1 sk=1 di=1 do=1 es=1 bitcnt=5
[eep] cs=1 sk=0 di=0 do=1 es=1 bitcnt=6
[eep] cs=1 sk=1 di=0 do=1 es=1 bitcnt=6
[eep] cs=1 sk=0 di=0 do=1 es=1 bitcnt=7
[eep] cs=1 sk=1 di=0 do=1 es=1 bitcnt=7
[eep] cs=1 sk=0 di=0 do=1 es=3 bitcnt=0
[eep] cs=1 sk=1 di=0 do=1 es=3 bitcnt=0
[eep] cs=1 sk=0 di=0 do=1 es=3 bitcnt=1
[eep] cs=1 sk=1 di=0 do=1 es=3 bitcnt=1
[eep] cs=1 sk=0 di=0 do=1 es=3 bitcnt=2
[eep] cs=1 sk=1 di=0 do=1 es=3 bitcnt=2
[eep] cs=1 sk=0 di=0 do=1 es=3 bitcnt=3
[eep] cs=1 sk=1 di=0 do=1 es=3 bitcnt=3
[eep] cs=1 sk=0 di=0 do=1 es=3 bitcnt=4
[eep] cs=1 sk=1 di=0 do=1 es=3 bitcnt=4
[eep] cs=1 sk=0 di=0 do=1 es=3 bitcnt=5
[eep] cs=1 sk=1 di=0 do=1 es=3 bitcnt=5
[eep] cs=1 sk=0 di=0 do=1 es=3 bitcnt=6
[eep] cs=1 sk=1 di=0 do=1 es=3 bitcnt=6
[eep] cs=1 sk=0 di=0 do=1 es=3 bitcnt=7
[eep] cs=1 sk=1 di=0 do=1 es=3 bitcnt=7
[eep] cs=1 sk=0 di=0 do=1 es=3 bitcnt=8
[eep] cs=1 sk=1 di=0 do=1 es=3 bitcnt=8
[eep] cs=1 sk=0 di=0 do=1 es=3 bitcnt=9
[eep] cs=1 sk=1 di=0 do=1 es=3 bitcnt=9
[eep] cs=1 sk=0 di=0 do=1 es=3 bitcnt=10
[eep] cs=1 sk=1 di=0 do=1 es=3 bitcnt=10
[eep] cs=1 sk=0 di=0 do=1 es=3 bitcnt=11
[eep] cs=1 sk=1 di=0 do=1 es=3 bitcnt=11
[eep] cs=1 sk=0 di=0 do=1 es=3 bitcnt=12
[eep] cs=1 sk=1 di=0 do=1 es=3 bitcnt=12
[eep] cs=1 sk=0 di=0 do=1 es=3 bitcnt=13
[eep] cs=1 sk=1 di=0 do=1 es=3 bitcnt=13
[eep] cs=1 sk=0 di=0 do=1 es=3 bitcnt=14
[eep] cs=1 sk=1 di=0 do=1 es=3 bitcnt=14
[eep] cs=1 sk=0 di=0 do=1 es=3 bitcnt=15
[eep] cs=1 sk=1 di=0 do=1 es=3 bitcnt=15
[eep] cs=0 sk=0 di=0 do=1 es=4 bitcnt=0
[eep] cs=0 sk=1 di=0 do=1 es=0 bitcnt=0
[eep] cs=0 sk=0 di=0 do=1 es=0 bitcnt=0
[eep] cs=0 sk=1 di=0 do=1 es=0 bitcnt=0
[eep] cs=1 sk=0 di=0 do=1 es=0 bitcnt=0
[eep] cs=1 sk=1 di=0 do=1 es=0 bitcnt=0
[eep] cs=0 sk=0 di=0 do=1 es=0 bitcnt=0
[eep] cs=0 sk=1 di=0 do=1 es=0 bitcnt=0
[eep] cs=1 sk=0 di=0 do=1 es=0 bitcnt=0
[eep] cs=1 sk=1 di=0 do=1 es=0 bitcnt=0
[eep] cs=1 sk=0 di=1 do=1 es=0 bitcnt=0
[eep] cs=1 sk=1 di=1 do=1 es=0 bitcnt=0
[eep] cs=1 sk=0 di=0 do=1 es=1 bitcnt=0
[eep] cs=1 sk=1 di=0 do=1 es=1 bitcnt=0
[eep] cs=1 sk=0 di=1 do=1 es=1 bitcnt=1
[eep] cs=1 sk=1 di=1 do=1 es=1 bitcnt=1
[eep] cs=1 sk=0 di=0 do=1 es=1 bitcnt=2
[eep] cs=1 sk=1 di=0 do=1 es=1 bitcnt=2
[eep] cs=1 sk=0 di=1 do=1 es=1 bitcnt=3
[eep] cs=1 sk=1 di=1 do=1 es=1 bitcnt=3
[eep] cs=1 sk=0 di=1 do=1 es=1 bitcnt=4
[eep] cs=1 sk=1 di=1 do=1 es=1 bitcnt=4
[eep] cs=1 sk=0 di=1 do=1 es=1 bitcnt=5
[eep] cs=1 sk=1 di=1 do=1 es=1 bitcnt=5
[eep] cs=1 sk=0 di=0 do=1 es=1 bitcnt=6
[eep] cs=1 sk=1 di=0 do=1 es=1 bitcnt=6
[eep] cs=1 sk=0 di=1 do=1 es=1 bitcnt=7
[eep] cs=1 sk=1 di=1 do=1 es=1 bitcnt=7
[eep] cs=1 sk=0 di=0 do=1 es=3 bitcnt=0
[eep] cs=1 sk=1 di=0 do=1 es=3 bitcnt=0
[eep] cs=1 sk=0 di=0 do=1 es=3 bitcnt=1
[eep] cs=1 sk=1 di=0 do=1 es=3 bitcnt=1
[eep] cs=1 sk=0 di=0 do=1 es=3 bitcnt=2
[eep] cs=1 sk=1 di=0 do=1 es=3 bitcnt=2
[eep] cs=1 sk=0 di=0 do=1 es=3 bitcnt=3
[eep] cs=1 sk=1 di=0 do=1 es=3 bitcnt=3
[eep] cs=1 sk=0 di=0 do=1 es=3 bitcnt=4
[eep] cs=1 sk=1 di=0 do=1 es=3 bitcnt=4
[eep] cs=1 sk=0 di=0 do=1 es=3 bitcnt=5
[eep] cs=1 sk=1 di=0 do=1 es=3 bitcnt=5
[eep] cs=1 sk=0 di=0 do=1 es=3 bitcnt=6
[eep] cs=1 sk=1 di=0 do=1 es=3 bitcnt=6
[eep] cs=1 sk=0 di=0 do=1 es=3 bitcnt=7
[eep] cs=1 sk=1 di=0 do=1 es=3 bitcnt=7
[eep] cs=1 sk=0 di=0 do=1 es=3 bitcnt=8
[eep] cs=1 sk=1 di=0 do=1 es=3 bitcnt=8
[eep] cs=1 sk=0 di=0 do=1 es=3 bitcnt=9
[eep] cs=1 sk=1 di=0 do=1 es=3 bitcnt=9
[eep] cs=1 sk=0 di=0 do=1 es=3 bitcnt=10
[eep] cs=1 sk=1 di=0 do=1 es=3 bitcnt=10
[eep] cs=1 sk=0 di=0 do=1 es=3 bitcnt=11
[eep] cs=1 sk=1 di=0 do=1 es=3 bitcnt=11
[eep] cs=1 sk=0 di=0 do=1 es=3 bitcnt=12
[eep] cs=1 sk=1 di=0 do=1 es=3 bitcnt=12
[eep] cs=1 sk=0 di=0 do=1 es=3 bitcnt=13
[eep] cs=1 sk=1 di=0 do=1 es=3 bitcnt=13
[eep] cs=1 sk=0 di=0 do=1 es=3 bitcnt=14
[eep] cs=1 sk=1 di=0 do=1 es=3 bitcnt=14
[eep] cs=1 sk=0 di=0 do=1 es=3 bitcnt=15
[eep] cs=1 sk=1 di=0 do=1 es=3 bitcnt=15
[eep] cs=0 sk=0 di=0 do=1 es=4 bitcnt=0
[eep] cs=0 sk=1 di=0 do=1 es=0 bitcnt=0
[eep] cs=0 sk=0 di=0 do=1 es=0 bitcnt=0
[eep] cs=0 sk=1 di=0 do=1 es=0 bitcnt=0
[eep] cs=1 sk=0 di=0 do=1 es=0 bitcnt=0
[eep] cs=1 sk=1 di=0 do=1 es=0 bitcnt=0
[eep] cs=0 sk=0 di=0 do=1 es=0 bitcnt=0
[eep] cs=0 sk=1 di=0 do=1 es=0 bitcnt=0
[eep] cs=1 sk=0 di=0 do=1 es=0 bitcnt=0
[eep] cs=1 sk=1 di=0 do=1 es=0 bitcnt=0
[eep] cs=1 sk=0 di=1 do=1 es=0 bitcnt=0
[eep] cs=1 sk=1 di=1 do=1 es=0 bitcnt=0
[eep] cs=1 sk=0 di=0 do=1 es=1 bitcnt=0
[eep] cs=1 sk=1 di=0 do=1 es=1 bitcnt=0
[eep] cs=1 sk=0 di=1 do=1 es=1 bitcnt=1
[eep] cs=1 sk=1 di=1 do=1 es=1 bitcnt=1
[eep] cs=1 sk=0 di=0 do=1 es=1 bitcnt=2
[eep] cs=1 sk=1 di=0 do=1 es=1 bitcnt=2
[eep] cs=1 sk=0 di=1 do=1 es=1 bitcnt=3
[eep] cs=1 sk=1 di=1 do=1 es=1 bitcnt=3
[eep] cs=1 sk=0 di=1 do=1 es=1 bitcnt=4
[eep] cs=1 sk=1 di=1 do=1 es=1 bitcnt=4
[eep] cs=1 sk=0 di=1 do=1 es=1 bitcnt=5
[eep] cs=1 sk=1 di=1 do=1 es=1 bitcnt=5
[eep] cs=1 sk=0 di=1 do=1 es=1 bitcnt=6
[eep] cs=1 sk=1 di=1 do=1 es=1 bitcnt=6
[eep] cs=1 sk=0 di=0 do=1 es=1 bitcnt=7
[eep] cs=1 sk=1 di=0 do=1 es=1 bitcnt=7
[eep] cs=1 sk=0 di=0 do=1 es=3 bitcnt=0
[eep] cs=1 sk=1 di=0 do=1 es=3 bitcnt=0
[eep] cs=1 sk=0 di=0 do=1 es=3 bitcnt=1
[eep] cs=1 sk=1 di=0 do=1 es=3 bitcnt=1
[eep] cs=1 sk=0 di=0 do=1 es=3 bitcnt=2
[eep] cs=1 sk=1 di=0 do=1 es=3 bitcnt=2
[eep] cs=1 sk=0 di=0 do=1 es=3 bitcnt=3
[eep] cs=1 sk=1 di=0 do=1 es=3 bitcnt=3
[eep] cs=1 sk=0 di=0 do=1 es=3 bitcnt=4
[eep] cs=1 sk=1 di=0 do=1 es=3 bitcnt=4
[eep] cs=1 sk=0 di=0 do=1 es=3 bitcnt=5
[eep] cs=1 sk=1 di=0 do=1 es=3 bitcnt=5
[eep] cs=1 sk=0 di=0 do=1 es=3 bitcnt=6
[eep] cs=1 sk=1 di=0 do=1 es=3 bitcnt=6
[eep] cs=1 sk=0 di=0 do=1 es=3 bitcnt=7
[eep] cs=1 sk=1 di=0 do=1 es=3 bitcnt=7
[eep] cs=1 sk=0 di=0 do=1 es=3 bitcnt=8
[eep] cs=1 sk=1 di=0 do=1 es=3 bitcnt=8
[eep] cs=1 sk=0 di=0 do=1 es=3 bitcnt=9
[eep] cs=1 sk=1 di=0 do=1 es=3 bitcnt=9
[eep] cs=1 sk=0 di=0 do=1 es=3 bitcnt=10
[eep] cs=1 sk=1 di=0 do=1 es=3 bitcnt=10
[eep] cs=1 sk=0 di=0 do=1 es=3 bitcnt=11
[eep] cs=1 sk=1 di=0 do=1 es=3 bitcnt=11
[eep] cs=1 sk=0 di=0 do=1 es=3 bitcnt=12
[eep] cs=1 sk=1 di=0 do=1 es=3 bitcnt=12
[eep] cs=1 sk=0 di=0 do=1 es=3 bitcnt=13
[eep] cs=1 sk=1 di=0 do=1 es=3 bitcnt=13
[eep] cs=1 sk=0 di=0 do=1 es=3 bitcnt=14
[eep] cs=1 sk=1 di=0 do=1 es=3 bitcnt=14
[eep] cs=1 sk=0 di=0 do=1 es=3 bitcnt=15
[eep] cs=1 sk=1 di=0 do=1 es=3 bitcnt=15
[eep] cs=0 sk=0 di=0 do=1 es=4 bitcnt=0
[eep] cs=0 sk=1 di=0 do=1 es=0 bitcnt=0
[eep] cs=0 sk=0 di=0 do=1 es=0 bitcnt=0
[eep] cs=0 sk=1 di=0 do=1 es=0 bitcnt=0
[eep] cs=1 sk=0 di=0 do=1 es=0 bitcnt=0
[eep] cs=1 sk=1 di=0 do=1 es=0 bitcnt=0
[eep] cs=0 sk=0 di=0 do=1 es=0 bitcnt=0
[eep] cs=0 sk=1 di=0 do=1 es=0 bitcnt=0
[eep] cs=1 sk=0 di=0 do=1 es=0 bitcnt=0
[eep] cs=1 sk=1 di=0 do=1 es=0 bitcnt=0
[eep] cs=1 sk=0 di=1 do=1 es=0 bitcnt=0
[eep] cs=1 sk=1 di=1 do=1 es=0 bitcnt=0
[eep] cs=1 sk=0 di=0 do=1 es=1 bitcnt=0
[eep] cs=1 sk=1 di=0 do=1 es=1 bitcnt=0
[eep] cs=1 sk=0 di=1 do=1 es=1 bitcnt=1
[eep] cs=1 sk=1 di=1 do=1 es=1 bitcnt=1
[eep] cs=1 sk=0 di=0 do=1 es=1 bitcnt=2
[eep] cs=1 sk=1 di=0 do=1 es=1 bitcnt=2
[eep] cs=1 sk=0 di=1 do=1 es=1 bitcnt=3
[eep] cs=1 sk=1 di=1 do=1 es=1 bitcnt=3
[eep] cs=1 sk=0 di=1 do=1 es=1 bitcnt=4
[eep] cs=1 sk=1 di=1 do=1 es=1 bitcnt=4
[eep] cs=1 sk=0 di=1 do=1 es=1 bitcnt=5
[eep] cs=1 sk=1 di=1 do=1 es=1 bitcnt=5
[eep] cs=1 sk=0 di=1 do=1 es=1 bitcnt=6
[eep] cs=1 sk=1 di=1 do=1 es=1 bitcnt=6
[eep] cs=1 sk=0 di=1 do=1 es=1 bitcnt=7
[eep] cs=1 sk=1 di=1 do=1 es=1 bitcnt=7
[eep] cs=1 sk=0 di=0 do=1 es=3 bitcnt=0
[eep] cs=1 sk=1 di=0 do=1 es=3 bitcnt=0
[eep] cs=1 sk=0 di=0 do=1 es=3 bitcnt=1
[eep] cs=1 sk=1 di=0 do=1 es=3 bitcnt=1
[eep] cs=1 sk=0 di=0 do=1 es=3 bitcnt=2
[eep] cs=1 sk=1 di=0 do=1 es=3 bitcnt=2
[eep] cs=1 sk=0 di=0 do=1 es=3 bitcnt=3
[eep] cs=1 sk=1 di=0 do=1 es=3 bitcnt=3
[eep] cs=1 sk=0 di=0 do=1 es=3 bitcnt=4
[eep] cs=1 sk=1 di=0 do=1 es=3 bitcnt=4
[eep] cs=1 sk=0 di=0 do=1 es=3 bitcnt=5
[eep] cs=1 sk=1 di=0 do=1 es=3 bitcnt=5
[eep] cs=1 sk=0 di=0 do=1 es=3 bitcnt=6
[eep] cs=1 sk=1 di=0 do=1 es=3 bitcnt=6
[eep] cs=1 sk=0 di=0 do=1 es=3 bitcnt=7
[eep] cs=1 sk=1 di=0 do=1 es=3 bitcnt=7
[eep] cs=1 sk=0 di=0 do=1 es=3 bitcnt=8
[eep] cs=1 sk=1 di=0 do=1 es=3 bitcnt=8
[eep] cs=1 sk=0 di=0 do=1 es=3 bitcnt=9
[eep] cs=1 sk=1 di=0 do=1 es=3 bitcnt=9
[eep] cs=1 sk=0 di=0 do=1 es=3 bitcnt=10
[eep] cs=1 sk=1 di=0 do=1 es=3 bitcnt=10
[eep] cs=1 sk=0 di=0 do=1 es=3 bitcnt=11
[eep] cs=1 sk=1 di=0 do=1 es=3 bitcnt=11
[eep] cs=1 sk=0 di=0 do=1 es=3 bitcnt=12
[eep] cs=1 sk=1 di=0 do=1 es=3 bitcnt=12
[eep] cs=1 sk=0 di=0 do=1 es=3 bitcnt=13
[eep] cs=1 sk=1 di=0 do=1 es=3 bitcnt=13
[eep] cs=1 sk=0 di=0 do=1 es=3 bitcnt=14
[eep] cs=1 sk=1 di=0 do=1 es=3 bitcnt=14
[eep] cs=1 sk=0 di=0 do=1 es=3 bitcnt=15
[eep] cs=1 sk=1 di=0 do=1 es=3 bitcnt=15
[eep] cs=0 sk=0 di=0 do=1 es=4 bitcnt=0
[eep] cs=0 sk=1 di=0 do=1 es=0 bitcnt=0
[eep] cs=0 sk=0 di=0 do=1 es=0 bitcnt=0
[eep] cs=0 sk=1 di=0 do=1 es=0 bitcnt=0
[eep] cs=1 sk=0 di=0 do=1 es=0 bitcnt=0
[eep] cs=1 sk=1 di=0 do=1 es=0 bitcnt=0
[eep] cs=0 sk=0 di=0 do=1 es=0 bitcnt=0
[eep] cs=0 sk=1 di=0 do=1 es=0 bitcnt=0
[eep] cs=1 sk=0 di=0 do=1 es=0 bitcnt=0
[eep] cs=1 sk=1 di=0 do=1 es=0 bitcnt=0
[eep] cs=1 sk=0 di=1 do=1 es=0 bitcnt=0
[eep] cs=1 sk=1 di=1 do=1 es=0 bitcnt=0
[eep] cs=1 sk=0 di=0 do=1 es=1 bitcnt=0
[eep] cs=1 sk=1 di=0 do=1 es=1 bitcnt=0
[eep] cs=1 sk=0 di=1 do=1 es=1 bitcnt=1
[eep] cs=1 sk=1 di=1 do=1 es=1 bitcnt=1
[eep] cs=1 sk=0 di=1 do=1 es=1 bitcnt=2
[eep] cs=1 sk=1 di=1 do=1 es=1 bitcnt=2
[eep] cs=1 sk=0 di=0 do=1 es=1 bitcnt=3
[eep] cs=1 sk=1 di=0 do=1 es=1 bitcnt=3
[eep] cs=1 sk=0 di=0 do=1 es=1 bitcnt=4
[eep] cs=1 sk=1 di=0 do=1 es=1 bitcnt=4
[eep] cs=1 sk=0 di=0 do=1 es=1 bitcnt=5
[eep] cs=1 sk=1 di=0 do=1 es=1 bitcnt=5
[eep] cs=1 sk=0 di=0 do=1 es=1 bitcnt=6
[eep] cs=1 sk=1 di=0 do=1 es=1 bitcnt=6
[eep] cs=1 sk=0 di=0 do=1 es=1 bitcnt=7
[eep] cs=1 sk=1 di=0 do=1 es=1 bitcnt=7
[eep] cs=1 sk=0 di=0 do=1 es=3 bitcnt=0
[eep] cs=1 sk=1 di=0 do=1 es=3 bitcnt=0
[eep] cs=1 sk=0 di=1 do=1 es=3 bitcnt=1
[eep] cs=1 sk=1 di=1 do=1 es=3 bitcnt=1
[eep] cs=1 sk=0 di=0 do=1 es=3 bitcnt=2
[eep] cs=1 sk=1 di=0 do=1 es=3 bitcnt=2
[eep] cs=1 sk=0 di=0 do=1 es=3 bitcnt=3
[eep] cs=1 sk=1 di=0 do=1 es=3 bitcnt=3
[eep] cs=1 sk=0 di=0 do=1 es=3 bitcnt=4
[eep] cs=1 sk=1 di=0 do=1 es=3 bitcnt=4
[eep] cs=1 sk=0 di=1 do=1 es=3 bitcnt=5
[eep] cs=1 sk=1 di=1 do=1 es=3 bitcnt=5
[eep] cs=1 sk=0 di=0 do=1 es=3 bitcnt=6
[eep] cs=1 sk=1 di=0 do=1 es=3 bitcnt=6
[eep] cs=1 sk=0 di=1 do=1 es=3 bitcnt=7
[eep] cs=1 sk=1 di=1 do=1 es=3 bitcnt=7
[eep] cs=1 sk=0 di=0 do=1 es=3 bitcnt=8
[eep] cs=1 sk=1 di=0 do=1 es=3 bitcnt=8
[eep] cs=1 sk=0 di=1 do=1 es=3 bitcnt=9
[eep] cs=1 sk=1 di=1 do=1 es=3 bitcnt=9
[eep] cs=1 sk=0 di=0 do=1 es=3 bitcnt=10
[eep] cs=1 sk=1 di=0 do=1 es=3 bitcnt=10
[eep] cs=1 sk=0 di=1 do=1 es=3 bitcnt=11
[eep] cs=1 sk=1 di=1 do=1 es=3 bitcnt=11
[eep] cs=1 sk=0 di=0 do=1 es=3 bitcnt=12
[eep] cs=1 sk=1 di=0 do=1 es=3 bitcnt=12
[eep] cs=1 sk=0 di=0 do=1 es=3 bitcnt=13
[eep] cs=1 sk=1 di=0 do=1 es=3 bitcnt=13
[eep] cs=1 sk=0 di=1 do=1 es=3 bitcnt=14
[eep] cs=1 sk=1 di=1 do=1 es=3 bitcnt=14
[eep] cs=1 sk=0 di=1 do=1 es=3 bitcnt=15
[eep] cs=1 sk=1 di=1 do=1 es=3 bitcnt=15
[eep] cs=0 sk=0 di=0 do=1 es=4 bitcnt=0
[eep] cs=0 sk=1 di=0 do=1 es=0 bitcnt=0
[eep] cs=0 sk=0 di=0 do=1 es=0 bitcnt=0
[eep] cs=0 sk=1 di=0 do=1 es=0 bitcnt=0
[eep] cs=1 sk=0 di=0 do=1 es=0 bitcnt=0
[eep] cs=1 sk=1 di=0 do=1 es=0 bitcnt=0
[eep] cs=0 sk=0 di=0 do=1 es=0 bitcnt=0
[eep] cs=0 sk=1 di=0 do=1 es=0 bitcnt=0
[eep] cs=1 sk=0 di=0 do=1 es=0 bitcnt=0
[eep] cs=1 sk=1 di=0 do=1 es=0 bitcnt=0
[eep] cs=1 sk=0 di=1 do=1 es=0 bitcnt=0
[eep] cs=1 sk=1 di=1 do=1 es=0 bitcnt=0
[eep] cs=1 sk=0 di=0 do=1 es=1 bitcnt=0
[eep] cs=1 sk=1 di=0 do=1 es=1 bitcnt=0
[eep] cs=1 sk=0 di=1 do=1 es=1 bitcnt=1
[eep] cs=1 sk=1 di=1 do=1 es=1 bitcnt=1
[eep] cs=1 sk=0 di=1 do=1 es=1 bitcnt=2
[eep] cs=1 sk=1 di=1 do=1 es=1 bitcnt=2
[eep] cs=1 sk=0 di=0 do=1 es=1 bitcnt=3
[eep] cs=1 sk=1 di=0 do=1 es=1 bitcnt=3
[eep] cs=1 sk=0 di=0 do=1 es=1 bitcnt=4
[eep] cs=1 sk=1 di=0 do=1 es=1 bitcnt=4
[eep] cs=1 sk=0 di=0 do=1 es=1 bitcnt=5
[eep] cs=1 sk=1 di=0 do=1 es=1 bitcnt=5
[eep] cs=1 sk=0 di=0 do=1 es=1 bitcnt=6
[eep] cs=1 sk=1 di=0 do=1 es=1 bitcnt=6
[eep] cs=1 sk=0 di=1 do=1 es=1 bitcnt=7
[eep] cs=1 sk=1 di=1 do=1 es=1 bitcnt=7
[eep] cs=1 sk=0 di=0 do=1 es=3 bitcnt=0
[eep] cs=1 sk=1 di=0 do=1 es=3 bitcnt=0
[eep] cs=1 sk=0 di=1 do=1 es=3 bitcnt=1
[eep] cs=1 sk=1 di=1 do=1 es=3 bitcnt=1
[eep] cs=1 sk=0 di=0 do=1 es=3 bitcnt=2
[eep] cs=1 sk=1 di=0 do=1 es=3 bitcnt=2
[eep] cs=1 sk=0 di=0 do=1 es=3 bitcnt=3
[eep] cs=1 sk=1 di=0 do=1 es=3 bitcnt=3
[eep] cs=1 sk=0 di=0 do=1 es=3 bitcnt=4
[eep] cs=1 sk=1 di=0 do=1 es=3 bitcnt=4
[eep] cs=1 sk=0 di=0 do=1 es=3 bitcnt=5
[eep] cs=1 sk=1 di=0 do=1 es=3 bitcnt=5
[eep] cs=1 sk=0 di=0 do=1 es=3 bitcnt=6
[eep] cs=1 sk=1 di=0 do=1 es=3 bitcnt=6
[eep] cs=1 sk=0 di=1 do=1 es=3 bitcnt=7
[eep] cs=1 sk=1 di=1 do=1 es=3 bitcnt=7
[eep] cs=1 sk=0 di=0 do=1 es=3 bitcnt=8
[eep] cs=1 sk=1 di=0 do=1 es=3 bitcnt=8
[eep] cs=1 sk=0 di=1 do=1 es=3 bitcnt=9
[eep] cs=1 sk=1 di=1 do=1 es=3 bitcnt=9
[eep] cs=1 sk=0 di=0 do=1 es=3 bitcnt=10
[eep] cs=1 sk=1 di=0 do=1 es=3 bitcnt=10
[eep] cs=1 sk=0 di=0 do=1 es=3 bitcnt=11
[eep] cs=1 sk=1 di=0 do=1 es=3 bitcnt=11
[eep] cs=1 sk=0 di=0 do=1 es=3 bitcnt=12
[eep] cs=1 sk=1 di=0 do=1 es=3 bitcnt=12
[eep] cs=1 sk=0 di=1 do=1 es=3 bitcnt=13
[eep] cs=1 sk=1 di=1 do=1 es=3 bitcnt=13
[eep] cs=1 sk=0 di=1 do=1 es=3 bitcnt=14
[eep] cs=1 sk=1 di=1 do=1 es=3 bitcnt=14
[eep] cs=1 sk=0 di=1 do=1 es=3 bitcnt=15
[eep] cs=1 sk=1 di=1 do=1 es=3 bitcnt=15
[eep] cs=0 sk=0 di=0 do=1 es=4 bitcnt=0
[eep] cs=0 sk=1 di=0 do=1 es=0 bitcnt=0
[eep] cs=0 sk=0 di=0 do=1 es=0 bitcnt=0
[eep] cs=0 sk=1 di=0 do=1 es=0 bitcnt=0
[eep] cs=1 sk=0 di=0 do=1 es=0 bitcnt=0
[eep] cs=1 sk=1 di=0 do=1 es=0 bitcnt=0
[eep] cs=0 sk=0 di=0 do=1 es=0 bitcnt=0
[eep] cs=0 sk=1 di=0 do=1 es=0 bitcnt=0
[eep] cs=1 sk=0 di=0 do=1 es=0 bitcnt=0
[eep] cs=1 sk=1 di=0 do=1 es=0 bitcnt=0
[eep] cs=1 sk=0 di=1 do=1 es=0 bitcnt=0
[eep] cs=1 sk=1 di=1 do=1 es=0 bitcnt=0
[eep] cs=1 sk=0 di=0 do=1 es=1 bitcnt=0
[eep] cs=1 sk=1 di=0 do=1 es=1 bitcnt=0
[eep] cs=1 sk=0 di=1 do=1 es=1 bitcnt=1
[eep] cs=1 sk=1 di=1 do=1 es=1 bitcnt=1
[eep] cs=1 sk=0 di=1 do=1 es=1 bitcnt=2
[eep] cs=1 sk=1 di=1 do=1 es=1 bitcnt=2
[eep] cs=1 sk=0 di=0 do=1 es=1 bitcnt=3
[eep] cs=1 sk=1 di=0 do=1 es=1 bitcnt=3
[eep] cs=1 sk=0 di=0 do=1 es=1 bitcnt=4
[eep] cs=1 sk=1 di=0 do=1 es=1 bitcnt=4
[eep] cs=1 sk=0 di=0 do=1 es=1 bitcnt=5
[eep] cs=1 sk=1 di=0 do=1 es=1 bitcnt=5
[eep] cs=1 sk=0 di=1 do=1 es=1 bitcnt=6
[eep] cs=1 sk=1 di=1 do=1 es=1 bitcnt=6
[eep] cs=1 sk=0 di=0 do=1 es=1 bitcnt=7
[eep] cs=1 sk=1 di=0 do=1 es=1 bitcnt=7
[eep] cs=1 sk=0 di=1 do=1 es=3 bitcnt=0
[eep] cs=1 sk=1 di=1 do=1 es=3 bitcnt=0
[eep] cs=1 sk=0 di=0 do=1 es=3 bitcnt=1
[eep] cs=1 sk=1 di=0 do=1 es=3 bitcnt=1
[eep] cs=1 sk=0 di=0 do=1 es=3 bitcnt=2
[eep] cs=1 sk=1 di=0 do=1 es=3 bitcnt=2
[eep] cs=1 sk=0 di=0 do=1 es=3 bitcnt=3
[eep] cs=1 sk=1 di=0 do=1 es=3 bitcnt=3
[eep] cs=1 sk=0 di=0 do=1 es=3 bitcnt=4
[eep] cs=1 sk=1 di=0 do=1 es=3 bitcnt=4
[eep] cs=1 sk=0 di=0 do=1 es=3 bitcnt=5
[eep] cs=1 sk=1 di=0 do=1 es=3 bitcnt=5
[eep] cs=1 sk=0 di=1 do=1 es=3 bitcnt=6
[eep] cs=1 sk=1 di=1 do=1 es=3 bitcnt=6
[eep] cs=1 sk=0 di=1 do=1 es=3 bitcnt=7
[eep] cs=1 sk=1 di=1 do=1 es=3 bitcnt=7
[eep] cs=1 sk=0 di=0 do=1 es=3 bitcnt=8
[eep] cs=1 sk=1 di=0 do=1 es=3 bitcnt=8
[eep] cs=1 sk=0 di=0 do=1 es=3 bitcnt=9
[eep] cs=1 sk=1 di=0 do=1 es=3 bitcnt=9
[eep] cs=1 sk=0 di=0 do=1 es=3 bitcnt=10
[eep] cs=1 sk=1 di=0 do=1 es=3 bitcnt=10
[eep] cs=1 sk=0 di=0 do=1 es=3 bitcnt=11
[eep] cs=1 sk=1 di=0 do=1 es=3 bitcnt=11
[eep] cs=1 sk=0 di=0 do=1 es=3 bitcnt=12
[eep] cs=1 sk=1 di=0 do=1 es=3 bitcnt=12
[eep] cs=1 sk=0 di=0 do=1 es=3 bitcnt=13
[eep] cs=1 sk=1 di=0 do=1 es=3 bitcnt=13
[eep] cs=1 sk=0 di=0 do=1 es=3 bitcnt=14
[eep] cs=1 sk=1 di=0 do=1 es=3 bitcnt=14
[eep] cs=1 sk=0 di=1 do=1 es=3 bitcnt=15
[eep] cs=1 sk=1 di=1 do=1 es=3 bitcnt=15
[eep] cs=0 sk=0 di=0 do=1 es=4 bitcnt=0
[eep] cs=0 sk=1 di=0 do=1 es=0 bitcnt=0
[eep] cs=0 sk=0 di=0 do=1 es=0 bitcnt=0
[eep] cs=0 sk=1 di=0 do=1 es=0 bitcnt=0
[eep] cs=1 sk=0 di=0 do=1 es=0 bitcnt=0
[eep] cs=1 sk=1 di=0 do=1 es=0 bitcnt=0
[eep] cs=0 sk=0 di=0 do=1 es=0 bitcnt=0
[eep] cs=0 sk=1 di=0 do=1 es=0 bitcnt=0
[eep] cs=1 sk=0 di=0 do=1 es=0 bitcnt=0
[eep] cs=1 sk=1 di=0 do=1 es=0 bitcnt=0
[eep] cs=1 sk=0 di=1 do=1 es=0 bitcnt=0
[eep] cs=1 sk=1 di=1 do=1 es=0 bitcnt=0
[eep] cs=1 sk=0 di=0 do=1 es=1 bitcnt=0
[eep] cs=1 sk=1 di=0 do=1 es=1 bitcnt=0
[eep] cs=1 sk=0 di=1 do=1 es=1 bitcnt=1
[eep] cs=1 sk=1 di=1 do=1 es=1 bitcnt=1
[eep] cs=1 sk=0 di=1 do=1 es=1 bitcnt=2
[eep] cs=1 sk=1 di=1 do=1 es=1 bitcnt=2
[eep] cs=1 sk=0 di=0 do=1 es=1 bitcnt=3
[eep] cs=1 sk=1 di=0 do=1 es=1 bitcnt=3
[eep] cs=1 sk=0 di=0 do=1 es=1 bitcnt=4
[eep] cs=1 sk=1 di=0 do=1 es=1 bitcnt=4
[eep] cs=1 sk=0 di=0 do=1 es=1 bitcnt=5
[eep] cs=1 sk=1 di=0 do=1 es=1 bitcnt=5
[eep] cs=1 sk=0 di=1 do=1 es=1 bitcnt=6
[eep] cs=1 sk=1 di=1 do=1 es=1 bitcnt=6
[eep] cs=1 sk=0 di=1 do=1 es=1 bitcnt=7
[eep] cs=1 sk=1 di=1 do=1 es=1 bitcnt=7
[eep] cs=1 sk=0 di=0 do=1 es=3 bitcnt=0
[eep] cs=1 sk=1 di=0 do=1 es=3 bitcnt=0
[eep] cs=1 sk=0 di=0 do=1 es=3 bitcnt=1
[eep] cs=1 sk=1 di=0 do=1 es=3 bitcnt=1
[eep] cs=1 sk=0 di=0 do=1 es=3 bitcnt=2
[eep] cs=1 sk=1 di=0 do=1 es=3 bitcnt=2
[eep] cs=1 sk=0 di=0 do=1 es=3 bitcnt=3
[eep] cs=1 sk=1 di=0 do=1 es=3 bitcnt=3
[eep] cs=1 sk=0 di=0 do=1 es=3 bitcnt=4
[eep] cs=1 sk=1 di=0 do=1 es=3 bitcnt=4
[eep] cs=1 sk=0 di=0 do=1 es=3 bitcnt=5
[eep] cs=1 sk=1 di=0 do=1 es=3 bitcnt=5
[eep] cs=1 sk=0 di=0 do=1 es=3 bitcnt=6
[eep] cs=1 sk=1 di=0 do=1 es=3 bitcnt=6
[eep] cs=1 sk=0 di=0 do=1 es=3 bitcnt=7
[eep] cs=1 sk=1 di=0 do=1 es=3 bitcnt=7
[eep] cs=1 sk=0 di=0 do=1 es=3 bitcnt=8
[eep] cs=1 sk=1 di=0 do=1 es=3 bitcnt=8
[eep] cs=1 sk=0 di=0 do=1 es=3 bitcnt=9
[eep] cs=1 sk=1 di=0 do=1 es=3 bitcnt=9
[eep] cs=1 sk=0 di=0 do=1 es=3 bitcnt=10
[eep] cs=1 sk=1 di=0 do=1 es=3 bitcnt=10
[eep] cs=1 sk=0 di=0 do=1 es=3 bitcnt=11
[eep] cs=1 sk=1 di=0 do=1 es=3 bitcnt=11
[eep] cs=1 sk=0 di=0 do=1 es=3 bitcnt=12
[eep] cs=1 sk=1 di=0 do=1 es=3 bitcnt=12
[eep] cs=1 sk=0 di=0 do=1 es=3 bitcnt=13
[eep] cs=1 sk=1 di=0 do=1 es=3 bitcnt=13
[eep] cs=1 sk=0 di=0 do=1 es=3 bitcnt=14
[eep] cs=1 sk=1 di=0 do=1 es=3 bitcnt=14
[eep] cs=1 sk=0 di=1 do=1 es=3 bitcnt=15
[eep] cs=1 sk=1 di=1 do=1 es=3 bitcnt=15
[eep] cs=0 sk=0 di=0 do=1 es=4 bitcnt=0
[eep] cs=0 sk=1 di=0 do=1 es=0 bitcnt=0
[eep] cs=0 sk=0 di=0 do=1 es=0 bitcnt=0
[eep] cs=0 sk=1 di=0 do=1 es=0 bitcnt=0
[eep] cs=1 sk=0 di=0 do=1 es=0 bitcnt=0
[eep] cs=1 sk=1 di=0 do=1 es=0 bitcnt=0
[eep] cs=0 sk=0 di=0 do=1 es=0 bitcnt=0
[eep] cs=0 sk=1 di=0 do=1 es=0 bitcnt=0
[eep] cs=1 sk=0 di=0 do=1 es=0 bitcnt=0
[eep] cs=1 sk=1 di=0 do=1 es=0 bitcnt=0
[eep] cs=1 sk=0 di=1 do=1 es=0 bitcnt=0
[eep] cs=1 sk=1 di=1 do=1 es=0 bitcnt=0
[eep] cs=1 sk=0 di=0 do=1 es=1 bitcnt=0
[eep] cs=1 sk=1 di=0 do=1 es=1 bitcnt=0
[eep] cs=1 sk=0 di=1 do=1 es=1 bitcnt=1
[eep] cs=1 sk=1 di=1 do=1 es=1 bitcnt=1
[eep] cs=1 sk=0 di=1 do=1 es=1 bitcnt=2
[eep] cs=1 sk=1 di=1 do=1 es=1 bitcnt=2
[eep] cs=1 sk=0 di=0 do=1 es=1 bitcnt=3
[eep] cs=1 sk=1 di=0 do=1 es=1 bitcnt=3
[eep] cs=1 sk=0 di=0 do=1 es=1 bitcnt=4
[eep] cs=1 sk=1 di=0 do=1 es=1 bitcnt=4
[eep] cs=1 sk=0 di=1 do=1 es=1 bitcnt=5
[eep] cs=1 sk=1 di=1 do=1 es=1 bitcnt=5
[eep] cs=1 sk=0 di=0 do=1 es=1 bitcnt=6
[eep] cs=1 sk=1 di=0 do=1 es=1 bitcnt=6
[eep] cs=1 sk=0 di=0 do=1 es=1 bitcnt=7
[eep] cs=1 sk=1 di=0 do=1 es=1 bitcnt=7
[eep] cs=1 sk=0 di=1 do=1 es=3 bitcnt=0
[eep] cs=1 sk=1 di=1 do=1 es=3 bitcnt=0
[eep] cs=1 sk=0 di=0 do=1 es=3 bitcnt=1
[eep] cs=1 sk=1 di=0 do=1 es=3 bitcnt=1
[eep] cs=1 sk=0 di=1 do=1 es=3 bitcnt=2
[eep] cs=1 sk=1 di=1 do=1 es=3 bitcnt=2
[eep] cs=1 sk=0 di=1 do=1 es=3 bitcnt=3
[eep] cs=1 sk=1 di=1 do=1 es=3 bitcnt=3
[eep] cs=1 sk=0 di=0 do=1 es=3 bitcnt=4
[eep] cs=1 sk=1 di=0 do=1 es=3 bitcnt=4
[eep] cs=1 sk=0 di=1 do=1 es=3 bitcnt=5
[eep] cs=1 sk=1 di=1 do=1 es=3 bitcnt=5
[eep] cs=1 sk=0 di=1 do=1 es=3 bitcnt=6
[eep] cs=1 sk=1 di=1 do=1 es=3 bitcnt=6
[eep] cs=1 sk=0 di=1 do=1 es=3 bitcnt=7
[eep] cs=1 sk=1 di=1 do=1 es=3 bitcnt=7
[eep] cs=1 sk=0 di=0 do=1 es=3 bitcnt=8
[eep] cs=1 sk=1 di=0 do=1 es=3 bitcnt=8
[eep] cs=1 sk=0 di=1 do=1 es=3 bitcnt=9
[eep] cs=1 sk=1 di=1 do=1 es=3 bitcnt=9
[eep] cs=1 sk=0 di=1 do=1 es=3 bitcnt=10
[eep] cs=1 sk=1 di=1 do=1 es=3 bitcnt=10
[eep] cs=1 sk=0 di=1 do=1 es=3 bitcnt=11
[eep] cs=1 sk=1 di=1 do=1 es=3 bitcnt=11
[eep] cs=1 sk=0 di=0 do=1 es=3 bitcnt=12
[eep] cs=1 sk=1 di=0 do=1 es=3 bitcnt=12
[eep] cs=1 sk=0 di=1 do=1 es=3 bitcnt=13
[eep] cs=1 sk=1 di=1 do=1 es=3 bitcnt=13
[eep] cs=1 sk=0 di=1 do=1 es=3 bitcnt=14
[eep] cs=1 sk=1 di=1 do=1 es=3 bitcnt=14
[eep] cs=1 sk=0 di=0 do=1 es=3 bitcnt=15
[eep] cs=1 sk=1 di=0 do=1 es=3 bitcnt=15
[eep] cs=0 sk=0 di=0 do=1 es=4 bitcnt=0
[eep] cs=0 sk=1 di=0 do=1 es=0 bitcnt=0
[eep] cs=0 sk=0 di=0 do=1 es=0 bitcnt=0
[eep] cs=0 sk=1 di=0 do=1 es=0 bitcnt=0
[eep] cs=1 sk=0 di=0 do=1 es=0 bitcnt=0
[eep] cs=1 sk=1 di=0 do=1 es=0 bitcnt=0
[eep] cs=0 sk=0 di=0 do=1 es=0 bitcnt=0
[eep] cs=0 sk=1 di=0 do=1 es=0 bitcnt=0
[eep] cs=1 sk=0 di=0 do=1 es=0 bitcnt=0
[eep] cs=1 sk=1 di=0 do=1 es=0 bitcnt=0
[eep] cs=1 sk=0 di=1 do=1 es=0 bitcnt=0
[eep] cs=1 sk=1 di=1 do=1 es=0 bitcnt=0
[eep] cs=1 sk=0 di=0 do=1 es=1 bitcnt=0
[eep] cs=1 sk=1 di=0 do=1 es=1 bitcnt=0
[eep] cs=1 sk=0 di=1 do=1 es=1 bitcnt=1
[eep] cs=1 sk=1 di=1 do=1 es=1 bitcnt=1
[eep] cs=1 sk=0 di=1 do=1 es=1 bitcnt=2
[eep] cs=1 sk=1 di=1 do=1 es=1 bitcnt=2
[eep] cs=1 sk=0 di=0 do=1 es=1 bitcnt=3
[eep] cs=1 sk=1 di=0 do=1 es=1 bitcnt=3
[eep] cs=1 sk=0 di=0 do=1 es=1 bitcnt=4
[eep] cs=1 sk=1 di=0 do=1 es=1 bitcnt=4
[eep] cs=1 sk=0 di=1 do=1 es=1 bitcnt=5
[eep] cs=1 sk=1 di=1 do=1 es=1 bitcnt=5
[eep] cs=1 sk=0 di=0 do=1 es=1 bitcnt=6
[eep] cs=1 sk=1 di=0 do=1 es=1 bitcnt=6
[eep] cs=1 sk=0 di=1 do=1 es=1 bitcnt=7
[eep] cs=1 sk=1 di=1 do=1 es=1 bitcnt=7
[eep] cs=1 sk=0 di=0 do=1 es=3 bitcnt=0
[eep] cs=1 sk=1 di=0 do=1 es=3 bitcnt=0
[eep] cs=1 sk=0 di=0 do=1 es=3 bitcnt=1
[eep] cs=1 sk=1 di=0 do=1 es=3 bitcnt=1
[eep] cs=1 sk=0 di=0 do=1 es=3 bitcnt=2
[eep] cs=1 sk=1 di=0 do=1 es=3 bitcnt=2
[eep] cs=1 sk=0 di=0 do=1 es=3 bitcnt=3
[eep] cs=1 sk=1 di=0 do=1 es=3 bitcnt=3
[eep] cs=1 sk=0 di=0 do=1 es=3 bitcnt=4
[eep] cs=1 sk=1 di=0 do=1 es=3 bitcnt=4
[eep] cs=1 sk=0 di=0 do=1 es=3 bitcnt=5
[eep] cs=1 sk=1 di=0 do=1 es=3 bitcnt=5
[eep] cs=1 sk=0 di=0 do=1 es=3 bitcnt=6
[eep] cs=1 sk=1 di=0 do=1 es=3 bitcnt=6
[eep] cs=1 sk=0 di=0 do=1 es=3 bitcnt=7
[eep] cs=1 sk=1 di=0 do=1 es=3 bitcnt=7
[eep] cs=1 sk=0 di=0 do=1 es=3 bitcnt=8
[eep] cs=1 sk=1 di=0 do=1 es=3 bitcnt=8
[eep] cs=1 sk=0 di=0 do=1 es=3 bitcnt=9
[eep] cs=1 sk=1 di=0 do=1 es=3 bitcnt=9
[eep] cs=1 sk=0 di=0 do=1 es=3 bitcnt=10
[eep] cs=1 sk=1 di=0 do=1 es=3 bitcnt=10
[eep] cs=1 sk=0 di=0 do=1 es=3 bitcnt=11
[eep] cs=1 sk=1 di=0 do=1 es=3 bitcnt=11
[eep] cs=1 sk=0 di=0 do=1 es=3 bitcnt=12
[eep] cs=1 sk=1 di=0 do=1 es=3 bitcnt=12
[eep] cs=1 sk=0 di=0 do=1 es=3 bitcnt=13
[eep] cs=1 sk=1 di=0 do=1 es=3 bitcnt=13
[eep] cs=1 sk=0 di=0 do=1 es=3 bitcnt=14
[eep] cs=1 sk=1 di=0 do=1 es=3 bitcnt=14
[eep] cs=1 sk=0 di=0 do=1 es=3 bitcnt=15
[eep] cs=1 sk=1 di=0 do=1 es=3 bitcnt=15
[eep] cs=0 sk=0 di=0 do=1 es=4 bitcnt=0
[eep] cs=0 sk=1 di=0 do=1 es=0 bitcnt=0
[eep] cs=0 sk=0 di=0 do=1 es=0 bitcnt=0
[eep] cs=0 sk=1 di=0 do=1 es=0 bitcnt=0
[eep] cs=1 sk=0 di=0 do=1 es=0 bitcnt=0
[eep] cs=1 sk=1 di=0 do=1 es=0 bitcnt=0
[eep] cs=0 sk=0 di=0 do=1 es=0 bitcnt=0
[eep] cs=0 sk=1 di=0 do=1 es=0 bitcnt=0
[eep] cs=1 sk=0 di=0 do=1 es=0 bitcnt=0
[eep] cs=1 sk=1 di=0 do=1 es=0 bitcnt=0
[eep] cs=1 sk=0 di=1 do=1 es=0 bitcnt=0
[eep] cs=1 sk=1 di=1 do=1 es=0 bitcnt=0
[eep] cs=1 sk=0 di=0 do=1 es=1 bitcnt=0
[eep] cs=1 sk=1 di=0 do=1 es=1 bitcnt=0
[eep] cs=1 sk=0 di=1 do=1 es=1 bitcnt=1
[eep] cs=1 sk=1 di=1 do=1 es=1 bitcnt=1
[eep] cs=1 sk=0 di=1 do=1 es=1 bitcnt=2
[eep] cs=1 sk=1 di=1 do=1 es=1 bitcnt=2
[eep] cs=1 sk=0 di=0 do=1 es=1 bitcnt=3
[eep] cs=1 sk=1 di=0 do=1 es=1 bitcnt=3
[eep] cs=1 sk=0 di=0 do=1 es=1 bitcnt=4
[eep] cs=1 sk=1 di=0 do=1 es=1 bitcnt=4
[eep] cs=1 sk=0 di=1 do=1 es=1 bitcnt=5
[eep] cs=1 sk=1 di=1 do=1 es=1 bitcnt=5
[eep] cs=1 sk=0 di=1 do=1 es=1 bitcnt=6
[eep] cs=1 sk=1 di=1 do=1 es=1 bitcnt=6
[eep] cs=1 sk=0 di=0 do=1 es=1 bitcnt=7
[eep] cs=1 sk=1 di=0 do=1 es=1 bitcnt=7
[eep] cs=1 sk=0 di=0 do=1 es=3 bitcnt=0
[eep] cs=1 sk=1 di=0 do=1 es=3 bitcnt=0
[eep] cs=1 sk=0 di=0 do=1 es=3 bitcnt=1
[eep] cs=1 sk=1 di=0 do=1 es=3 bitcnt=1
[eep] cs=1 sk=0 di=0 do=1 es=3 bitcnt=2
[eep] cs=1 sk=1 di=0 do=1 es=3 bitcnt=2
[eep] cs=1 sk=0 di=0 do=1 es=3 bitcnt=3
[eep] cs=1 sk=1 di=0 do=1 es=3 bitcnt=3
[eep] cs=1 sk=0 di=0 do=1 es=3 bitcnt=4
[eep] cs=1 sk=1 di=0 do=1 es=3 bitcnt=4
[eep] cs=1 sk=0 di=0 do=1 es=3 bitcnt=5
[eep] cs=1 sk=1 di=0 do=1 es=3 bitcnt=5
[eep] cs=1 sk=0 di=0 do=1 es=3 bitcnt=6
[eep] cs=1 sk=1 di=0 do=1 es=3 bitcnt=6
[eep] cs=1 sk=0 di=0 do=1 es=3 bitcnt=7
[eep] cs=1 sk=1 di=0 do=1 es=3 bitcnt=7
[eep] cs=1 sk=0 di=0 do=1 es=3 bitcnt=8
[eep] cs=1 sk=1 di=0 do=1 es=3 bitcnt=8
[eep] cs=1 sk=0 di=0 do=1 es=3 bitcnt=9
[eep] cs=1 sk=1 di=0 do=1 es=3 bitcnt=9
[eep] cs=1 sk=0 di=0 do=1 es=3 bitcnt=10
[eep] cs=1 sk=1 di=0 do=1 es=3 bitcnt=10
[eep] cs=1 sk=0 di=0 do=1 es=3 bitcnt=11
[eep] cs=1 sk=1 di=0 do=1 es=3 bitcnt=11
[eep] cs=1 sk=0 di=0 do=1 es=3 bitcnt=12
[eep] cs=1 sk=1 di=0 do=1 es=3 bitcnt=12
[eep] cs=1 sk=0 di=0 do=1 es=3 bitcnt=13
[eep] cs=1 sk=1 di=0 do=1 es=3 bitcnt=13
[eep] cs=1 sk=0 di=0 do=1 es=3 bitcnt=14
[eep] cs=1 sk=1 di=0 do=1 es=3 bitcnt=14
[eep] cs=1 sk=0 di=0 do=1 es=3 bitcnt=15
[eep] cs=1 sk=1 di=0 do=1 es=3 bitcnt=15
[eep] cs=0 sk=0 di=0 do=1 es=4 bitcnt=0
[eep] cs=0 sk=1 di=0 do=1 es=0 bitcnt=0
[eep] cs=0 sk=0 di=0 do=1 es=0 bitcnt=0
[eep] cs=0 sk=1 di=0 do=1 es=0 bitcnt=0
[eep] cs=1 sk=0 di=0 do=1 es=0 bitcnt=0
[eep] cs=1 sk=1 di=0 do=1 es=0 bitcnt=0
[eep] cs=0 sk=0 di=0 do=1 es=0 bitcnt=0
[eep] cs=0 sk=1 di=0 do=1 es=0 bitcnt=0
[eep] cs=1 sk=0 di=0 do=1 es=0 bitcnt=0
[eep] cs=1 sk=1 di=0 do=1 es=0 bitcnt=0
[eep] cs=1 sk=0 di=1 do=1 es=0 bitcnt=0
[eep] cs=1 sk=1 di=1 do=1 es=0 bitcnt=0
[eep] cs=1 sk=0 di=0 do=1 es=1 bitcnt=0
[eep] cs=1 sk=1 di=0 do=1 es=1 bitcnt=0
[eep] cs=1 sk=0 di=1 do=1 es=1 bitcnt=1
[eep] cs=1 sk=1 di=1 do=1 es=1 bitcnt=1
[eep] cs=1 sk=0 di=1 do=1 es=1 bitcnt=2
[eep] cs=1 sk=1 di=1 do=1 es=1 bitcnt=2
[eep] cs=1 sk=0 di=0 do=1 es=1 bitcnt=3
[eep] cs=1 sk=1 di=0 do=1 es=1 bitcnt=3
[eep] cs=1 sk=0 di=0 do=1 es=1 bitcnt=4
[eep] cs=1 sk=1 di=0 do=1 es=1 bitcnt=4
[eep] cs=1 sk=0 di=1 do=1 es=1 bitcnt=5
[eep] cs=1 sk=1 di=1 do=1 es=1 bitcnt=5
[eep] cs=1 sk=0 di=1 do=1 es=1 bitcnt=6
[eep] cs=1 sk=1 di=1 do=1 es=1 bitcnt=6
[eep] cs=1 sk=0 di=1 do=1 es=1 bitcnt=7
[eep] cs=1 sk=1 di=1 do=1 es=1 bitcnt=7
[eep] cs=1 sk=0 di=0 do=1 es=3 bitcnt=0
[eep] cs=1 sk=1 di=0 do=1 es=3 bitcnt=0
[eep] cs=1 sk=0 di=0 do=1 es=3 bitcnt=1
[eep] cs=1 sk=1 di=0 do=1 es=3 bitcnt=1
[eep] cs=1 sk=0 di=0 do=1 es=3 bitcnt=2
[eep] cs=1 sk=1 di=0 do=1 es=3 bitcnt=2
[eep] cs=1 sk=0 di=0 do=1 es=3 bitcnt=3
[eep] cs=1 sk=1 di=0 do=1 es=3 bitcnt=3
[eep] cs=1 sk=0 di=0 do=1 es=3 bitcnt=4
[eep] cs=1 sk=1 di=0 do=1 es=3 bitcnt=4
[eep] cs=1 sk=0 di=0 do=1 es=3 bitcnt=5
[eep] cs=1 sk=1 di=0 do=1 es=3 bitcnt=5
[eep] cs=1 sk=0 di=0 do=1 es=3 bitcnt=6
[eep] cs=1 sk=1 di=0 do=1 es=3 bitcnt=6
[eep] cs=1 sk=0 di=0 do=1 es=3 bitcnt=7
[eep] cs=1 sk=1 di=0 do=1 es=3 bitcnt=7
[eep] cs=1 sk=0 di=0 do=1 es=3 bitcnt=8
[eep] cs=1 sk=1 di=0 do=1 es=3 bitcnt=8
[eep] cs=1 sk=0 di=0 do=1 es=3 bitcnt=9
[eep] cs=1 sk=1 di=0 do=1 es=3 bitcnt=9
[eep] cs=1 sk=0 di=0 do=1 es=3 bitcnt=10
[eep] cs=1 sk=1 di=0 do=1 es=3 bitcnt=10
[eep] cs=1 sk=0 di=0 do=1 es=3 bitcnt=11
[eep] cs=1 sk=1 di=0 do=1 es=3 bitcnt=11
[eep] cs=1 sk=0 di=0 do=1 es=3 bitcnt=12
[eep] cs=1 sk=1 di=0 do=1 es=3 bitcnt=12
[eep] cs=1 sk=0 di=0 do=1 es=3 bitcnt=13
[eep] cs=1 sk=1 di=0 do=1 es=3 bitcnt=13
[eep] cs=1 sk=0 di=0 do=1 es=3 bitcnt=14
[eep] cs=1 sk=1 di=0 do=1 es=3 bitcnt=14
[eep] cs=1 sk=0 di=0 do=1 es=3 bitcnt=15
[eep] cs=1 sk=1 di=0 do=1 es=3 bitcnt=15
[eep] cs=0 sk=0 di=0 do=1 es=4 bitcnt=0
[eep] cs=0 sk=1 di=0 do=1 es=0 bitcnt=0
[eep] cs=0 sk=0 di=0 do=1 es=0 bitcnt=0
[eep] cs=0 sk=1 di=0 do=1 es=0 bitcnt=0
[eep] cs=1 sk=0 di=0 do=1 es=0 bitcnt=0
[eep] cs=1 sk=1 di=0 do=1 es=0 bitcnt=0
[eep] cs=0 sk=0 di=0 do=1 es=0 bitcnt=0
[eep] cs=0 sk=1 di=0 do=1 es=0 bitcnt=0
[eep] cs=1 sk=0 di=0 do=1 es=0 bitcnt=0
[eep] cs=1 sk=1 di=0 do=1 es=0 bitcnt=0
[eep] cs=1 sk=0 di=1 do=1 es=0 bitcnt=0
[eep] cs=1 sk=1 di=1 do=1 es=0 bitcnt=0
[eep] cs=1 sk=0 di=0 do=1 es=1 bitcnt=0
[eep] cs=1 sk=1 di=0 do=1 es=1 bitcnt=0
[eep] cs=1 sk=0 di=1 do=1 es=1 bitcnt=1
[eep] cs=1 sk=1 di=1 do=1 es=1 bitcnt=1
[eep] cs=1 sk=0 di=1 do=1 es=1 bitcnt=2
[eep] cs=1 sk=1 di=1 do=1 es=1 bitcnt=2
[eep] cs=1 sk=0 di=0 do=1 es=1 bitcnt=3
[eep] cs=1 sk=1 di=0 do=1 es=1 bitcnt=3
[eep] cs=1 sk=0 di=1 do=1 es=1 bitcnt=4
[eep] cs=1 sk=1 di=1 do=1 es=1 bitcnt=4
[eep] cs=1 sk=0 di=0 do=1 es=1 bitcnt=5
[eep] cs=1 sk=1 di=0 do=1 es=1 bitcnt=5
[eep] cs=1 sk=0 di=0 do=1 es=1 bitcnt=6
[eep] cs=1 sk=1 di=0 do=1 es=1 bitcnt=6
[eep] cs=1 sk=0 di=0 do=1 es=1 bitcnt=7
[eep] cs=1 sk=1 di=0 do=1 es=1 bitcnt=7
[eep] cs=1 sk=0 di=0 do=1 es=3 bitcnt=0
[eep] cs=1 sk=1 di=0 do=1 es=3 bitcnt=0
[eep] cs=1 sk=0 di=0 do=1 es=3 bitcnt=1
[eep] cs=1 sk=1 di=0 do=1 es=3 bitcnt=1
[eep] cs=1 sk=0 di=0 do=1 es=3 bitcnt=2
[eep] cs=1 sk=1 di=0 do=1 es=3 bitcnt=2
[eep] cs=1 sk=0 di=0 do=1 es=3 bitcnt=3
[eep] cs=1 sk=1 di=0 do=1 es=3 bitcnt=3
[eep] cs=1 sk=0 di=0 do=1 es=3 bitcnt=4
[eep] cs=1 sk=1 di=0 do=1 es=3 bitcnt=4
[eep] cs=1 sk=0 di=0 do=1 es=3 bitcnt=5
[eep] cs=1 sk=1 di=0 do=1 es=3 bitcnt=5
[eep] cs=1 sk=0 di=0 do=1 es=3 bitcnt=6
[eep] cs=1 sk=1 di=0 do=1 es=3 bitcnt=6
[eep] cs=1 sk=0 di=1 do=1 es=3 bitcnt=7
[eep] cs=1 sk=1 di=1 do=1 es=3 bitcnt=7
[eep] cs=1 sk=0 di=0 do=1 es=3 bitcnt=8
[eep] cs=1 sk=1 di=0 do=1 es=3 bitcnt=8
[eep] cs=1 sk=0 di=0 do=1 es=3 bitcnt=9
[eep] cs=1 sk=1 di=0 do=1 es=3 bitcnt=9
[eep] cs=1 sk=0 di=0 do=1 es=3 bitcnt=10
[eep] cs=1 sk=1 di=0 do=1 es=3 bitcnt=10
[eep] cs=1 sk=0 di=0 do=1 es=3 bitcnt=11
[eep] cs=1 sk=1 di=0 do=1 es=3 bitcnt=11
[eep] cs=1 sk=0 di=0 do=1 es=3 bitcnt=12
[eep] cs=1 sk=1 di=0 do=1 es=3 bitcnt=12
[eep] cs=1 sk=0 di=0 do=1 es=3 bitcnt=13
[eep] cs=1 sk=1 di=0 do=1 es=3 bitcnt=13
[eep] cs=1 sk=0 di=0 do=1 es=3 bitcnt=14
[eep] cs=1 sk=1 di=0 do=1 es=3 bitcnt=14
[eep] cs=1 sk=0 di=0 do=1 es=3 bitcnt=15
[eep] cs=1 sk=1 di=0 do=1 es=3 bitcnt=15
[eep] cs=0 sk=0 di=0 do=1 es=4 bitcnt=0
[eep] cs=0 sk=1 di=0 do=1 es=0 bitcnt=0
[eep] cs=0 sk=0 di=0 do=1 es=0 bitcnt=0
[eep] cs=0 sk=1 di=0 do=1 es=0 bitcnt=0
[eep] cs=1 sk=0 di=0 do=1 es=0 bitcnt=0
[eep] cs=1 sk=1 di=0 do=1 es=0 bitcnt=0
[eep] cs=0 sk=0 di=0 do=1 es=0 bitcnt=0
[eep] cs=0 sk=1 di=0 do=1 es=0 bitcnt=0
[eep] cs=1 sk=0 di=0 do=1 es=0 bitcnt=0
[eep] cs=1 sk=1 di=0 do=1 es=0 bitcnt=0
[eep] cs=1 sk=0 di=1 do=1 es=0 bitcnt=0
[eep] cs=1 sk=1 di=1 do=1 es=0 bitcnt=0
[eep] cs=1 sk=0 di=0 do=1 es=1 bitcnt=0
[eep] cs=1 sk=1 di=0 do=1 es=1 bitcnt=0
[eep] cs=1 sk=0 di=1 do=1 es=1 bitcnt=1
[eep] cs=1 sk=1 di=1 do=1 es=1 bitcnt=1
[eep] cs=1 sk=0 di=1 do=1 es=1 bitcnt=2
[eep] cs=1 sk=1 di=1 do=1 es=1 bitcnt=2
[eep] cs=1 sk=0 di=0 do=1 es=1 bitcnt=3
[eep] cs=1 sk=1 di=0 do=1 es=1 bitcnt=3
[eep] cs=1 sk=0 di=1 do=1 es=1 bitcnt=4
[eep] cs=1 sk=1 di=1 do=1 es=1 bitcnt=4
[eep] cs=1 sk=0 di=0 do=1 es=1 bitcnt=5
[eep] cs=1 sk=1 di=0 do=1 es=1 bitcnt=5
[eep] cs=1 sk=0 di=0 do=1 es=1 bitcnt=6
[eep] cs=1 sk=1 di=0 do=1 es=1 bitcnt=6
[eep] cs=1 sk=0 di=1 do=1 es=1 bitcnt=7
[eep] cs=1 sk=1 di=1 do=1 es=1 bitcnt=7
[eep] cs=1 sk=0 di=0 do=1 es=3 bitcnt=0
[eep] cs=1 sk=1 di=0 do=1 es=3 bitcnt=0
[eep] cs=1 sk=0 di=0 do=1 es=3 bitcnt=1
[eep] cs=1 sk=1 di=0 do=1 es=3 bitcnt=1
[eep] cs=1 sk=0 di=0 do=1 es=3 bitcnt=2
[eep] cs=1 sk=1 di=0 do=1 es=3 bitcnt=2
[eep] cs=1 sk=0 di=0 do=1 es=3 bitcnt=3
[eep] cs=1 sk=1 di=0 do=1 es=3 bitcnt=3
[eep] cs=1 sk=0 di=0 do=1 es=3 bitcnt=4
[eep] cs=1 sk=1 di=0 do=1 es=3 bitcnt=4
[eep] cs=1 sk=0 di=0 do=1 es=3 bitcnt=5
[eep] cs=1 sk=1 di=0 do=1 es=3 bitcnt=5
[eep] cs=1 sk=0 di=0 do=1 es=3 bitcnt=6
[eep] cs=1 sk=1 di=0 do=1 es=3 bitcnt=6
[eep] cs=1 sk=0 di=1 do=1 es=3 bitcnt=7
[eep] cs=1 sk=1 di=1 do=1 es=3 bitcnt=7
[eep] cs=1 sk=0 di=0 do=1 es=3 bitcnt=8
[eep] cs=1 sk=1 di=0 do=1 es=3 bitcnt=8
[eep] cs=1 sk=0 di=0 do=1 es=3 bitcnt=9
[eep] cs=1 sk=1 di=0 do=1 es=3 bitcnt=9
[eep] cs=1 sk=0 di=0 do=1 es=3 bitcnt=10
[eep] cs=1 sk=1 di=0 do=1 es=3 bitcnt=10
[eep] cs=1 sk=0 di=0 do=1 es=3 bitcnt=11
[eep] cs=1 sk=1 di=0 do=1 es=3 bitcnt=11
[eep] cs=1 sk=0 di=0 do=1 es=3 bitcnt=12
[eep] cs=1 sk=1 di=0 do=1 es=3 bitcnt=12
[eep] cs=1 sk=0 di=0 do=1 es=3 bitcnt=13
[eep] cs=1 sk=1 di=0 do=1 es=3 bitcnt=13
[eep] cs=1 sk=0 di=0 do=1 es=3 bitcnt=14
[eep] cs=1 sk=1 di=0 do=1 es=3 bitcnt=14
[eep] cs=1 sk=0 di=1 do=1 es=3 bitcnt=15
[eep] cs=1 sk=1 di=1 do=1 es=3 bitcnt=15
[eep] cs=0 sk=0 di=0 do=1 es=4 bitcnt=0
[eep] cs=0 sk=1 di=0 do=1 es=0 bitcnt=0
[eep] cs=0 sk=0 di=0 do=1 es=0 bitcnt=0
[eep] cs=0 sk=1 di=0 do=1 es=0 bitcnt=0
[eep] cs=1 sk=0 di=0 do=1 es=0 bitcnt=0
[eep] cs=1 sk=1 di=0 do=1 es=0 bitcnt=0
[eep] cs=0 sk=0 di=0 do=1 es=0 bitcnt=0
[eep] cs=0 sk=1 di=0 do=1 es=0 bitcnt=0
[eep] cs=1 sk=0 di=0 do=1 es=0 bitcnt=0
[eep] cs=1 sk=1 di=0 do=1 es=0 bitcnt=0
[eep] cs=1 sk=0 di=1 do=1 es=0 bitcnt=0
[eep] cs=1 sk=1 di=1 do=1 es=0 bitcnt=0
[eep] cs=1 sk=0 di=0 do=1 es=1 bitcnt=0
[eep] cs=1 sk=1 di=0 do=1 es=1 bitcnt=0
[eep] cs=1 sk=0 di=1 do=1 es=1 bitcnt=1
[eep] cs=1 sk=1 di=1 do=1 es=1 bitcnt=1
[eep] cs=1 sk=0 di=1 do=1 es=1 bitcnt=2
[eep] cs=1 sk=1 di=1 do=1 es=1 bitcnt=2
[eep] cs=1 sk=0 di=0 do=1 es=1 bitcnt=3
[eep] cs=1 sk=1 di=0 do=1 es=1 bitcnt=3
[eep] cs=1 sk=0 di=1 do=1 es=1 bitcnt=4
[eep] cs=1 sk=1 di=1 do=1 es=1 bitcnt=4
[eep] cs=1 sk=0 di=0 do=1 es=1 bitcnt=5
[eep] cs=1 sk=1 di=0 do=1 es=1 bitcnt=5
[eep] cs=1 sk=0 di=1 do=1 es=1 bitcnt=6
[eep] cs=1 sk=1 di=1 do=1 es=1 bitcnt=6
[eep] cs=1 sk=0 di=0 do=1 es=1 bitcnt=7
[eep] cs=1 sk=1 di=0 do=1 es=1 bitcnt=7
[eep] cs=1 sk=0 di=0 do=1 es=3 bitcnt=0
[eep] cs=1 sk=1 di=0 do=1 es=3 bitcnt=0
[eep] cs=1 sk=0 di=0 do=1 es=3 bitcnt=1
[eep] cs=1 sk=1 di=0 do=1 es=3 bitcnt=1
[eep] cs=1 sk=0 di=0 do=1 es=3 bitcnt=2
[eep] cs=1 sk=1 di=0 do=1 es=3 bitcnt=2
[eep] cs=1 sk=0 di=0 do=1 es=3 bitcnt=3
[eep] cs=1 sk=1 di=0 do=1 es=3 bitcnt=3
[eep] cs=1 sk=0 di=0 do=1 es=3 bitcnt=4
[eep] cs=1 sk=1 di=0 do=1 es=3 bitcnt=4
[eep] cs=1 sk=0 di=0 do=1 es=3 bitcnt=5
[eep] cs=1 sk=1 di=0 do=1 es=3 bitcnt=5
[eep] cs=1 sk=0 di=0 do=1 es=3 bitcnt=6
[eep] cs=1 sk=1 di=0 do=1 es=3 bitcnt=6
[eep] cs=1 sk=0 di=0 do=1 es=3 bitcnt=7
[eep] cs=1 sk=1 di=0 do=1 es=3 bitcnt=7
[eep] cs=1 sk=0 di=0 do=1 es=3 bitcnt=8
[eep] cs=1 sk=1 di=0 do=1 es=3 bitcnt=8
[eep] cs=1 sk=0 di=0 do=1 es=3 bitcnt=9
[eep] cs=1 sk=1 di=0 do=1 es=3 bitcnt=9
[eep] cs=1 sk=0 di=0 do=1 es=3 bitcnt=10
[eep] cs=1 sk=1 di=0 do=1 es=3 bitcnt=10
[eep] cs=1 sk=0 di=0 do=1 es=3 bitcnt=11
[eep] cs=1 sk=1 di=0 do=1 es=3 bitcnt=11
[eep] cs=1 sk=0 di=0 do=1 es=3 bitcnt=12
[eep] cs=1 sk=1 di=0 do=1 es=3 bitcnt=12
[eep] cs=1 sk=0 di=0 do=1 es=3 bitcnt=13
[eep] cs=1 sk=1 di=0 do=1 es=3 bitcnt=13
[eep] cs=1 sk=0 di=0 do=1 es=3 bitcnt=14
[eep] cs=1 sk=1 di=0 do=1 es=3 bitcnt=14
[eep] cs=1 sk=0 di=0 do=1 es=3 bitcnt=15
[eep] cs=1 sk=1 di=0 do=1 es=3 bitcnt=15
[eep] cs=0 sk=0 di=0 do=1 es=4 bitcnt=0
[eep] cs=0 sk=1 di=0 do=1 es=0 bitcnt=0
[eep] cs=0 sk=0 di=0 do=1 es=0 bitcnt=0
[eep] cs=0 sk=1 di=0 do=1 es=0 bitcnt=0
[eep] cs=1 sk=0 di=0 do=1 es=0 bitcnt=0
[eep] cs=1 sk=1 di=0 do=1 es=0 bitcnt=0
[eep] cs=0 sk=0 di=0 do=1 es=0 bitcnt=0
[eep] cs=0 sk=1 di=0 do=1 es=0 bitcnt=0
[eep] cs=1 sk=0 di=0 do=1 es=0 bitcnt=0
[eep] cs=1 sk=1 di=0 do=1 es=0 bitcnt=0
[eep] cs=1 sk=0 di=1 do=1 es=0 bitcnt=0
[eep] cs=1 sk=1 di=1 do=1 es=0 bitcnt=0
[eep] cs=1 sk=0 di=0 do=1 es=1 bitcnt=0
[eep] cs=1 sk=1 di=0 do=1 es=1 bitcnt=0
[eep] cs=1 sk=0 di=1 do=1 es=1 bitcnt=1
[eep] cs=1 sk=1 di=1 do=1 es=1 bitcnt=1
[eep] cs=1 sk=0 di=1 do=1 es=1 bitcnt=2
[eep] cs=1 sk=1 di=1 do=1 es=1 bitcnt=2
[eep] cs=1 sk=0 di=0 do=1 es=1 bitcnt=3
[eep] cs=1 sk=1 di=0 do=1 es=1 bitcnt=3
[eep] cs=1 sk=0 di=1 do=1 es=1 bitcnt=4
[eep] cs=1 sk=1 di=1 do=1 es=1 bitcnt=4
[eep] cs=1 sk=0 di=0 do=1 es=1 bitcnt=5
[eep] cs=1 sk=1 di=0 do=1 es=1 bitcnt=5
[eep] cs=1 sk=0 di=1 do=1 es=1 bitcnt=6
[eep] cs=1 sk=1 di=1 do=1 es=1 bitcnt=6
[eep] cs=1 sk=0 di=1 do=1 es=1 bitcnt=7
[eep] cs=1 sk=1 di=1 do=1 es=1 bitcnt=7
[eep] cs=1 sk=0 di=0 do=1 es=3 bitcnt=0
[eep] cs=1 sk=1 di=0 do=1 es=3 bitcnt=0
[eep] cs=1 sk=0 di=0 do=1 es=3 bitcnt=1
[eep] cs=1 sk=1 di=0 do=1 es=3 bitcnt=1
[eep] cs=1 sk=0 di=0 do=1 es=3 bitcnt=2
[eep] cs=1 sk=1 di=0 do=1 es=3 bitcnt=2
[eep] cs=1 sk=0 di=0 do=1 es=3 bitcnt=3
[eep] cs=1 sk=1 di=0 do=1 es=3 bitcnt=3
[eep] cs=1 sk=0 di=0 do=1 es=3 bitcnt=4
[eep] cs=1 sk=1 di=0 do=1 es=3 bitcnt=4
[eep] cs=1 sk=0 di=0 do=1 es=3 bitcnt=5
[eep] cs=1 sk=1 di=0 do=1 es=3 bitcnt=5
[eep] cs=1 sk=0 di=0 do=1 es=3 bitcnt=6
[eep] cs=1 sk=1 di=0 do=1 es=3 bitcnt=6
[eep] cs=1 sk=0 di=0 do=1 es=3 bitcnt=7
[eep] cs=1 sk=1 di=0 do=1 es=3 bitcnt=7
[eep] cs=1 sk=0 di=0 do=1 es=3 bitcnt=8
[eep] cs=1 sk=1 di=0 do=1 es=3 bitcnt=8
[eep] cs=1 sk=0 di=0 do=1 es=3 bitcnt=9
[eep] cs=1 sk=1 di=0 do=1 es=3 bitcnt=9
[eep] cs=1 sk=0 di=0 do=1 es=3 bitcnt=10
[eep] cs=1 sk=1 di=0 do=1 es=3 bitcnt=10
[eep] cs=1 sk=0 di=0 do=1 es=3 bitcnt=11
[eep] cs=1 sk=1 di=0 do=1 es=3 bitcnt=11
[eep] cs=1 sk=0 di=0 do=1 es=3 bitcnt=12
[eep] cs=1 sk=1 di=0 do=1 es=3 bitcnt=12
[eep] cs=1 sk=0 di=0 do=1 es=3 bitcnt=13
[eep] cs=1 sk=1 di=0 do=1 es=3 bitcnt=13
[eep] cs=1 sk=0 di=1 do=1 es=3 bitcnt=14
[eep] cs=1 sk=1 di=1 do=1 es=3 bitcnt=14
[eep] cs=1 sk=0 di=0 do=1 es=3 bitcnt=15
[eep] cs=1 sk=1 di=0 do=1 es=3 bitcnt=15
[eep] cs=0 sk=0 di=0 do=1 es=4 bitcnt=0
[eep] cs=0 sk=1 di=0 do=1 es=0 bitcnt=0
[eep] cs=0 sk=0 di=0 do=1 es=0 bitcnt=0
[eep] cs=0 sk=1 di=0 do=1 es=0 bitcnt=0
[eep] cs=1 sk=0 di=0 do=1 es=0 bitcnt=0
[eep] cs=1 sk=1 di=0 do=1 es=0 bitcnt=0
[eep] cs=0 sk=0 di=0 do=1 es=0 bitcnt=0
[eep] cs=0 sk=1 di=0 do=1 es=0 bitcnt=0
[eep] cs=1 sk=0 di=0 do=1 es=0 bitcnt=0
[eep] cs=1 sk=1 di=0 do=1 es=0 bitcnt=0
[eep] cs=1 sk=0 di=1 do=1 es=0 bitcnt=0
[eep] cs=1 sk=1 di=1 do=1 es=0 bitcnt=0
[eep] cs=1 sk=0 di=0 do=1 es=1 bitcnt=0
[eep] cs=1 sk=1 di=0 do=1 es=1 bitcnt=0
[eep] cs=1 sk=0 di=1 do=1 es=1 bitcnt=1
[eep] cs=1 sk=1 di=1 do=1 es=1 bitcnt=1
[eep] cs=1 sk=0 di=1 do=1 es=1 bitcnt=2
[eep] cs=1 sk=1 di=1 do=1 es=1 bitcnt=2
[eep] cs=1 sk=0 di=0 do=1 es=1 bitcnt=3
[eep] cs=1 sk=1 di=0 do=1 es=1 bitcnt=3
[eep] cs=1 sk=0 di=1 do=1 es=1 bitcnt=4
[eep] cs=1 sk=1 di=1 do=1 es=1 bitcnt=4
[eep] cs=1 sk=0 di=1 do=1 es=1 bitcnt=5
[eep] cs=1 sk=1 di=1 do=1 es=1 bitcnt=5
[eep] cs=1 sk=0 di=0 do=1 es=1 bitcnt=6
[eep] cs=1 sk=1 di=0 do=1 es=1 bitcnt=6
[eep] cs=1 sk=0 di=0 do=1 es=1 bitcnt=7
[eep] cs=1 sk=1 di=0 do=1 es=1 bitcnt=7
[eep] cs=1 sk=0 di=0 do=1 es=3 bitcnt=0
[eep] cs=1 sk=1 di=0 do=1 es=3 bitcnt=0
[eep] cs=1 sk=0 di=0 do=1 es=3 bitcnt=1
[eep] cs=1 sk=1 di=0 do=1 es=3 bitcnt=1
[eep] cs=1 sk=0 di=0 do=1 es=3 bitcnt=2
[eep] cs=1 sk=1 di=0 do=1 es=3 bitcnt=2
[eep] cs=1 sk=0 di=0 do=1 es=3 bitcnt=3
[eep] cs=1 sk=1 di=0 do=1 es=3 bitcnt=3
[eep] cs=1 sk=0 di=0 do=1 es=3 bitcnt=4
[eep] cs=1 sk=1 di=0 do=1 es=3 bitcnt=4
[eep] cs=1 sk=0 di=0 do=1 es=3 bitcnt=5
[eep] cs=1 sk=1 di=0 do=1 es=3 bitcnt=5
[eep] cs=1 sk=0 di=0 do=1 es=3 bitcnt=6
[eep] cs=1 sk=1 di=0 do=1 es=3 bitcnt=6
[eep] cs=1 sk=0 di=0 do=1 es=3 bitcnt=7
[eep] cs=1 sk=1 di=0 do=1 es=3 bitcnt=7
[eep] cs=1 sk=0 di=0 do=1 es=3 bitcnt=8
[eep] cs=1 sk=1 di=0 do=1 es=3 bitcnt=8
[eep] cs=1 sk=0 di=0 do=1 es=3 bitcnt=9
[eep] cs=1 sk=1 di=0 do=1 es=3 bitcnt=9
[eep] cs=1 sk=0 di=0 do=1 es=3 bitcnt=10
[eep] cs=1 sk=1 di=0 do=1 es=3 bitcnt=10
[eep] cs=1 sk=0 di=0 do=1 es=3 bitcnt=11
[eep] cs=1 sk=1 di=0 do=1 es=3 bitcnt=11
[eep] cs=1 sk=0 di=0 do=1 es=3 bitcnt=12
[eep] cs=1 sk=1 di=0 do=1 es=3 bitcnt=12
[eep] cs=1 sk=0 di=0 do=1 es=3 bitcnt=13
[eep] cs=1 sk=1 di=0 do=1 es=3 bitcnt=13
[eep] cs=1 sk=0 di=0 do=1 es=3 bitcnt=14
[eep] cs=1 sk=1 di=0 do=1 es=3 bitcnt=14
[eep] cs=1 sk=0 di=1 do=1 es=3 bitcnt=15
[eep] cs=1 sk=1 di=1 do=1 es=3 bitcnt=15
[eep] cs=0 sk=0 di=0 do=1 es=4 bitcnt=0
[eep] cs=0 sk=1 di=0 do=1 es=0 bitcnt=0
[eep] cs=0 sk=0 di=0 do=1 es=0 bitcnt=0
[eep] cs=0 sk=1 di=0 do=1 es=0 bitcnt=0
[eep] cs=1 sk=0 di=0 do=1 es=0 bitcnt=0
[eep] cs=1 sk=1 di=0 do=1 es=0 bitcnt=0
[eep] cs=0 sk=0 di=0 do=1 es=0 bitcnt=0
[eep] cs=0 sk=1 di=0 do=1 es=0 bitcnt=0
[eep] cs=1 sk=0 di=0 do=1 es=0 bitcnt=0
[eep] cs=1 sk=1 di=0 do=1 es=0 bitcnt=0
[eep] cs=1 sk=0 di=1 do=1 es=0 bitcnt=0
[eep] cs=1 sk=1 di=1 do=1 es=0 bitcnt=0
[eep] cs=1 sk=0 di=0 do=1 es=1 bitcnt=0
[eep] cs=1 sk=1 di=0 do=1 es=1 bitcnt=0
[eep] cs=1 sk=0 di=1 do=1 es=1 bitcnt=1
[eep] cs=1 sk=1 di=1 do=1 es=1 bitcnt=1
[eep] cs=1 sk=0 di=1 do=1 es=1 bitcnt=2
[eep] cs=1 sk=1 di=1 do=1 es=1 bitcnt=2
[eep] cs=1 sk=0 di=0 do=1 es=1 bitcnt=3
[eep] cs=1 sk=1 di=0 do=1 es=1 bitcnt=3
[eep] cs=1 sk=0 di=1 do=1 es=1 bitcnt=4
[eep] cs=1 sk=1 di=1 do=1 es=1 bitcnt=4
[eep] cs=1 sk=0 di=1 do=1 es=1 bitcnt=5
[eep] cs=1 sk=1 di=1 do=1 es=1 bitcnt=5
[eep] cs=1 sk=0 di=0 do=1 es=1 bitcnt=6
[eep] cs=1 sk=1 di=0 do=1 es=1 bitcnt=6
[eep] cs=1 sk=0 di=1 do=1 es=1 bitcnt=7
[eep] cs=1 sk=1 di=1 do=1 es=1 bitcnt=7
[eep] cs=1 sk=0 di=0 do=1 es=3 bitcnt=0
[eep] cs=1 sk=1 di=0 do=1 es=3 bitcnt=0
[eep] cs=1 sk=0 di=0 do=1 es=3 bitcnt=1
[eep] cs=1 sk=1 di=0 do=1 es=3 bitcnt=1
[eep] cs=1 sk=0 di=0 do=1 es=3 bitcnt=2
[eep] cs=1 sk=1 di=0 do=1 es=3 bitcnt=2
[eep] cs=1 sk=0 di=0 do=1 es=3 bitcnt=3
[eep] cs=1 sk=1 di=0 do=1 es=3 bitcnt=3
[eep] cs=1 sk=0 di=0 do=1 es=3 bitcnt=4
[eep] cs=1 sk=1 di=0 do=1 es=3 bitcnt=4
[eep] cs=1 sk=0 di=0 do=1 es=3 bitcnt=5
[eep] cs=1 sk=1 di=0 do=1 es=3 bitcnt=5
[eep] cs=1 sk=0 di=0 do=1 es=3 bitcnt=6
[eep] cs=1 sk=1 di=0 do=1 es=3 bitcnt=6
[eep] cs=1 sk=0 di=0 do=1 es=3 bitcnt=7
[eep] cs=1 sk=1 di=0 do=1 es=3 bitcnt=7
[eep] cs=1 sk=0 di=0 do=1 es=3 bitcnt=8
[eep] cs=1 sk=1 di=0 do=1 es=3 bitcnt=8
[eep] cs=1 sk=0 di=0 do=1 es=3 bitcnt=9
[eep] cs=1 sk=1 di=0 do=1 es=3 bitcnt=9
[eep] cs=1 sk=0 di=0 do=1 es=3 bitcnt=10
[eep] cs=1 sk=1 di=0 do=1 es=3 bitcnt=10
[eep] cs=1 sk=0 di=0 do=1 es=3 bitcnt=11
[eep] cs=1 sk=1 di=0 do=1 es=3 bitcnt=11
[eep] cs=1 sk=0 di=0 do=1 es=3 bitcnt=12
[eep] cs=1 sk=1 di=0 do=1 es=3 bitcnt=12
[eep] cs=1 sk=0 di=0 do=1 es=3 bitcnt=13
[eep] cs=1 sk=1 di=0 do=1 es=3 bitcnt=13
[eep] cs=1 sk=0 di=0 do=1 es=3 bitcnt=14
[eep] cs=1 sk=1 di=0 do=1 es=3 bitcnt=14
[eep] cs=1 sk=0 di=0 do=1 es=3 bitcnt=15
[eep] cs=1 sk=1 di=0 do=1 es=3 bitcnt=15
[eep] cs=0 sk=0 di=0 do=1 es=4 bitcnt=0
[eep] cs=0 sk=1 di=0 do=1 es=0 bitcnt=0
[eep] cs=0 sk=0 di=0 do=1 es=0 bitcnt=0
[eep] cs=0 sk=1 di=0 do=1 es=0 bitcnt=0
[eep] cs=1 sk=0 di=0 do=1 es=0 bitcnt=0
[eep] cs=1 sk=1 di=0 do=1 es=0 bitcnt=0
[eep] cs=0 sk=0 di=0 do=1 es=0 bitcnt=0
[eep] cs=0 sk=1 di=0 do=1 es=0 bitcnt=0
[eep] cs=1 sk=0 di=0 do=1 es=0 bitcnt=0
[eep] cs=1 sk=1 di=0 do=1 es=0 bitcnt=0
[eep] cs=1 sk=0 di=1 do=1 es=0 bitcnt=0
[eep] cs=1 sk=1 di=1 do=1 es=0 bitcnt=0
[eep] cs=1 sk=0 di=0 do=1 es=1 bitcnt=0
[eep] cs=1 sk=1 di=0 do=1 es=1 bitcnt=0
[eep] cs=1 sk=0 di=1 do=1 es=1 bitcnt=1
[eep] cs=1 sk=1 di=1 do=1 es=1 bitcnt=1
[eep] cs=1 sk=0 di=1 do=1 es=1 bitcnt=2
[eep] cs=1 sk=1 di=1 do=1 es=1 bitcnt=2
[eep] cs=1 sk=0 di=0 do=1 es=1 bitcnt=3
[eep] cs=1 sk=1 di=0 do=1 es=1 bitcnt=3
[eep] cs=1 sk=0 di=1 do=1 es=1 bitcnt=4
[eep] cs=1 sk=1 di=1 do=1 es=1 bitcnt=4
[eep] cs=1 sk=0 di=1 do=1 es=1 bitcnt=5
[eep] cs=1 sk=1 di=1 do=1 es=1 bitcnt=5
[eep] cs=1 sk=0 di=1 do=1 es=1 bitcnt=6
[eep] cs=1 sk=1 di=1 do=1 es=1 bitcnt=6
[eep] cs=1 sk=0 di=0 do=1 es=1 bitcnt=7
[eep] cs=1 sk=1 di=0 do=1 es=1 bitcnt=7
[eep] cs=1 sk=0 di=0 do=1 es=3 bitcnt=0
[eep] cs=1 sk=1 di=0 do=1 es=3 bitcnt=0
[eep] cs=1 sk=0 di=0 do=1 es=3 bitcnt=1
[eep] cs=1 sk=1 di=0 do=1 es=3 bitcnt=1
[eep] cs=1 sk=0 di=0 do=1 es=3 bitcnt=2
[eep] cs=1 sk=1 di=0 do=1 es=3 bitcnt=2
[eep] cs=1 sk=0 di=0 do=1 es=3 bitcnt=3
[eep] cs=1 sk=1 di=0 do=1 es=3 bitcnt=3
[eep] cs=1 sk=0 di=0 do=1 es=3 bitcnt=4
[eep] cs=1 sk=1 di=0 do=1 es=3 bitcnt=4
[eep] cs=1 sk=0 di=0 do=1 es=3 bitcnt=5
[eep] cs=1 sk=1 di=0 do=1 es=3 bitcnt=5
[eep] cs=1 sk=0 di=0 do=1 es=3 bitcnt=6
[eep] cs=1 sk=1 di=0 do=1 es=3 bitcnt=6
[eep] cs=1 sk=0 di=0 do=1 es=3 bitcnt=7
[eep] cs=1 sk=1 di=0 do=1 es=3 bitcnt=7
[eep] cs=1 sk=0 di=0 do=1 es=3 bitcnt=8
[eep] cs=1 sk=1 di=0 do=1 es=3 bitcnt=8
[eep] cs=1 sk=0 di=0 do=1 es=3 bitcnt=9
[eep] cs=1 sk=1 di=0 do=1 es=3 bitcnt=9
[eep] cs=1 sk=0 di=0 do=1 es=3 bitcnt=10
[eep] cs=1 sk=1 di=0 do=1 es=3 bitcnt=10
[eep] cs=1 sk=0 di=0 do=1 es=3 bitcnt=11
[eep] cs=1 sk=1 di=0 do=1 es=3 bitcnt=11
[eep] cs=1 sk=0 di=0 do=1 es=3 bitcnt=12
[eep] cs=1 sk=1 di=0 do=1 es=3 bitcnt=12
[eep] cs=1 sk=0 di=0 do=1 es=3 bitcnt=13
[eep] cs=1 sk=1 di=0 do=1 es=3 bitcnt=13
[eep] cs=1 sk=0 di=0 do=1 es=3 bitcnt=14
[eep] cs=1 sk=1 di=0 do=1 es=3 bitcnt=14
[eep] cs=1 sk=0 di=0 do=1 es=3 bitcnt=15
[eep] cs=1 sk=1 di=0 do=1 es=3 bitcnt=15
[eep] cs=0 sk=0 di=0 do=1 es=4 bitcnt=0
[eep] cs=0 sk=1 di=0 do=1 es=0 bitcnt=0
[eep] cs=0 sk=0 di=0 do=1 es=0 bitcnt=0
[eep] cs=0 sk=1 di=0 do=1 es=0 bitcnt=0
[eep] cs=1 sk=0 di=0 do=1 es=0 bitcnt=0
[eep] cs=1 sk=1 di=0 do=1 es=0 bitcnt=0
[eep] cs=0 sk=0 di=0 do=1 es=0 bitcnt=0
[eep] cs=0 sk=1 di=0 do=1 es=0 bitcnt=0
[eep] cs=1 sk=0 di=0 do=1 es=0 bitcnt=0
[eep] cs=1 sk=1 di=0 do=1 es=0 bitcnt=0
[eep] cs=1 sk=0 di=1 do=1 es=0 bitcnt=0
[eep] cs=1 sk=1 di=1 do=1 es=0 bitcnt=0
[eep] cs=1 sk=0 di=0 do=1 es=1 bitcnt=0
[eep] cs=1 sk=1 di=0 do=1 es=1 bitcnt=0
[eep] cs=1 sk=0 di=1 do=1 es=1 bitcnt=1
[eep] cs=1 sk=1 di=1 do=1 es=1 bitcnt=1
[eep] cs=1 sk=0 di=1 do=1 es=1 bitcnt=2
[eep] cs=1 sk=1 di=1 do=1 es=1 bitcnt=2
[eep] cs=1 sk=0 di=0 do=1 es=1 bitcnt=3
[eep] cs=1 sk=1 di=0 do=1 es=1 bitcnt=3
[eep] cs=1 sk=0 di=1 do=1 es=1 bitcnt=4
[eep] cs=1 sk=1 di=1 do=1 es=1 bitcnt=4
[eep] cs=1 sk=0 di=1 do=1 es=1 bitcnt=5
[eep] cs=1 sk=1 di=1 do=1 es=1 bitcnt=5
[eep] cs=1 sk=0 di=1 do=1 es=1 bitcnt=6
[eep] cs=1 sk=1 di=1 do=1 es=1 bitcnt=6
[eep] cs=1 sk=0 di=1 do=1 es=1 bitcnt=7
[eep] cs=1 sk=1 di=1 do=1 es=1 bitcnt=7
[eep] cs=1 sk=0 di=0 do=1 es=3 bitcnt=0
[eep] cs=1 sk=1 di=0 do=1 es=3 bitcnt=0
[eep] cs=1 sk=0 di=0 do=1 es=3 bitcnt=1
[eep] cs=1 sk=1 di=0 do=1 es=3 bitcnt=1
[eep] cs=1 sk=0 di=0 do=1 es=3 bitcnt=2
[eep] cs=1 sk=1 di=0 do=1 es=3 bitcnt=2
[eep] cs=1 sk=0 di=0 do=1 es=3 bitcnt=3
[eep] cs=1 sk=1 di=0 do=1 es=3 bitcnt=3
[eep] cs=1 sk=0 di=0 do=1 es=3 bitcnt=4
[eep] cs=1 sk=1 di=0 do=1 es=3 bitcnt=4
[eep] cs=1 sk=0 di=0 do=1 es=3 bitcnt=5
[eep] cs=1 sk=1 di=0 do=1 es=3 bitcnt=5
[eep] cs=1 sk=0 di=0 do=1 es=3 bitcnt=6
[eep] cs=1 sk=1 di=0 do=1 es=3 bitcnt=6
[eep] cs=1 sk=0 di=0 do=1 es=3 bitcnt=7
[eep] cs=1 sk=1 di=0 do=1 es=3 bitcnt=7
[eep] cs=1 sk=0 di=0 do=1 es=3 bitcnt=8
[eep] cs=1 sk=1 di=0 do=1 es=3 bitcnt=8
[eep] cs=1 sk=0 di=0 do=1 es=3 bitcnt=9
[eep] cs=1 sk=1 di=0 do=1 es=3 bitcnt=9
[eep] cs=1 sk=0 di=0 do=1 es=3 bitcnt=10
[eep] cs=1 sk=1 di=0 do=1 es=3 bitcnt=10
[eep] cs=1 sk=0 di=0 do=1 es=3 bitcnt=11
[eep] cs=1 sk=1 di=0 do=1 es=3 bitcnt=11
[eep] cs=1 sk=0 di=0 do=1 es=3 bitcnt=12
[eep] cs=1 sk=1 di=0 do=1 es=3 bitcnt=12
[eep] cs=1 sk=0 di=0 do=1 es=3 bitcnt=13
[eep] cs=1 sk=1 di=0 do=1 es=3 bitcnt=13
[eep] cs=1 sk=0 di=0 do=1 es=3 bitcnt=14
[eep] cs=1 sk=1 di=0 do=1 es=3 bitcnt=14
[eep] cs=1 sk=0 di=0 do=1 es=3 bitcnt=15
[eep] cs=1 sk=1 di=0 do=1 es=3 bitcnt=15
[eep] cs=0 sk=0 di=0 do=1 es=4 bitcnt=0
[eep] cs=0 sk=1 di=0 do=1 es=0 bitcnt=0
[eep] cs=0 sk=0 di=0 do=1 es=0 bitcnt=0
[eep] cs=0 sk=1 di=0 do=1 es=0 bitcnt=0
[eep] cs=1 sk=0 di=0 do=1 es=0 bitcnt=0
[eep] cs=1 sk=1 di=0 do=1 es=0 bitcnt=0
[eep] cs=0 sk=0 di=0 do=1 es=0 bitcnt=0
[eep] cs=0 sk=1 di=0 do=1 es=0 bitcnt=0
[eep] cs=1 sk=0 di=0 do=1 es=0 bitcnt=0
[eep] cs=1 sk=1 di=0 do=1 es=0 bitcnt=0
[eep] cs=1 sk=0 di=1 do=1 es=0 bitcnt=0
[eep] cs=1 sk=1 di=1 do=1 es=0 bitcnt=0
[eep] cs=1 sk=0 di=0 do=1 es=1 bitcnt=0
[eep] cs=1 sk=1 di=0 do=1 es=1 bitcnt=0
[eep] cs=1 sk=0 di=1 do=1 es=1 bitcnt=1
[eep] cs=1 sk=1 di=1 do=1 es=1 bitcnt=1
[eep] cs=1 sk=0 di=1 do=1 es=1 bitcnt=2
[eep] cs=1 sk=1 di=1 do=1 es=1 bitcnt=2
[eep] cs=1 sk=0 di=1 do=1 es=1 bitcnt=3
[eep] cs=1 sk=1 di=1 do=1 es=1 bitcnt=3
[eep] cs=1 sk=0 di=0 do=1 es=1 bitcnt=4
[eep] cs=1 sk=1 di=0 do=1 es=1 bitcnt=4
[eep] cs=1 sk=0 di=0 do=1 es=1 bitcnt=5
[eep] cs=1 sk=1 di=0 do=1 es=1 bitcnt=5
[eep] cs=1 sk=0 di=0 do=1 es=1 bitcnt=6
[eep] cs=1 sk=1 di=0 do=1 es=1 bitcnt=6
[eep] cs=1 sk=0 di=0 do=1 es=1 bitcnt=7
[eep] cs=1 sk=1 di=0 do=1 es=1 bitcnt=7
[eep] cs=1 sk=0 di=0 do=1 es=3 bitcnt=0
[eep] cs=1 sk=1 di=0 do=1 es=3 bitcnt=0
[eep] cs=1 sk=0 di=1 do=1 es=3 bitcnt=1
[eep] cs=1 sk=1 di=1 do=1 es=3 bitcnt=1
[eep] cs=1 sk=0 di=0 do=1 es=3 bitcnt=2
[eep] cs=1 sk=1 di=0 do=1 es=3 bitcnt=2
[eep] cs=1 sk=0 di=0 do=1 es=3 bitcnt=3
[eep] cs=1 sk=1 di=0 do=1 es=3 bitcnt=3
[eep] cs=1 sk=0 di=0 do=1 es=3 bitcnt=4
[eep] cs=1 sk=1 di=0 do=1 es=3 bitcnt=4
[eep] cs=1 sk=0 di=1 do=1 es=3 bitcnt=5
[eep] cs=1 sk=1 di=1 do=1 es=3 bitcnt=5
[eep] cs=1 sk=0 di=0 do=1 es=3 bitcnt=6
[eep] cs=1 sk=1 di=0 do=1 es=3 bitcnt=6
[eep] cs=1 sk=0 di=1 do=1 es=3 bitcnt=7
[eep] cs=1 sk=1 di=1 do=1 es=3 bitcnt=7
[eep] cs=1 sk=0 di=0 do=1 es=3 bitcnt=8
[eep] cs=1 sk=1 di=0 do=1 es=3 bitcnt=8
[eep] cs=1 sk=0 di=0 do=1 es=3 bitcnt=9
[eep] cs=1 sk=1 di=0 do=1 es=3 bitcnt=9
[eep] cs=1 sk=0 di=0 do=1 es=3 bitcnt=10
[eep] cs=1 sk=1 di=0 do=1 es=3 bitcnt=10
[eep] cs=1 sk=0 di=0 do=1 es=3 bitcnt=11
[eep] cs=1 sk=1 di=0 do=1 es=3 bitcnt=11
[eep] cs=1 sk=0 di=0 do=1 es=3 bitcnt=12
[eep] cs=1 sk=1 di=0 do=1 es=3 bitcnt=12
[eep] cs=1 sk=0 di=1 do=1 es=3 bitcnt=13
[eep] cs=1 sk=1 di=1 do=1 es=3 bitcnt=13
[eep] cs=1 sk=0 di=1 do=1 es=3 bitcnt=14
[eep] cs=1 sk=1 di=1 do=1 es=3 bitcnt=14
[eep] cs=1 sk=0 di=1 do=1 es=3 bitcnt=15
[eep] cs=1 sk=1 di=1 do=1 es=3 bitcnt=15
[eep] cs=0 sk=0 di=0 do=1 es=4 bitcnt=0
[eep] cs=0 sk=1 di=0 do=1 es=0 bitcnt=0
[eep] cs=0 sk=0 di=0 do=1 es=0 bitcnt=0
[eep] cs=0 sk=1 di=0 do=1 es=0 bitcnt=0
[eep] cs=1 sk=0 di=0 do=1 es=0 bitcnt=0
[eep] cs=1 sk=1 di=0 do=1 es=0 bitcnt=0
[eep] cs=0 sk=0 di=0 do=1 es=0 bitcnt=0
[eep] cs=0 sk=1 di=0 do=1 es=0 bitcnt=0
[eep] cs=1 sk=0 di=0 do=1 es=0 bitcnt=0
[eep] cs=1 sk=1 di=0 do=1 es=0 bitcnt=0
[eep] cs=1 sk=0 di=1 do=1 es=0 bitcnt=0
[eep] cs=1 sk=1 di=1 do=1 es=0 bitcnt=0
[eep] cs=1 sk=0 di=0 do=1 es=1 bitcnt=0
[eep] cs=1 sk=1 di=0 do=1 es=1 bitcnt=0
[eep] cs=1 sk=0 di=1 do=1 es=1 bitcnt=1
[eep] cs=1 sk=1 di=1 do=1 es=1 bitcnt=1
[eep] cs=1 sk=0 di=1 do=1 es=1 bitcnt=2
[eep] cs=1 sk=1 di=1 do=1 es=1 bitcnt=2
[eep] cs=1 sk=0 di=1 do=1 es=1 bitcnt=3
[eep] cs=1 sk=1 di=1 do=1 es=1 bitcnt=3
[eep] cs=1 sk=0 di=0 do=1 es=1 bitcnt=4
[eep] cs=1 sk=1 di=0 do=1 es=1 bitcnt=4
[eep] cs=1 sk=0 di=0 do=1 es=1 bitcnt=5
[eep] cs=1 sk=1 di=0 do=1 es=1 bitcnt=5
[eep] cs=1 sk=0 di=0 do=1 es=1 bitcnt=6
[eep] cs=1 sk=1 di=0 do=1 es=1 bitcnt=6
[eep] cs=1 sk=0 di=1 do=1 es=1 bitcnt=7
[eep] cs=1 sk=1 di=1 do=1 es=1 bitcnt=7
[eep] cs=1 sk=0 di=0 do=1 es=3 bitcnt=0
[eep] cs=1 sk=1 di=0 do=1 es=3 bitcnt=0
[eep] cs=1 sk=0 di=0 do=1 es=3 bitcnt=1
[eep] cs=1 sk=1 di=0 do=1 es=3 bitcnt=1
[eep] cs=1 sk=0 di=0 do=1 es=3 bitcnt=2
[eep] cs=1 sk=1 di=0 do=1 es=3 bitcnt=2
[eep] cs=1 sk=0 di=0 do=1 es=3 bitcnt=3
[eep] cs=1 sk=1 di=0 do=1 es=3 bitcnt=3
[eep] cs=1 sk=0 di=0 do=1 es=3 bitcnt=4
[eep] cs=1 sk=1 di=0 do=1 es=3 bitcnt=4
[eep] cs=1 sk=0 di=1 do=1 es=3 bitcnt=5
[eep] cs=1 sk=1 di=1 do=1 es=3 bitcnt=5
[eep] cs=1 sk=0 di=1 do=1 es=3 bitcnt=6
[eep] cs=1 sk=1 di=1 do=1 es=3 bitcnt=6
[eep] cs=1 sk=0 di=1 do=1 es=3 bitcnt=7
[eep] cs=1 sk=1 di=1 do=1 es=3 bitcnt=7
[eep] cs=1 sk=0 di=0 do=1 es=3 bitcnt=8
[eep] cs=1 sk=1 di=0 do=1 es=3 bitcnt=8
[eep] cs=1 sk=0 di=0 do=1 es=3 bitcnt=9
[eep] cs=1 sk=1 di=0 do=1 es=3 bitcnt=9
[eep] cs=1 sk=0 di=0 do=1 es=3 bitcnt=10
[eep] cs=1 sk=1 di=0 do=1 es=3 bitcnt=10
[eep] cs=1 sk=0 di=0 do=1 es=3 bitcnt=11
[eep] cs=1 sk=1 di=0 do=1 es=3 bitcnt=11
[eep] cs=1 sk=0 di=0 do=1 es=3 bitcnt=12
[eep] cs=1 sk=1 di=0 do=1 es=3 bitcnt=12
[eep] cs=1 sk=0 di=1 do=1 es=3 bitcnt=13
[eep] cs=1 sk=1 di=1 do=1 es=3 bitcnt=13
[eep] cs=1 sk=0 di=1 do=1 es=3 bitcnt=14
[eep] cs=1 sk=1 di=1 do=1 es=3 bitcnt=14
[eep] cs=1 sk=0 di=1 do=1 es=3 bitcnt=15
[eep] cs=1 sk=1 di=1 do=1 es=3 bitcnt=15
[eep] cs=0 sk=0 di=0 do=1 es=4 bitcnt=0
[eep] cs=0 sk=1 di=0 do=1 es=0 bitcnt=0
[eep] cs=0 sk=0 di=0 do=1 es=0 bitcnt=0
[eep] cs=0 sk=1 di=0 do=1 es=0 bitcnt=0
[eep] cs=1 sk=0 di=0 do=1 es=0 bitcnt=0
[eep] cs=1 sk=1 di=0 do=1 es=0 bitcnt=0
[eep] cs=0 sk=0 di=0 do=1 es=0 bitcnt=0
[eep] cs=0 sk=1 di=0 do=1 es=0 bitcnt=0
[eep] cs=1 sk=0 di=0 do=1 es=0 bitcnt=0
[eep] cs=1 sk=1 di=0 do=1 es=0 bitcnt=0
[eep] cs=1 sk=0 di=1 do=1 es=0 bitcnt=0
[eep] cs=1 sk=1 di=1 do=1 es=0 bitcnt=0
[eep] cs=1 sk=0 di=0 do=1 es=1 bitcnt=0
[eep] cs=1 sk=1 di=0 do=1 es=1 bitcnt=0
[eep] cs=1 sk=0 di=1 do=1 es=1 bitcnt=1
[eep] cs=1 sk=1 di=1 do=1 es=1 bitcnt=1
[eep] cs=1 sk=0 di=1 do=1 es=1 bitcnt=2
[eep] cs=1 sk=1 di=1 do=1 es=1 bitcnt=2
[eep] cs=1 sk=0 di=1 do=1 es=1 bitcnt=3
[eep] cs=1 sk=1 di=1 do=1 es=1 bitcnt=3
[eep] cs=1 sk=0 di=0 do=1 es=1 bitcnt=4
[eep] cs=1 sk=1 di=0 do=1 es=1 bitcnt=4
[eep] cs=1 sk=0 di=0 do=1 es=1 bitcnt=5
[eep] cs=1 sk=1 di=0 do=1 es=1 bitcnt=5
[eep] cs=1 sk=0 di=1 do=1 es=1 bitcnt=6
[eep] cs=1 sk=1 di=1 do=1 es=1 bitcnt=6
[eep] cs=1 sk=0 di=0 do=1 es=1 bitcnt=7
[eep] cs=1 sk=1 di=0 do=1 es=1 bitcnt=7
[eep] cs=1 sk=0 di=0 do=1 es=3 bitcnt=0
[eep] cs=1 sk=1 di=0 do=1 es=3 bitcnt=0
[eep] cs=1 sk=0 di=0 do=1 es=3 bitcnt=1
[eep] cs=1 sk=1 di=0 do=1 es=3 bitcnt=1
[eep] cs=1 sk=0 di=0 do=1 es=3 bitcnt=2
[eep] cs=1 sk=1 di=0 do=1 es=3 bitcnt=2
[eep] cs=1 sk=0 di=0 do=1 es=3 bitcnt=3
[eep] cs=1 sk=1 di=0 do=1 es=3 bitcnt=3
[eep] cs=1 sk=0 di=0 do=1 es=3 bitcnt=4
[eep] cs=1 sk=1 di=0 do=1 es=3 bitcnt=4
[eep] cs=1 sk=0 di=0 do=1 es=3 bitcnt=5
[eep] cs=1 sk=1 di=0 do=1 es=3 bitcnt=5
[eep] cs=1 sk=0 di=0 do=1 es=3 bitcnt=6
[eep] cs=1 sk=1 di=0 do=1 es=3 bitcnt=6
[eep] cs=1 sk=0 di=0 do=1 es=3 bitcnt=7
[eep] cs=1 sk=1 di=0 do=1 es=3 bitcnt=7
[eep] cs=1 sk=0 di=0 do=1 es=3 bitcnt=8
[eep] cs=1 sk=1 di=0 do=1 es=3 bitcnt=8
[eep] cs=1 sk=0 di=0 do=1 es=3 bitcnt=9
[eep] cs=1 sk=1 di=0 do=1 es=3 bitcnt=9
[eep] cs=1 sk=0 di=0 do=1 es=3 bitcnt=10
[eep] cs=1 sk=1 di=0 do=1 es=3 bitcnt=10
[eep] cs=1 sk=0 di=0 do=1 es=3 bitcnt=11
[eep] cs=1 sk=1 di=0 do=1 es=3 bitcnt=11
[eep] cs=1 sk=0 di=0 do=1 es=3 bitcnt=12
[eep] cs=1 sk=1 di=0 do=1 es=3 bitcnt=12
[eep] cs=1 sk=0 di=0 do=1 es=3 bitcnt=13
[eep] cs=1 sk=1 di=0 do=1 es=3 bitcnt=13
[eep] cs=1 sk=0 di=0 do=1 es=3 bitcnt=14
[eep] cs=1 sk=1 di=0 do=1 es=3 bitcnt=14
[eep] cs=1 sk=0 di=0 do=1 es=3 bitcnt=15
[eep] cs=1 sk=1 di=0 do=1 es=3 bitcnt=15
[eep] cs=0 sk=0 di=0 do=1 es=4 bitcnt=0
[eep] cs=0 sk=1 di=0 do=1 es=0 bitcnt=0
[eep] cs=0 sk=0 di=0 do=1 es=0 bitcnt=0
[eep] cs=0 sk=1 di=0 do=1 es=0 bitcnt=0
[eep] cs=1 sk=0 di=0 do=1 es=0 bitcnt=0
[eep] cs=1 sk=1 di=0 do=1 es=0 bitcnt=0
[eep] cs=0 sk=0 di=0 do=1 es=0 bitcnt=0
[eep] cs=0 sk=1 di=0 do=1 es=0 bitcnt=0
[eep] cs=1 sk=0 di=0 do=1 es=0 bitcnt=0
[eep] cs=1 sk=1 di=0 do=1 es=0 bitcnt=0
[eep] cs=1 sk=0 di=1 do=1 es=0 bitcnt=0
[eep] cs=1 sk=1 di=1 do=1 es=0 bitcnt=0
[eep] cs=1 sk=0 di=0 do=1 es=1 bitcnt=0
[eep] cs=1 sk=1 di=0 do=1 es=1 bitcnt=0
[eep] cs=1 sk=0 di=1 do=1 es=1 bitcnt=1
[eep] cs=1 sk=1 di=1 do=1 es=1 bitcnt=1
[eep] cs=1 sk=0 di=1 do=1 es=1 bitcnt=2
[eep] cs=1 sk=1 di=1 do=1 es=1 bitcnt=2
[eep] cs=1 sk=0 di=1 do=1 es=1 bitcnt=3
[eep] cs=1 sk=1 di=1 do=1 es=1 bitcnt=3
[eep] cs=1 sk=0 di=0 do=1 es=1 bitcnt=4
[eep] cs=1 sk=1 di=0 do=1 es=1 bitcnt=4
[eep] cs=1 sk=0 di=0 do=1 es=1 bitcnt=5
[eep] cs=1 sk=1 di=0 do=1 es=1 bitcnt=5
[eep] cs=1 sk=0 di=1 do=1 es=1 bitcnt=6
[eep] cs=1 sk=1 di=1 do=1 es=1 bitcnt=6
[eep] cs=1 sk=0 di=1 do=1 es=1 bitcnt=7
[eep] cs=1 sk=1 di=1 do=1 es=1 bitcnt=7
[eep] cs=1 sk=0 di=0 do=1 es=3 bitcnt=0
[eep] cs=1 sk=1 di=0 do=1 es=3 bitcnt=0
[eep] cs=1 sk=0 di=0 do=1 es=3 bitcnt=1
[eep] cs=1 sk=1 di=0 do=1 es=3 bitcnt=1
[eep] cs=1 sk=0 di=0 do=1 es=3 bitcnt=2
[eep] cs=1 sk=1 di=0 do=1 es=3 bitcnt=2
[eep] cs=1 sk=0 di=0 do=1 es=3 bitcnt=3
[eep] cs=1 sk=1 di=0 do=1 es=3 bitcnt=3
[eep] cs=1 sk=0 di=0 do=1 es=3 bitcnt=4
[eep] cs=1 sk=1 di=0 do=1 es=3 bitcnt=4
[eep] cs=1 sk=0 di=0 do=1 es=3 bitcnt=5
[eep] cs=1 sk=1 di=0 do=1 es=3 bitcnt=5
[eep] cs=1 sk=0 di=0 do=1 es=3 bitcnt=6
[eep] cs=1 sk=1 di=0 do=1 es=3 bitcnt=6
[eep] cs=1 sk=0 di=0 do=1 es=3 bitcnt=7
[eep] cs=1 sk=1 di=0 do=1 es=3 bitcnt=7
[eep] cs=1 sk=0 di=0 do=1 es=3 bitcnt=8
[eep] cs=1 sk=1 di=0 do=1 es=3 bitcnt=8
[eep] cs=1 sk=0 di=0 do=1 es=3 bitcnt=9
[eep] cs=1 sk=1 di=0 do=1 es=3 bitcnt=9
[eep] cs=1 sk=0 di=0 do=1 es=3 bitcnt=10
[eep] cs=1 sk=1 di=0 do=1 es=3 bitcnt=10
[eep] cs=1 sk=0 di=0 do=1 es=3 bitcnt=11
[eep] cs=1 sk=1 di=0 do=1 es=3 bitcnt=11
[eep] cs=1 sk=0 di=0 do=1 es=3 bitcnt=12
[eep] cs=1 sk=1 di=0 do=1 es=3 bitcnt=12
[eep] cs=1 sk=0 di=0 do=1 es=3 bitcnt=13
[eep] cs=1 sk=1 di=0 do=1 es=3 bitcnt=13
[eep] cs=1 sk=0 di=0 do=1 es=3 bitcnt=14
[eep] cs=1 sk=1 di=0 do=1 es=3 bitcnt=14
[eep] cs=1 sk=0 di=0 do=1 es=3 bitcnt=15
[eep] cs=1 sk=1 di=0 do=1 es=3 bitcnt=15
[eep] cs=0 sk=0 di=0 do=1 es=4 bitcnt=0
[eep] cs=0 sk=1 di=0 do=1 es=0 bitcnt=0
[eep] cs=0 sk=0 di=0 do=1 es=0 bitcnt=0
[eep] cs=0 sk=1 di=0 do=1 es=0 bitcnt=0
[eep] cs=1 sk=0 di=0 do=1 es=0 bitcnt=0
[eep] cs=1 sk=1 di=0 do=1 es=0 bitcnt=0
[eep] cs=0 sk=0 di=0 do=1 es=0 bitcnt=0
[eep] cs=0 sk=1 di=0 do=1 es=0 bitcnt=0
[eep] cs=1 sk=0 di=0 do=1 es=0 bitcnt=0
[eep] cs=1 sk=1 di=0 do=1 es=0 bitcnt=0
[eep] cs=1 sk=0 di=1 do=1 es=0 bitcnt=0
[eep] cs=1 sk=1 di=1 do=1 es=0 bitcnt=0
[eep] cs=1 sk=0 di=0 do=1 es=1 bitcnt=0
[eep] cs=1 sk=1 di=0 do=1 es=1 bitcnt=0
[eep] cs=1 sk=0 di=1 do=1 es=1 bitcnt=1
[eep] cs=1 sk=1 di=1 do=1 es=1 bitcnt=1
[eep] cs=1 sk=0 di=1 do=1 es=1 bitcnt=2
[eep] cs=1 sk=1 di=1 do=1 es=1 bitcnt=2
[eep] cs=1 sk=0 di=1 do=1 es=1 bitcnt=3
[eep] cs=1 sk=1 di=1 do=1 es=1 bitcnt=3
[eep] cs=1 sk=0 di=0 do=1 es=1 bitcnt=4
[eep] cs=1 sk=1 di=0 do=1 es=1 bitcnt=4
[eep] cs=1 sk=0 di=1 do=1 es=1 bitcnt=5
[eep] cs=1 sk=1 di=1 do=1 es=1 bitcnt=5
[eep] cs=1 sk=0 di=0 do=1 es=1 bitcnt=6
[eep] cs=1 sk=1 di=0 do=1 es=1 bitcnt=6
[eep] cs=1 sk=0 di=0 do=1 es=1 bitcnt=7
[eep] cs=1 sk=1 di=0 do=1 es=1 bitcnt=7
[eep] cs=1 sk=0 di=0 do=1 es=3 bitcnt=0
[eep] cs=1 sk=1 di=0 do=1 es=3 bitcnt=0
[eep] cs=1 sk=0 di=0 do=1 es=3 bitcnt=1
[eep] cs=1 sk=1 di=0 do=1 es=3 bitcnt=1
[eep] cs=1 sk=0 di=0 do=1 es=3 bitcnt=2
[eep] cs=1 sk=1 di=0 do=1 es=3 bitcnt=2
[eep] cs=1 sk=0 di=0 do=1 es=3 bitcnt=3
[eep] cs=1 sk=1 di=0 do=1 es=3 bitcnt=3
[eep] cs=1 sk=0 di=0 do=1 es=3 bitcnt=4
[eep] cs=1 sk=1 di=0 do=1 es=3 bitcnt=4
[eep] cs=1 sk=0 di=0 do=1 es=3 bitcnt=5
[eep] cs=1 sk=1 di=0 do=1 es=3 bitcnt=5
[eep] cs=1 sk=0 di=0 do=1 es=3 bitcnt=6
[eep] cs=1 sk=1 di=0 do=1 es=3 bitcnt=6
[eep] cs=1 sk=0 di=0 do=1 es=3 bitcnt=7
[eep] cs=1 sk=1 di=0 do=1 es=3 bitcnt=7
[eep] cs=1 sk=0 di=0 do=1 es=3 bitcnt=8
[eep] cs=1 sk=1 di=0 do=1 es=3 bitcnt=8
[eep] cs=1 sk=0 di=0 do=1 es=3 bitcnt=9
[eep] cs=1 sk=1 di=0 do=1 es=3 bitcnt=9
[eep] cs=1 sk=0 di=0 do=1 es=3 bitcnt=10
[eep] cs=1 sk=1 di=0 do=1 es=3 bitcnt=10
[eep] cs=1 sk=0 di=0 do=1 es=3 bitcnt=11
[eep] cs=1 sk=1 di=0 do=1 es=3 bitcnt=11
[eep] cs=1 sk=0 di=0 do=1 es=3 bitcnt=12
[eep] cs=1 sk=1 di=0 do=1 es=3 bitcnt=12
[eep] cs=1 sk=0 di=0 do=1 es=3 bitcnt=13
[eep] cs=1 sk=1 di=0 do=1 es=3 bitcnt=13
[eep] cs=1 sk=0 di=0 do=1 es=3 bitcnt=14
[eep] cs=1 sk=1 di=0 do=1 es=3 bitcnt=14
[eep] cs=1 sk=0 di=0 do=1 es=3 bitcnt=15
[eep] cs=1 sk=1 di=0 do=1 es=3 bitcnt=15
[eep] cs=0 sk=0 di=0 do=1 es=4 bitcnt=0
[eep] cs=0 sk=1 di=0 do=1 es=0 bitcnt=0
[eep] cs=0 sk=0 di=0 do=1 es=0 bitcnt=0
[eep] cs=0 sk=1 di=0 do=1 es=0 bitcnt=0
[eep] cs=1 sk=0 di=0 do=1 es=0 bitcnt=0
[eep] cs=1 sk=1 di=0 do=1 es=0 bitcnt=0
[eep] cs=0 sk=0 di=0 do=1 es=0 bitcnt=0
[eep] cs=0 sk=1 di=0 do=1 es=0 bitcnt=0
[eep] cs=1 sk=0 di=0 do=1 es=0 bitcnt=0
[eep] cs=1 sk=1 di=0 do=1 es=0 bitcnt=0
[eep] cs=1 sk=0 di=1 do=1 es=0 bitcnt=0
[eep] cs=1 sk=1 di=1 do=1 es=0 bitcnt=0
[eep] cs=1 sk=0 di=0 do=1 es=1 bitcnt=0
[eep] cs=1 sk=1 di=0 do=1 es=1 bitcnt=0
[eep] cs=1 sk=0 di=1 do=1 es=1 bitcnt=1
[eep] cs=1 sk=1 di=1 do=1 es=1 bitcnt=1
[eep] cs=1 sk=0 di=1 do=1 es=1 bitcnt=2
[eep] cs=1 sk=1 di=1 do=1 es=1 bitcnt=2
[eep] cs=1 sk=0 di=1 do=1 es=1 bitcnt=3
[eep] cs=1 sk=1 di=1 do=1 es=1 bitcnt=3
[eep] cs=1 sk=0 di=0 do=1 es=1 bitcnt=4
[eep] cs=1 sk=1 di=0 do=1 es=1 bitcnt=4
[eep] cs=1 sk=0 di=1 do=1 es=1 bitcnt=5
[eep] cs=1 sk=1 di=1 do=1 es=1 bitcnt=5
[eep] cs=1 sk=0 di=0 do=1 es=1 bitcnt=6
[eep] cs=1 sk=1 di=0 do=1 es=1 bitcnt=6
[eep] cs=1 sk=0 di=1 do=1 es=1 bitcnt=7
[eep] cs=1 sk=1 di=1 do=1 es=1 bitcnt=7
[eep] cs=1 sk=0 di=0 do=1 es=3 bitcnt=0
[eep] cs=1 sk=1 di=0 do=1 es=3 bitcnt=0
[eep] cs=1 sk=0 di=0 do=1 es=3 bitcnt=1
[eep] cs=1 sk=1 di=0 do=1 es=3 bitcnt=1
[eep] cs=1 sk=0 di=0 do=1 es=3 bitcnt=2
[eep] cs=1 sk=1 di=0 do=1 es=3 bitcnt=2
[eep] cs=1 sk=0 di=0 do=1 es=3 bitcnt=3
[eep] cs=1 sk=1 di=0 do=1 es=3 bitcnt=3
[eep] cs=1 sk=0 di=0 do=1 es=3 bitcnt=4
[eep] cs=1 sk=1 di=0 do=1 es=3 bitcnt=4
[eep] cs=1 sk=0 di=0 do=1 es=3 bitcnt=5
[eep] cs=1 sk=1 di=0 do=1 es=3 bitcnt=5
[eep] cs=1 sk=0 di=0 do=1 es=3 bitcnt=6
[eep] cs=1 sk=1 di=0 do=1 es=3 bitcnt=6
[eep] cs=1 sk=0 di=0 do=1 es=3 bitcnt=7
[eep] cs=1 sk=1 di=0 do=1 es=3 bitcnt=7
[eep] cs=1 sk=0 di=0 do=1 es=3 bitcnt=8
[eep] cs=1 sk=1 di=0 do=1 es=3 bitcnt=8
[eep] cs=1 sk=0 di=0 do=1 es=3 bitcnt=9
[eep] cs=1 sk=1 di=0 do=1 es=3 bitcnt=9
[eep] cs=1 sk=0 di=0 do=1 es=3 bitcnt=10
[eep] cs=1 sk=1 di=0 do=1 es=3 bitcnt=10
[eep] cs=1 sk=0 di=0 do=1 es=3 bitcnt=11
[eep] cs=1 sk=1 di=0 do=1 es=3 bitcnt=11
[eep] cs=1 sk=0 di=0 do=1 es=3 bitcnt=12
[eep] cs=1 sk=1 di=0 do=1 es=3 bitcnt=12
[eep] cs=1 sk=0 di=0 do=1 es=3 bitcnt=13
[eep] cs=1 sk=1 di=0 do=1 es=3 bitcnt=13
[eep] cs=1 sk=0 di=0 do=1 es=3 bitcnt=14
[eep] cs=1 sk=1 di=0 do=1 es=3 bitcnt=14
[eep] cs=1 sk=0 di=0 do=1 es=3 bitcnt=15
[eep] cs=1 sk=1 di=0 do=1 es=3 bitcnt=15
[eep] cs=0 sk=0 di=0 do=1 es=4 bitcnt=0
[eep] cs=0 sk=1 di=0 do=1 es=0 bitcnt=0
[eep] cs=0 sk=0 di=0 do=1 es=0 bitcnt=0
[eep] cs=0 sk=1 di=0 do=1 es=0 bitcnt=0
[eep] cs=1 sk=0 di=0 do=1 es=0 bitcnt=0
[eep] cs=1 sk=1 di=0 do=1 es=0 bitcnt=0
[eep] cs=0 sk=0 di=0 do=1 es=0 bitcnt=0
[eep] cs=0 sk=1 di=0 do=1 es=0 bitcnt=0
[eep] cs=1 sk=0 di=0 do=1 es=0 bitcnt=0
[eep] cs=1 sk=1 di=0 do=1 es=0 bitcnt=0
[eep] cs=1 sk=0 di=1 do=1 es=0 bitcnt=0
[eep] cs=1 sk=1 di=1 do=1 es=0 bitcnt=0
[eep] cs=1 sk=0 di=0 do=1 es=1 bitcnt=0
[eep] cs=1 sk=1 di=0 do=1 es=1 bitcnt=0
[eep] cs=1 sk=0 di=1 do=1 es=1 bitcnt=1
[eep] cs=1 sk=1 di=1 do=1 es=1 bitcnt=1
[eep] cs=1 sk=0 di=1 do=1 es=1 bitcnt=2
[eep] cs=1 sk=1 di=1 do=1 es=1 bitcnt=2
[eep] cs=1 sk=0 di=1 do=1 es=1 bitcnt=3
[eep] cs=1 sk=1 di=1 do=1 es=1 bitcnt=3
[eep] cs=1 sk=0 di=0 do=1 es=1 bitcnt=4
[eep] cs=1 sk=1 di=0 do=1 es=1 bitcnt=4
[eep] cs=1 sk=0 di=1 do=1 es=1 bitcnt=5
[eep] cs=1 sk=1 di=1 do=1 es=1 bitcnt=5
[eep] cs=1 sk=0 di=1 do=1 es=1 bitcnt=6
[eep] cs=1 sk=1 di=1 do=1 es=1 bitcnt=6
[eep] cs=1 sk=0 di=0 do=1 es=1 bitcnt=7
[eep] cs=1 sk=1 di=0 do=1 es=1 bitcnt=7
[eep] cs=1 sk=0 di=0 do=1 es=3 bitcnt=0
[eep] cs=1 sk=1 di=0 do=1 es=3 bitcnt=0
[eep] cs=1 sk=0 di=0 do=1 es=3 bitcnt=1
[eep] cs=1 sk=1 di=0 do=1 es=3 bitcnt=1
[eep] cs=1 sk=0 di=0 do=1 es=3 bitcnt=2
[eep] cs=1 sk=1 di=0 do=1 es=3 bitcnt=2
[eep] cs=1 sk=0 di=0 do=1 es=3 bitcnt=3
[eep] cs=1 sk=1 di=0 do=1 es=3 bitcnt=3
[eep] cs=1 sk=0 di=0 do=1 es=3 bitcnt=4
[eep] cs=1 sk=1 di=0 do=1 es=3 bitcnt=4
[eep] cs=1 sk=0 di=0 do=1 es=3 bitcnt=5
[eep] cs=1 sk=1 di=0 do=1 es=3 bitcnt=5
[eep] cs=1 sk=0 di=0 do=1 es=3 bitcnt=6
[eep] cs=1 sk=1 di=0 do=1 es=3 bitcnt=6
[eep] cs=1 sk=0 di=0 do=1 es=3 bitcnt=7
[eep] cs=1 sk=1 di=0 do=1 es=3 bitcnt=7
[eep] cs=1 sk=0 di=0 do=1 es=3 bitcnt=8
[eep] cs=1 sk=1 di=0 do=1 es=3 bitcnt=8
[eep] cs=1 sk=0 di=0 do=1 es=3 bitcnt=9
[eep] cs=1 sk=1 di=0 do=1 es=3 bitcnt=9
[eep] cs=1 sk=0 di=0 do=1 es=3 bitcnt=10
[eep] cs=1 sk=1 di=0 do=1 es=3 bitcnt=10
[eep] cs=1 sk=0 di=0 do=1 es=3 bitcnt=11
[eep] cs=1 sk=1 di=0 do=1 es=3 bitcnt=11
[eep] cs=1 sk=0 di=0 do=1 es=3 bitcnt=12
[eep] cs=1 sk=1 di=0 do=1 es=3 bitcnt=12
[eep] cs=1 sk=0 di=0 do=1 es=3 bitcnt=13
[eep] cs=1 sk=1 di=0 do=1 es=3 bitcnt=13
[eep] cs=1 sk=0 di=0 do=1 es=3 bitcnt=14
[eep] cs=1 sk=1 di=0 do=1 es=3 bitcnt=14
[eep] cs=1 sk=0 di=0 do=1 es=3 bitcnt=15
[eep] cs=1 sk=1 di=0 do=1 es=3 bitcnt=15
[eep] cs=0 sk=0 di=0 do=1 es=4 bitcnt=0
[eep] cs=0 sk=1 di=0 do=1 es=0 bitcnt=0
[eep] cs=0 sk=0 di=0 do=1 es=0 bitcnt=0
[eep] cs=0 sk=1 di=0 do=1 es=0 bitcnt=0
[eep] cs=1 sk=0 di=0 do=1 es=0 bitcnt=0
[eep] cs=1 sk=1 di=0 do=1 es=0 bitcnt=0
[eep] cs=0 sk=0 di=0 do=1 es=0 bitcnt=0
[eep] cs=0 sk=1 di=0 do=1 es=0 bitcnt=0
[eep] cs=1 sk=0 di=0 do=1 es=0 bitcnt=0
[eep] cs=1 sk=1 di=0 do=1 es=0 bitcnt=0
[eep] cs=1 sk=0 di=1 do=1 es=0 bitcnt=0
[eep] cs=1 sk=1 di=1 do=1 es=0 bitcnt=0
[eep] cs=1 sk=0 di=0 do=1 es=1 bitcnt=0
[eep] cs=1 sk=1 di=0 do=1 es=1 bitcnt=0
[eep] cs=1 sk=0 di=1 do=1 es=1 bitcnt=1
[eep] cs=1 sk=1 di=1 do=1 es=1 bitcnt=1
[eep] cs=1 sk=0 di=1 do=1 es=1 bitcnt=2
[eep] cs=1 sk=1 di=1 do=1 es=1 bitcnt=2
[eep] cs=1 sk=0 di=1 do=1 es=1 bitcnt=3
[eep] cs=1 sk=1 di=1 do=1 es=1 bitcnt=3
[eep] cs=1 sk=0 di=0 do=1 es=1 bitcnt=4
[eep] cs=1 sk=1 di=0 do=1 es=1 bitcnt=4
[eep] cs=1 sk=0 di=1 do=1 es=1 bitcnt=5
[eep] cs=1 sk=1 di=1 do=1 es=1 bitcnt=5
[eep] cs=1 sk=0 di=1 do=1 es=1 bitcnt=6
[eep] cs=1 sk=1 di=1 do=1 es=1 bitcnt=6
[eep] cs=1 sk=0 di=1 do=1 es=1 bitcnt=7
[eep] cs=1 sk=1 di=1 do=1 es=1 bitcnt=7
[eep] cs=1 sk=0 di=0 do=1 es=3 bitcnt=0
[eep] cs=1 sk=1 di=0 do=1 es=3 bitcnt=0
[eep] cs=1 sk=0 di=0 do=1 es=3 bitcnt=1
[eep] cs=1 sk=1 di=0 do=1 es=3 bitcnt=1
[eep] cs=1 sk=0 di=0 do=1 es=3 bitcnt=2
[eep] cs=1 sk=1 di=0 do=1 es=3 bitcnt=2
[eep] cs=1 sk=0 di=0 do=1 es=3 bitcnt=3
[eep] cs=1 sk=1 di=0 do=1 es=3 bitcnt=3
[eep] cs=1 sk=0 di=0 do=1 es=3 bitcnt=4
[eep] cs=1 sk=1 di=0 do=1 es=3 bitcnt=4
[eep] cs=1 sk=0 di=0 do=1 es=3 bitcnt=5
[eep] cs=1 sk=1 di=0 do=1 es=3 bitcnt=5
[eep] cs=1 sk=0 di=0 do=1 es=3 bitcnt=6
[eep] cs=1 sk=1 di=0 do=1 es=3 bitcnt=6
[eep] cs=1 sk=0 di=0 do=1 es=3 bitcnt=7
[eep] cs=1 sk=1 di=0 do=1 es=3 bitcnt=7
[eep] cs=1 sk=0 di=0 do=1 es=3 bitcnt=8
[eep] cs=1 sk=1 di=0 do=1 es=3 bitcnt=8
[eep] cs=1 sk=0 di=0 do=1 es=3 bitcnt=9
[eep] cs=1 sk=1 di=0 do=1 es=3 bitcnt=9
[eep] cs=1 sk=0 di=0 do=1 es=3 bitcnt=10
[eep] cs=1 sk=1 di=0 do=1 es=3 bitcnt=10
[eep] cs=1 sk=0 di=0 do=1 es=3 bitcnt=11
[eep] cs=1 sk=1 di=0 do=1 es=3 bitcnt=11
[eep] cs=1 sk=0 di=0 do=1 es=3 bitcnt=12
[eep] cs=1 sk=1 di=0 do=1 es=3 bitcnt=12
[eep] cs=1 sk=0 di=0 do=1 es=3 bitcnt=13
[eep] cs=1 sk=1 di=0 do=1 es=3 bitcnt=13
[eep] cs=1 sk=0 di=0 do=1 es=3 bitcnt=14
[eep] cs=1 sk=1 di=0 do=1 es=3 bitcnt=14
[eep] cs=1 sk=0 di=0 do=1 es=3 bitcnt=15
[eep] cs=1 sk=1 di=0 do=1 es=3 bitcnt=15
[eep] cs=0 sk=0 di=0 do=1 es=4 bitcnt=0
[eep] cs=0 sk=1 di=0 do=1 es=0 bitcnt=0
[eep] cs=0 sk=0 di=0 do=1 es=0 bitcnt=0
[eep] cs=0 sk=1 di=0 do=1 es=0 bitcnt=0
[eep] cs=1 sk=0 di=0 do=1 es=0 bitcnt=0
[eep] cs=1 sk=1 di=0 do=1 es=0 bitcnt=0
[eep] cs=0 sk=0 di=0 do=1 es=0 bitcnt=0
[eep] cs=0 sk=1 di=0 do=1 es=0 bitcnt=0
[eep] cs=1 sk=0 di=0 do=1 es=0 bitcnt=0
[eep] cs=1 sk=1 di=0 do=1 es=0 bitcnt=0
[eep] cs=1 sk=0 di=1 do=1 es=0 bitcnt=0
[eep] cs=1 sk=1 di=1 do=1 es=0 bitcnt=0
[eep] cs=1 sk=0 di=0 do=1 es=1 bitcnt=0
[eep] cs=1 sk=1 di=0 do=1 es=1 bitcnt=0
[eep] cs=1 sk=0 di=1 do=1 es=1 bitcnt=1
[eep] cs=1 sk=1 di=1 do=1 es=1 bitcnt=1
[eep] cs=1 sk=0 di=1 do=1 es=1 bitcnt=2
[eep] cs=1 sk=1 di=1 do=1 es=1 bitcnt=2
[eep] cs=1 sk=0 di=1 do=1 es=1 bitcnt=3
[eep] cs=1 sk=1 di=1 do=1 es=1 bitcnt=3
[eep] cs=1 sk=0 di=1 do=1 es=1 bitcnt=4
[eep] cs=1 sk=1 di=1 do=1 es=1 bitcnt=4
[eep] cs=1 sk=0 di=0 do=1 es=1 bitcnt=5
[eep] cs=1 sk=1 di=0 do=1 es=1 bitcnt=5
[eep] cs=1 sk=0 di=0 do=1 es=1 bitcnt=6
[eep] cs=1 sk=1 di=0 do=1 es=1 bitcnt=6
[eep] cs=1 sk=0 di=0 do=1 es=1 bitcnt=7
[eep] cs=1 sk=1 di=0 do=1 es=1 bitcnt=7
[eep] cs=1 sk=0 di=0 do=1 es=3 bitcnt=0
[eep] cs=1 sk=1 di=0 do=1 es=3 bitcnt=0
[eep] cs=1 sk=0 di=0 do=1 es=3 bitcnt=1
[eep] cs=1 sk=1 di=0 do=1 es=3 bitcnt=1
[eep] cs=1 sk=0 di=0 do=1 es=3 bitcnt=2
[eep] cs=1 sk=1 di=0 do=1 es=3 bitcnt=2
[eep] cs=1 sk=0 di=0 do=1 es=3 bitcnt=3
[eep] cs=1 sk=1 di=0 do=1 es=3 bitcnt=3
[eep] cs=1 sk=0 di=0 do=1 es=3 bitcnt=4
[eep] cs=1 sk=1 di=0 do=1 es=3 bitcnt=4
[eep] cs=1 sk=0 di=0 do=1 es=3 bitcnt=5
[eep] cs=1 sk=1 di=0 do=1 es=3 bitcnt=5
[eep] cs=1 sk=0 di=0 do=1 es=3 bitcnt=6
[eep] cs=1 sk=1 di=0 do=1 es=3 bitcnt=6
[eep] cs=1 sk=0 di=0 do=1 es=3 bitcnt=7
[eep] cs=1 sk=1 di=0 do=1 es=3 bitcnt=7
[eep] cs=1 sk=0 di=0 do=1 es=3 bitcnt=8
[eep] cs=1 sk=1 di=0 do=1 es=3 bitcnt=8
[eep] cs=1 sk=0 di=0 do=1 es=3 bitcnt=9
[eep] cs=1 sk=1 di=0 do=1 es=3 bitcnt=9
[eep] cs=1 sk=0 di=0 do=1 es=3 bitcnt=10
[eep] cs=1 sk=1 di=0 do=1 es=3 bitcnt=10
[eep] cs=1 sk=0 di=0 do=1 es=3 bitcnt=11
[eep] cs=1 sk=1 di=0 do=1 es=3 bitcnt=11
[eep] cs=1 sk=0 di=0 do=1 es=3 bitcnt=12
[eep] cs=1 sk=1 di=0 do=1 es=3 bitcnt=12
[eep] cs=1 sk=0 di=0 do=1 es=3 bitcnt=13
[eep] cs=1 sk=1 di=0 do=1 es=3 bitcnt=13
[eep] cs=1 sk=0 di=0 do=1 es=3 bitcnt=14
[eep] cs=1 sk=1 di=0 do=1 es=3 bitcnt=14
[eep] cs=1 sk=0 di=0 do=1 es=3 bitcnt=15
[eep] cs=1 sk=1 di=0 do=1 es=3 bitcnt=15
[eep] cs=0 sk=0 di=0 do=1 es=4 bitcnt=0
[eep] cs=0 sk=1 di=0 do=1 es=0 bitcnt=0
[eep] cs=0 sk=0 di=0 do=1 es=0 bitcnt=0
[eep] cs=0 sk=1 di=0 do=1 es=0 bitcnt=0
[eep] cs=1 sk=0 di=0 do=1 es=0 bitcnt=0
[eep] cs=1 sk=1 di=0 do=1 es=0 bitcnt=0
[eep] cs=0 sk=0 di=0 do=1 es=0 bitcnt=0
[eep] cs=0 sk=1 di=0 do=1 es=0 bitcnt=0
[eep] cs=1 sk=0 di=0 do=1 es=0 bitcnt=0
[eep] cs=1 sk=1 di=0 do=1 es=0 bitcnt=0
[eep] cs=1 sk=0 di=1 do=1 es=0 bitcnt=0
[eep] cs=1 sk=1 di=1 do=1 es=0 bitcnt=0
[eep] cs=1 sk=0 di=0 do=1 es=1 bitcnt=0
[eep] cs=1 sk=1 di=0 do=1 es=1 bitcnt=0
[eep] cs=1 sk=0 di=1 do=1 es=1 bitcnt=1
[eep] cs=1 sk=1 di=1 do=1 es=1 bitcnt=1
[eep] cs=1 sk=0 di=1 do=1 es=1 bitcnt=2
[eep] cs=1 sk=1 di=1 do=1 es=1 bitcnt=2
[eep] cs=1 sk=0 di=1 do=1 es=1 bitcnt=3
[eep] cs=1 sk=1 di=1 do=1 es=1 bitcnt=3
[eep] cs=1 sk=0 di=1 do=1 es=1 bitcnt=4
[eep] cs=1 sk=1 di=1 do=1 es=1 bitcnt=4
[eep] cs=1 sk=0 di=0 do=1 es=1 bitcnt=5
[eep] cs=1 sk=1 di=0 do=1 es=1 bitcnt=5
[eep] cs=1 sk=0 di=0 do=1 es=1 bitcnt=6
[eep] cs=1 sk=1 di=0 do=1 es=1 bitcnt=6
[eep] cs=1 sk=0 di=1 do=1 es=1 bitcnt=7
[eep] cs=1 sk=1 di=1 do=1 es=1 bitcnt=7
[eep] cs=1 sk=0 di=0 do=1 es=3 bitcnt=0
[eep] cs=1 sk=1 di=0 do=1 es=3 bitcnt=0
[eep] cs=1 sk=0 di=0 do=1 es=3 bitcnt=1
[eep] cs=1 sk=1 di=0 do=1 es=3 bitcnt=1
[eep] cs=1 sk=0 di=0 do=1 es=3 bitcnt=2
[eep] cs=1 sk=1 di=0 do=1 es=3 bitcnt=2
[eep] cs=1 sk=0 di=0 do=1 es=3 bitcnt=3
[eep] cs=1 sk=1 di=0 do=1 es=3 bitcnt=3
[eep] cs=1 sk=0 di=0 do=1 es=3 bitcnt=4
[eep] cs=1 sk=1 di=0 do=1 es=3 bitcnt=4
[eep] cs=1 sk=0 di=0 do=1 es=3 bitcnt=5
[eep] cs=1 sk=1 di=0 do=1 es=3 bitcnt=5
[eep] cs=1 sk=0 di=0 do=1 es=3 bitcnt=6
[eep] cs=1 sk=1 di=0 do=1 es=3 bitcnt=6
[eep] cs=1 sk=0 di=0 do=1 es=3 bitcnt=7
[eep] cs=1 sk=1 di=0 do=1 es=3 bitcnt=7
[eep] cs=1 sk=0 di=0 do=1 es=3 bitcnt=8
[eep] cs=1 sk=1 di=0 do=1 es=3 bitcnt=8
[eep] cs=1 sk=0 di=0 do=1 es=3 bitcnt=9
[eep] cs=1 sk=1 di=0 do=1 es=3 bitcnt=9
[eep] cs=1 sk=0 di=0 do=1 es=3 bitcnt=10
[eep] cs=1 sk=1 di=0 do=1 es=3 bitcnt=10
[eep] cs=1 sk=0 di=0 do=1 es=3 bitcnt=11
[eep] cs=1 sk=1 di=0 do=1 es=3 bitcnt=11
[eep] cs=1 sk=0 di=0 do=1 es=3 bitcnt=12
[eep] cs=1 sk=1 di=0 do=1 es=3 bitcnt=12
[eep] cs=1 sk=0 di=0 do=1 es=3 bitcnt=13
[eep] cs=1 sk=1 di=0 do=1 es=3 bitcnt=13
[eep] cs=1 sk=0 di=0 do=1 es=3 bitcnt=14
[eep] cs=1 sk=1 di=0 do=1 es=3 bitcnt=14
[eep] cs=1 sk=0 di=0 do=1 es=3 bitcnt=15
[eep] cs=1 sk=1 di=0 do=1 es=3 bitcnt=15
[eep] cs=0 sk=0 di=0 do=1 es=4 bitcnt=0
[eep] cs=0 sk=1 di=0 do=1 es=0 bitcnt=0
[eep] cs=0 sk=0 di=0 do=1 es=0 bitcnt=0
[eep] cs=0 sk=1 di=0 do=1 es=0 bitcnt=0
[eep] cs=1 sk=0 di=0 do=1 es=0 bitcnt=0
[eep] cs=1 sk=1 di=0 do=1 es=0 bitcnt=0
[eep] cs=0 sk=0 di=0 do=1 es=0 bitcnt=0
[eep] cs=0 sk=1 di=0 do=1 es=0 bitcnt=0
[eep] cs=1 sk=0 di=0 do=1 es=0 bitcnt=0
[eep] cs=1 sk=1 di=0 do=1 es=0 bitcnt=0
[eep] cs=1 sk=0 di=1 do=1 es=0 bitcnt=0
[eep] cs=1 sk=1 di=1 do=1 es=0 bitcnt=0
[eep] cs=1 sk=0 di=0 do=1 es=1 bitcnt=0
[eep] cs=1 sk=1 di=0 do=1 es=1 bitcnt=0
[eep] cs=1 sk=0 di=1 do=1 es=1 bitcnt=1
[eep] cs=1 sk=1 di=1 do=1 es=1 bitcnt=1
[eep] cs=1 sk=0 di=1 do=1 es=1 bitcnt=2
[eep] cs=1 sk=1 di=1 do=1 es=1 bitcnt=2
[eep] cs=1 sk=0 di=1 do=1 es=1 bitcnt=3
[eep] cs=1 sk=1 di=1 do=1 es=1 bitcnt=3
[eep] cs=1 sk=0 di=1 do=1 es=1 bitcnt=4
[eep] cs=1 sk=1 di=1 do=1 es=1 bitcnt=4
[eep] cs=1 sk=0 di=0 do=1 es=1 bitcnt=5
[eep] cs=1 sk=1 di=0 do=1 es=1 bitcnt=5
[eep] cs=1 sk=0 di=1 do=1 es=1 bitcnt=6
[eep] cs=1 sk=1 di=1 do=1 es=1 bitcnt=6
[eep] cs=1 sk=0 di=0 do=1 es=1 bitcnt=7
[eep] cs=1 sk=1 di=0 do=1 es=1 bitcnt=7
[eep] cs=1 sk=0 di=0 do=1 es=3 bitcnt=0
[eep] cs=1 sk=1 di=0 do=1 es=3 bitcnt=0
[eep] cs=1 sk=0 di=0 do=1 es=3 bitcnt=1
[eep] cs=1 sk=1 di=0 do=1 es=3 bitcnt=1
[eep] cs=1 sk=0 di=0 do=1 es=3 bitcnt=2
[eep] cs=1 sk=1 di=0 do=1 es=3 bitcnt=2
[eep] cs=1 sk=0 di=0 do=1 es=3 bitcnt=3
[eep] cs=1 sk=1 di=0 do=1 es=3 bitcnt=3
[eep] cs=1 sk=0 di=0 do=1 es=3 bitcnt=4
[eep] cs=1 sk=1 di=0 do=1 es=3 bitcnt=4
[eep] cs=1 sk=0 di=0 do=1 es=3 bitcnt=5
[eep] cs=1 sk=1 di=0 do=1 es=3 bitcnt=5
[eep] cs=1 sk=0 di=0 do=1 es=3 bitcnt=6
[eep] cs=1 sk=1 di=0 do=1 es=3 bitcnt=6
[eep] cs=1 sk=0 di=0 do=1 es=3 bitcnt=7
[eep] cs=1 sk=1 di=0 do=1 es=3 bitcnt=7
[eep] cs=1 sk=0 di=0 do=1 es=3 bitcnt=8
[eep] cs=1 sk=1 di=0 do=1 es=3 bitcnt=8
[eep] cs=1 sk=0 di=0 do=1 es=3 bitcnt=9
[eep] cs=1 sk=1 di=0 do=1 es=3 bitcnt=9
[eep] cs=1 sk=0 di=0 do=1 es=3 bitcnt=10
[eep] cs=1 sk=1 di=0 do=1 es=3 bitcnt=10
[eep] cs=1 sk=0 di=0 do=1 es=3 bitcnt=11
[eep] cs=1 sk=1 di=0 do=1 es=3 bitcnt=11
[eep] cs=1 sk=0 di=0 do=1 es=3 bitcnt=12
[eep] cs=1 sk=1 di=0 do=1 es=3 bitcnt=12
[eep] cs=1 sk=0 di=0 do=1 es=3 bitcnt=13
[eep] cs=1 sk=1 di=0 do=1 es=3 bitcnt=13
[eep] cs=1 sk=0 di=0 do=1 es=3 bitcnt=14
[eep] cs=1 sk=1 di=0 do=1 es=3 bitcnt=14
[eep] cs=1 sk=0 di=0 do=1 es=3 bitcnt=15
[eep] cs=1 sk=1 di=0 do=1 es=3 bitcnt=15
[eep] cs=0 sk=0 di=0 do=1 es=4 bitcnt=0
[eep] cs=0 sk=1 di=0 do=1 es=0 bitcnt=0
[eep] cs=0 sk=0 di=0 do=1 es=0 bitcnt=0
[eep] cs=0 sk=1 di=0 do=1 es=0 bitcnt=0
[eep] cs=1 sk=0 di=0 do=1 es=0 bitcnt=0
[eep] cs=1 sk=1 di=0 do=1 es=0 bitcnt=0
[eep] cs=0 sk=0 di=0 do=1 es=0 bitcnt=0
[eep] cs=0 sk=1 di=0 do=1 es=0 bitcnt=0
[eep] cs=1 sk=0 di=0 do=1 es=0 bitcnt=0
[eep] cs=1 sk=1 di=0 do=1 es=0 bitcnt=0
[eep] cs=1 sk=0 di=1 do=1 es=0 bitcnt=0
[eep] cs=1 sk=1 di=1 do=1 es=0 bitcnt=0
[eep] cs=1 sk=0 di=0 do=1 es=1 bitcnt=0
[eep] cs=1 sk=1 di=0 do=1 es=1 bitcnt=0
[eep] cs=1 sk=0 di=1 do=1 es=1 bitcnt=1
[eep] cs=1 sk=1 di=1 do=1 es=1 bitcnt=1
[eep] cs=1 sk=0 di=1 do=1 es=1 bitcnt=2
[eep] cs=1 sk=1 di=1 do=1 es=1 bitcnt=2
[eep] cs=1 sk=0 di=1 do=1 es=1 bitcnt=3
[eep] cs=1 sk=1 di=1 do=1 es=1 bitcnt=3
[eep] cs=1 sk=0 di=1 do=1 es=1 bitcnt=4
[eep] cs=1 sk=1 di=1 do=1 es=1 bitcnt=4
[eep] cs=1 sk=0 di=0 do=1 es=1 bitcnt=5
[eep] cs=1 sk=1 di=0 do=1 es=1 bitcnt=5
[eep] cs=1 sk=0 di=1 do=1 es=1 bitcnt=6
[eep] cs=1 sk=1 di=1 do=1 es=1 bitcnt=6
[eep] cs=1 sk=0 di=1 do=1 es=1 bitcnt=7
[eep] cs=1 sk=1 di=1 do=1 es=1 bitcnt=7
[eep] cs=1 sk=0 di=0 do=1 es=3 bitcnt=0
[eep] cs=1 sk=1 di=0 do=1 es=3 bitcnt=0
[eep] cs=1 sk=0 di=0 do=1 es=3 bitcnt=1
[eep] cs=1 sk=1 di=0 do=1 es=3 bitcnt=1
[eep] cs=1 sk=0 di=0 do=1 es=3 bitcnt=2
[eep] cs=1 sk=1 di=0 do=1 es=3 bitcnt=2
[eep] cs=1 sk=0 di=0 do=1 es=3 bitcnt=3
[eep] cs=1 sk=1 di=0 do=1 es=3 bitcnt=3
[eep] cs=1 sk=0 di=0 do=1 es=3 bitcnt=4
[eep] cs=1 sk=1 di=0 do=1 es=3 bitcnt=4
[eep] cs=1 sk=0 di=0 do=1 es=3 bitcnt=5
[eep] cs=1 sk=1 di=0 do=1 es=3 bitcnt=5
[eep] cs=1 sk=0 di=0 do=1 es=3 bitcnt=6
[eep] cs=1 sk=1 di=0 do=1 es=3 bitcnt=6
[eep] cs=1 sk=0 di=0 do=1 es=3 bitcnt=7
[eep] cs=1 sk=1 di=0 do=1 es=3 bitcnt=7
[eep] cs=1 sk=0 di=0 do=1 es=3 bitcnt=8
[eep] cs=1 sk=1 di=0 do=1 es=3 bitcnt=8
[eep] cs=1 sk=0 di=0 do=1 es=3 bitcnt=9
[eep] cs=1 sk=1 di=0 do=1 es=3 bitcnt=9
[eep] cs=1 sk=0 di=0 do=1 es=3 bitcnt=10
[eep] cs=1 sk=1 di=0 do=1 es=3 bitcnt=10
[eep] cs=1 sk=0 di=0 do=1 es=3 bitcnt=11
[eep] cs=1 sk=1 di=0 do=1 es=3 bitcnt=11
[eep] cs=1 sk=0 di=0 do=1 es=3 bitcnt=12
[eep] cs=1 sk=1 di=0 do=1 es=3 bitcnt=12
[eep] cs=1 sk=0 di=0 do=1 es=3 bitcnt=13
[eep] cs=1 sk=1 di=0 do=1 es=3 bitcnt=13
[eep] cs=1 sk=0 di=0 do=1 es=3 bitcnt=14
[eep] cs=1 sk=1 di=0 do=1 es=3 bitcnt=14
[eep] cs=1 sk=0 di=0 do=1 es=3 bitcnt=15
[eep] cs=1 sk=1 di=0 do=1 es=3 bitcnt=15
[eep] cs=0 sk=0 di=0 do=1 es=4 bitcnt=0
[eep] cs=0 sk=1 di=0 do=1 es=0 bitcnt=0
[eep] cs=0 sk=0 di=0 do=1 es=0 bitcnt=0
[eep] cs=0 sk=1 di=0 do=1 es=0 bitcnt=0
[eep] cs=1 sk=0 di=0 do=1 es=0 bitcnt=0
[eep] cs=1 sk=1 di=0 do=1 es=0 bitcnt=0
[eep] cs=0 sk=0 di=0 do=1 es=0 bitcnt=0
[eep] cs=0 sk=1 di=0 do=1 es=0 bitcnt=0
[eep] cs=1 sk=0 di=0 do=1 es=0 bitcnt=0
[eep] cs=1 sk=1 di=0 do=1 es=0 bitcnt=0
[eep] cs=1 sk=0 di=1 do=1 es=0 bitcnt=0
[eep] cs=1 sk=1 di=1 do=1 es=0 bitcnt=0
[eep] cs=1 sk=0 di=0 do=1 es=1 bitcnt=0
[eep] cs=1 sk=1 di=0 do=1 es=1 bitcnt=0
[eep] cs=1 sk=0 di=1 do=1 es=1 bitcnt=1
[eep] cs=1 sk=1 di=1 do=1 es=1 bitcnt=1
[eep] cs=1 sk=0 di=1 do=1 es=1 bitcnt=2
[eep] cs=1 sk=1 di=1 do=1 es=1 bitcnt=2
[eep] cs=1 sk=0 di=1 do=1 es=1 bitcnt=3
[eep] cs=1 sk=1 di=1 do=1 es=1 bitcnt=3
[eep] cs=1 sk=0 di=1 do=1 es=1 bitcnt=4
[eep] cs=1 sk=1 di=1 do=1 es=1 bitcnt=4
[eep] cs=1 sk=0 di=1 do=1 es=1 bitcnt=5
[eep] cs=1 sk=1 di=1 do=1 es=1 bitcnt=5
[eep] cs=1 sk=0 di=0 do=1 es=1 bitcnt=6
[eep] cs=1 sk=1 di=0 do=1 es=1 bitcnt=6
[eep] cs=1 sk=0 di=0 do=1 es=1 bitcnt=7
[eep] cs=1 sk=1 di=0 do=1 es=1 bitcnt=7
[eep] cs=1 sk=0 di=0 do=1 es=3 bitcnt=0
[eep] cs=1 sk=1 di=0 do=1 es=3 bitcnt=0
[eep] cs=1 sk=0 di=0 do=1 es=3 bitcnt=1
[eep] cs=1 sk=1 di=0 do=1 es=3 bitcnt=1
[eep] cs=1 sk=0 di=0 do=1 es=3 bitcnt=2
[eep] cs=1 sk=1 di=0 do=1 es=3 bitcnt=2
[eep] cs=1 sk=0 di=0 do=1 es=3 bitcnt=3
[eep] cs=1 sk=1 di=0 do=1 es=3 bitcnt=3
[eep] cs=1 sk=0 di=0 do=1 es=3 bitcnt=4
[eep] cs=1 sk=1 di=0 do=1 es=3 bitcnt=4
[eep] cs=1 sk=0 di=0 do=1 es=3 bitcnt=5
[eep] cs=1 sk=1 di=0 do=1 es=3 bitcnt=5
[eep] cs=1 sk=0 di=0 do=1 es=3 bitcnt=6
[eep] cs=1 sk=1 di=0 do=1 es=3 bitcnt=6
[eep] cs=1 sk=0 di=0 do=1 es=3 bitcnt=7
[eep] cs=1 sk=1 di=0 do=1 es=3 bitcnt=7
[eep] cs=1 sk=0 di=0 do=1 es=3 bitcnt=8
[eep] cs=1 sk=1 di=0 do=1 es=3 bitcnt=8
[eep] cs=1 sk=0 di=0 do=1 es=3 bitcnt=9
[eep] cs=1 sk=1 di=0 do=1 es=3 bitcnt=9
[eep] cs=1 sk=0 di=0 do=1 es=3 bitcnt=10
[eep] cs=1 sk=1 di=0 do=1 es=3 bitcnt=10
[eep] cs=1 sk=0 di=0 do=1 es=3 bitcnt=11
[eep] cs=1 sk=1 di=0 do=1 es=3 bitcnt=11
[eep] cs=1 sk=0 di=0 do=1 es=3 bitcnt=12
[eep] cs=1 sk=1 di=0 do=1 es=3 bitcnt=12
[eep] cs=1 sk=0 di=0 do=1 es=3 bitcnt=13
[eep] cs=1 sk=1 di=0 do=1 es=3 bitcnt=13
[eep] cs=1 sk=0 di=0 do=1 es=3 bitcnt=14
[eep] cs=1 sk=1 di=0 do=1 es=3 bitcnt=14
[eep] cs=1 sk=0 di=0 do=1 es=3 bitcnt=15
[eep] cs=1 sk=1 di=0 do=1 es=3 bitcnt=15
[eep] cs=0 sk=0 di=0 do=1 es=4 bitcnt=0
[eep] cs=0 sk=1 di=0 do=1 es=0 bitcnt=0
[eep] cs=0 sk=0 di=0 do=1 es=0 bitcnt=0
[eep] cs=0 sk=1 di=0 do=1 es=0 bitcnt=0
[eep] cs=1 sk=0 di=0 do=1 es=0 bitcnt=0
[eep] cs=1 sk=1 di=0 do=1 es=0 bitcnt=0
[eep] cs=0 sk=0 di=0 do=1 es=0 bitcnt=0
[eep] cs=0 sk=1 di=0 do=1 es=0 bitcnt=0
[eep] cs=1 sk=0 di=0 do=1 es=0 bitcnt=0
[eep] cs=1 sk=1 di=0 do=1 es=0 bitcnt=0
[eep] cs=1 sk=0 di=1 do=1 es=0 bitcnt=0
[eep] cs=1 sk=1 di=1 do=1 es=0 bitcnt=0
[eep] cs=1 sk=0 di=0 do=1 es=1 bitcnt=0
[eep] cs=1 sk=1 di=0 do=1 es=1 bitcnt=0
[eep] cs=1 sk=0 di=1 do=1 es=1 bitcnt=1
[eep] cs=1 sk=1 di=1 do=1 es=1 bitcnt=1
[eep] cs=1 sk=0 di=1 do=1 es=1 bitcnt=2
[eep] cs=1 sk=1 di=1 do=1 es=1 bitcnt=2
[eep] cs=1 sk=0 di=1 do=1 es=1 bitcnt=3
[eep] cs=1 sk=1 di=1 do=1 es=1 bitcnt=3
[eep] cs=1 sk=0 di=1 do=1 es=1 bitcnt=4
[eep] cs=1 sk=1 di=1 do=1 es=1 bitcnt=4
[eep] cs=1 sk=0 di=1 do=1 es=1 bitcnt=5
[eep] cs=1 sk=1 di=1 do=1 es=1 bitcnt=5
[eep] cs=1 sk=0 di=0 do=1 es=1 bitcnt=6
[eep] cs=1 sk=1 di=0 do=1 es=1 bitcnt=6
[eep] cs=1 sk=0 di=1 do=1 es=1 bitcnt=7
[eep] cs=1 sk=1 di=1 do=1 es=1 bitcnt=7
[eep] cs=1 sk=0 di=0 do=1 es=3 bitcnt=0
[eep] cs=1 sk=1 di=0 do=1 es=3 bitcnt=0
[eep] cs=1 sk=0 di=0 do=1 es=3 bitcnt=1
[eep] cs=1 sk=1 di=0 do=1 es=3 bitcnt=1
[eep] cs=1 sk=0 di=0 do=1 es=3 bitcnt=2
[eep] cs=1 sk=1 di=0 do=1 es=3 bitcnt=2
[eep] cs=1 sk=0 di=0 do=1 es=3 bitcnt=3
[eep] cs=1 sk=1 di=0 do=1 es=3 bitcnt=3
[eep] cs=1 sk=0 di=0 do=1 es=3 bitcnt=4
[eep] cs=1 sk=1 di=0 do=1 es=3 bitcnt=4
[eep] cs=1 sk=0 di=0 do=1 es=3 bitcnt=5
[eep] cs=1 sk=1 di=0 do=1 es=3 bitcnt=5
[eep] cs=1 sk=0 di=0 do=1 es=3 bitcnt=6
[eep] cs=1 sk=1 di=0 do=1 es=3 bitcnt=6
[eep] cs=1 sk=0 di=0 do=1 es=3 bitcnt=7
[eep] cs=1 sk=1 di=0 do=1 es=3 bitcnt=7
[eep] cs=1 sk=0 di=0 do=1 es=3 bitcnt=8
[eep] cs=1 sk=1 di=0 do=1 es=3 bitcnt=8
[eep] cs=1 sk=0 di=0 do=1 es=3 bitcnt=9
[eep] cs=1 sk=1 di=0 do=1 es=3 bitcnt=9
[eep] cs=1 sk=0 di=0 do=1 es=3 bitcnt=10
[eep] cs=1 sk=1 di=0 do=1 es=3 bitcnt=10
[eep] cs=1 sk=0 di=0 do=1 es=3 bitcnt=11
[eep] cs=1 sk=1 di=0 do=1 es=3 bitcnt=11
[eep] cs=1 sk=0 di=0 do=1 es=3 bitcnt=12
[eep] cs=1 sk=1 di=0 do=1 es=3 bitcnt=12
[eep] cs=1 sk=0 di=0 do=1 es=3 bitcnt=13
[eep] cs=1 sk=1 di=0 do=1 es=3 bitcnt=13
[eep] cs=1 sk=0 di=0 do=1 es=3 bitcnt=14
[eep] cs=1 sk=1 di=0 do=1 es=3 bitcnt=14
[eep] cs=1 sk=0 di=0 do=1 es=3 bitcnt=15
[eep] cs=1 sk=1 di=0 do=1 es=3 bitcnt=15
[eep] cs=0 sk=0 di=0 do=1 es=4 bitcnt=0
[eep] cs=0 sk=1 di=0 do=1 es=0 bitcnt=0
[eep] cs=0 sk=0 di=0 do=1 es=0 bitcnt=0
[eep] cs=0 sk=1 di=0 do=1 es=0 bitcnt=0
[eep] cs=1 sk=0 di=0 do=1 es=0 bitcnt=0
[eep] cs=1 sk=1 di=0 do=1 es=0 bitcnt=0
[eep] cs=0 sk=0 di=0 do=1 es=0 bitcnt=0
[eep] cs=0 sk=1 di=0 do=1 es=0 bitcnt=0
[eep] cs=1 sk=0 di=0 do=1 es=0 bitcnt=0
[eep] cs=1 sk=1 di=0 do=1 es=0 bitcnt=0
[eep] cs=1 sk=0 di=1 do=1 es=0 bitcnt=0
[eep] cs=1 sk=1 di=1 do=1 es=0 bitcnt=0
[eep] cs=1 sk=0 di=0 do=1 es=1 bitcnt=0
[eep] cs=1 sk=1 di=0 do=1 es=1 bitcnt=0
[eep] cs=1 sk=0 di=1 do=1 es=1 bitcnt=1
[eep] cs=1 sk=1 di=1 do=1 es=1 bitcnt=1
[eep] cs=1 sk=0 di=1 do=1 es=1 bitcnt=2
[eep] cs=1 sk=1 di=1 do=1 es=1 bitcnt=2
[eep] cs=1 sk=0 di=1 do=1 es=1 bitcnt=3
[eep] cs=1 sk=1 di=1 do=1 es=1 bitcnt=3
[eep] cs=1 sk=0 di=1 do=1 es=1 bitcnt=4
[eep] cs=1 sk=1 di=1 do=1 es=1 bitcnt=4
[eep] cs=1 sk=0 di=1 do=1 es=1 bitcnt=5
[eep] cs=1 sk=1 di=1 do=1 es=1 bitcnt=5
[eep] cs=1 sk=0 di=1 do=1 es=1 bitcnt=6
[eep] cs=1 sk=1 di=1 do=1 es=1 bitcnt=6
[eep] cs=1 sk=0 di=0 do=1 es=1 bitcnt=7
[eep] cs=1 sk=1 di=0 do=1 es=1 bitcnt=7
[eep] cs=1 sk=0 di=0 do=1 es=3 bitcnt=0
[eep] cs=1 sk=1 di=0 do=1 es=3 bitcnt=0
[eep] cs=1 sk=0 di=0 do=1 es=3 bitcnt=1
[eep] cs=1 sk=1 di=0 do=1 es=3 bitcnt=1
[eep] cs=1 sk=0 di=0 do=1 es=3 bitcnt=2
[eep] cs=1 sk=1 di=0 do=1 es=3 bitcnt=2
[eep] cs=1 sk=0 di=0 do=1 es=3 bitcnt=3
[eep] cs=1 sk=1 di=0 do=1 es=3 bitcnt=3
[eep] cs=1 sk=0 di=0 do=1 es=3 bitcnt=4
[eep] cs=1 sk=1 di=0 do=1 es=3 bitcnt=4
[eep] cs=1 sk=0 di=0 do=1 es=3 bitcnt=5
[eep] cs=1 sk=1 di=0 do=1 es=3 bitcnt=5
[eep] cs=1 sk=0 di=0 do=1 es=3 bitcnt=6
[eep] cs=1 sk=1 di=0 do=1 es=3 bitcnt=6
[eep] cs=1 sk=0 di=0 do=1 es=3 bitcnt=7
[eep] cs=1 sk=1 di=0 do=1 es=3 bitcnt=7
[eep] cs=1 sk=0 di=0 do=1 es=3 bitcnt=8
[eep] cs=1 sk=1 di=0 do=1 es=3 bitcnt=8
[eep] cs=1 sk=0 di=0 do=1 es=3 bitcnt=9
[eep] cs=1 sk=1 di=0 do=1 es=3 bitcnt=9
[eep] cs=1 sk=0 di=0 do=1 es=3 bitcnt=10
[eep] cs=1 sk=1 di=0 do=1 es=3 bitcnt=10
[eep] cs=1 sk=0 di=0 do=1 es=3 bitcnt=11
[eep] cs=1 sk=1 di=0 do=1 es=3 bitcnt=11
[eep] cs=1 sk=0 di=0 do=1 es=3 bitcnt=12
[eep] cs=1 sk=1 di=0 do=1 es=3 bitcnt=12
[eep] cs=1 sk=0 di=0 do=1 es=3 bitcnt=13
[eep] cs=1 sk=1 di=0 do=1 es=3 bitcnt=13
[eep] cs=1 sk=0 di=0 do=1 es=3 bitcnt=14
[eep] cs=1 sk=1 di=0 do=1 es=3 bitcnt=14
[eep] cs=1 sk=0 di=0 do=1 es=3 bitcnt=15
[eep] cs=1 sk=1 di=0 do=1 es=3 bitcnt=15
[eep] cs=0 sk=0 di=0 do=1 es=4 bitcnt=0
[eep] cs=0 sk=1 di=0 do=1 es=0 bitcnt=0
[eep] cs=0 sk=0 di=0 do=1 es=0 bitcnt=0
[eep] cs=0 sk=1 di=0 do=1 es=0 bitcnt=0
[eep] cs=1 sk=0 di=0 do=1 es=0 bitcnt=0
[eep] cs=1 sk=1 di=0 do=1 es=0 bitcnt=0
[eep] cs=0 sk=0 di=0 do=1 es=0 bitcnt=0
[eep] cs=0 sk=1 di=0 do=1 es=0 bitcnt=0
[eep] cs=1 sk=0 di=0 do=1 es=0 bitcnt=0
[eep] cs=1 sk=1 di=0 do=1 es=0 bitcnt=0
[eep] cs=1 sk=0 di=1 do=1 es=0 bitcnt=0
[eep] cs=1 sk=1 di=1 do=1 es=0 bitcnt=0
[eep] cs=1 sk=0 di=0 do=1 es=1 bitcnt=0
[eep] cs=1 sk=1 di=0 do=1 es=1 bitcnt=0
[eep] cs=1 sk=0 di=1 do=1 es=1 bitcnt=1
[eep] cs=1 sk=1 di=1 do=1 es=1 bitcnt=1
[eep] cs=1 sk=0 di=1 do=1 es=1 bitcnt=2
[eep] cs=1 sk=1 di=1 do=1 es=1 bitcnt=2
[eep] cs=1 sk=0 di=1 do=1 es=1 bitcnt=3
[eep] cs=1 sk=1 di=1 do=1 es=1 bitcnt=3
[eep] cs=1 sk=0 di=1 do=1 es=1 bitcnt=4
[eep] cs=1 sk=1 di=1 do=1 es=1 bitcnt=4
[eep] cs=1 sk=0 di=1 do=1 es=1 bitcnt=5
[eep] cs=1 sk=1 di=1 do=1 es=1 bitcnt=5
[eep] cs=1 sk=0 di=1 do=1 es=1 bitcnt=6
[eep] cs=1 sk=1 di=1 do=1 es=1 bitcnt=6
[eep] cs=1 sk=0 di=1 do=1 es=1 bitcnt=7
[eep] cs=1 sk=1 di=1 do=1 es=1 bitcnt=7
[eep] cs=1 sk=0 di=0 do=1 es=3 bitcnt=0
[eep] cs=1 sk=1 di=0 do=1 es=3 bitcnt=0
[eep] cs=1 sk=0 di=0 do=1 es=3 bitcnt=1
[eep] cs=1 sk=1 di=0 do=1 es=3 bitcnt=1
[eep] cs=1 sk=0 di=0 do=1 es=3 bitcnt=2
[eep] cs=1 sk=1 di=0 do=1 es=3 bitcnt=2
[eep] cs=1 sk=0 di=0 do=1 es=3 bitcnt=3
[eep] cs=1 sk=1 di=0 do=1 es=3 bitcnt=3
[eep] cs=1 sk=0 di=0 do=1 es=3 bitcnt=4
[eep] cs=1 sk=1 di=0 do=1 es=3 bitcnt=4
[eep] cs=1 sk=0 di=0 do=1 es=3 bitcnt=5
[eep] cs=1 sk=1 di=0 do=1 es=3 bitcnt=5
[eep] cs=1 sk=0 di=0 do=1 es=3 bitcnt=6
[eep] cs=1 sk=1 di=0 do=1 es=3 bitcnt=6
[eep] cs=1 sk=0 di=0 do=1 es=3 bitcnt=7
[eep] cs=1 sk=1 di=0 do=1 es=3 bitcnt=7
[eep] cs=1 sk=0 di=0 do=1 es=3 bitcnt=8
[eep] cs=1 sk=1 di=0 do=1 es=3 bitcnt=8
[eep] cs=1 sk=0 di=0 do=1 es=3 bitcnt=9
[eep] cs=1 sk=1 di=0 do=1 es=3 bitcnt=9
[eep] cs=1 sk=0 di=0 do=1 es=3 bitcnt=10
[eep] cs=1 sk=1 di=0 do=1 es=3 bitcnt=10
[eep] cs=1 sk=0 di=0 do=1 es=3 bitcnt=11
[eep] cs=1 sk=1 di=0 do=1 es=3 bitcnt=11
[eep] cs=1 sk=0 di=0 do=1 es=3 bitcnt=12
[eep] cs=1 sk=1 di=0 do=1 es=3 bitcnt=12
[eep] cs=1 sk=0 di=0 do=1 es=3 bitcnt=13
[eep] cs=1 sk=1 di=0 do=1 es=3 bitcnt=13
[eep] cs=1 sk=0 di=0 do=1 es=3 bitcnt=14
[eep] cs=1 sk=1 di=0 do=1 es=3 bitcnt=14
[eep] cs=1 sk=0 di=0 do=1 es=3 bitcnt=15
[eep] cs=1 sk=1 di=0 do=1 es=3 bitcnt=15
[eep] cs=0 sk=0 di=0 do=1 es=4 bitcnt=0
[eep] cs=0 sk=1 di=0 do=1 es=0 bitcnt=0
[eep] cs=0 sk=0 di=0 do=1 es=0 bitcnt=0
[eep] cs=0 sk=1 di=0 do=1 es=0 bitcnt=0
[eep] cs=1 sk=0 di=0 do=1 es=0 bitcnt=0
[eep] cs=1 sk=1 di=0 do=1 es=0 bitcnt=0
[eep] cs=0 sk=0 di=0 do=1 es=0 bitcnt=0
[mixw] pc=0006625b mreg[27] <= 1b00 (byte ofs 04e) busA=61004e
[mixw] pc=0006625b mreg[26] <= 3e49 (byte ofs 04c) busA=61004c
[mixw] pc=0006625b mreg[25] <= 0000 (byte ofs 04a) busA=61004a
[mixw] pc=0006625b mreg[24] <= 0000 (byte ofs 048) busA=610048
[mixw] pc=0006625b mreg[23] <= 0000 (byte ofs 046) busA=610046
[mixw] pc=0006625b mreg[22] <= 0000 (byte ofs 044) busA=610044
[mixw] pc=0006625b mreg[21] <= 0000 (byte ofs 042) busA=610042
[mixw] pc=0006625b mreg[20] <= 0000 (byte ofs 040) busA=610040
[mixw] pc=0006625b mreg[1f] <= 0000 (byte ofs 03e) busA=61003e
[mixw] pc=0006625b mreg[1e] <= 0000 (byte ofs 03c) busA=61003c
[mixw] pc=0006625b mreg[1d] <= 0000 (byte ofs 03a) busA=61003a
[mixw] pc=0006625b mreg[1c] <= 5216 (byte ofs 038) busA=610038
[mixw] pc=0006625b mreg[1b] <= 571b (byte ofs 036) busA=610036
[mixw] pc=0006625b mreg[1a] <= 4300 (byte ofs 034) busA=610034
[mixw] pc=0006625b mreg[19] <= 4000 (byte ofs 032) busA=610032
[mixw] pc=0006625b mreg[18] <= 4000 (byte ofs 030) busA=610030
[mixw] pc=0006625b mreg[17] <= 0070 (byte ofs 02e) busA=61002e
[mixw] pc=0006625b mreg[16] <= 0071 (byte ofs 02c) busA=61002c
[mixw] pc=0006625b mreg[15] <= 0071 (byte ofs 02a) busA=61002a
[mixw] pc=0006625b mreg[14] <= 0367 (byte ofs 028) busA=610028
[mixw] pc=0006625b mreg[13] <= 036d (byte ofs 026) busA=610026
[mixw] pc=0006625b mreg[12] <= 036c (byte ofs 024) busA=610024
[mixw] pc=0006625b mreg[11] <= 036e (byte ofs 022) busA=610022
[mixw] pc=0006625b mreg[10] <= 007f (byte ofs 020) busA=610020
[mixw] pc=0006625b mreg[0f] <= 0000 (byte ofs 01e) busA=61001e
[mixw] pc=0006625b mreg[0e] <= 0000 (byte ofs 01c) busA=61001c
[mixw] pc=0006625b mreg[0d] <= 0000 (byte ofs 01a) busA=61001a
[mixw] pc=0006625b mreg[0c] <= 0000 (byte ofs 018) busA=610018
[mixw] pc=0006625b mreg[0b] <= 0000 (byte ofs 016) busA=610016
[mixw] pc=0006625b mreg[0a] <= 0000 (byte ofs 014) busA=610014
[mixw] pc=0006625b mreg[09] <= 0000 (byte ofs 012) busA=610012
[mixw] pc=0006625b mreg[08] <= 0000 (byte ofs 010) busA=610010
[mixw] pc=0006625b mreg[07] <= 0000 (byte ofs 00e) busA=61000e
[mixw] pc=0006625b mreg[06] <= 0000 (byte ofs 00c) busA=61000c
[mixw] pc=0006625b mreg[05] <= 0000 (byte ofs 00a) busA=61000a
[mixw] pc=0006625b mreg[04] <= 0000 (byte ofs 008) busA=610008
[mixw] pc=0006625b mreg[03] <= 0006 (byte ofs 006) busA=610006
[mixw] pc=0006625b mreg[02] <= 0008 (byte ofs 004) busA=610004
[mixw] pc=0006625b mreg[01] <= 000a (byte ofs 002) busA=610002
[mixw] pc=0006625b mreg[00] <= 000e (byte ofs 000) busA=610000
[exc] vec=40 sbr=0007f000 sp=0020fff8 retpc=00066245 handler=[0007f100]=0007f500 cur_op=09
[mixw] pc=0007f506 mreg[18] <= 4000 (byte ofs 030) busA=610030
[mixw] pc=0007f506 mreg[19] <= 4000 (byte ofs 032) busA=610032
[mixw] pc=0007f506 mreg[1a] <= 4300 (byte ofs 034) busA=610034
[mixw] pc=0007f506 mreg[1b] <= 571b (byte ofs 036) busA=610036
[mixw] pc=0007f506 mreg[1c] <= 5216 (byte ofs 038) busA=610038
[mixw] pc=0007f506 mreg[1d] <= 0000 (byte ofs 03a) busA=61003a
[mixw] pc=0007f506 mreg[1e] <= 0000 (byte ofs 03c) busA=61003c
[mixw] pc=0007f506 mreg[1f] <= 0000 (byte ofs 03e) busA=61003e
[mixw] pc=0007f506 mreg[20] <= 0000 (byte ofs 040) busA=610040
[mixw] pc=0007f506 mreg[21] <= 0000 (byte ofs 042) busA=610042
[mixw] pc=0007f506 mreg[22] <= 0000 (byte ofs 044) busA=610044
[mixw] pc=0007f506 mreg[23] <= 0000 (byte ofs 046) busA=610046
[mixw] pc=0007f506 mreg[24] <= 0000 (byte ofs 048) busA=610048
[mixw] pc=0007f506 mreg[25] <= 0000 (byte ofs 04a) busA=61004a
[mixw] pc=0007f506 mreg[26] <= 3e49 (byte ofs 04c) busA=61004c
[mixw] pc=0007f506 mreg[27] <= 1b00 (byte ofs 04e) busA=61004e
[intc] pc=0007f549 wr [d00006] = fe00 be=10
[exc] vec=41 sbr=0007f000 sp=0020fff8 retpc=00066245 handler=[0007f104]=0007f560 cur_op=09
[intc] pc=0007f56e wr [d00006] = fd00 be=10
[exc] vec=40 sbr=0007f000 sp=0020fff8 retpc=00070289 handler=[0007f100]=0007f500 cur_op=c7
[mixw] pc=0007f506 mreg[18] <= 4000 (byte ofs 030) busA=610030
[mixw] pc=0007f506 mreg[19] <= 4000 (byte ofs 032) busA=610032
[mixw] pc=0007f506 mreg[1a] <= 4300 (byte ofs 034) busA=610034
[mixw] pc=0007f506 mreg[1b] <= 571b (byte ofs 036) busA=610036
[mixw] pc=0007f506 mreg[1c] <= 5216 (byte ofs 038) busA=610038
[mixw] pc=0007f506 mreg[1d] <= 0000 (byte ofs 03a) busA=61003a
[mixw] pc=0007f506 mreg[1e] <= 0000 (byte ofs 03c) busA=61003c
[mixw] pc=0007f506 mreg[1f] <= 0000 (byte ofs 03e) busA=61003e
[mixw] pc=0007f506 mreg[20] <= 0000 (byte ofs 040) busA=610040
[mixw] pc=0007f506 mreg[21] <= 0000 (byte ofs 042) busA=610042
[mixw] pc=0007f506 mreg[22] <= 0000 (byte ofs 044) busA=610044
[mixw] pc=0007f506 mreg[23] <= 0000 (byte ofs 046) busA=610046
[mixw] pc=0007f506 mreg[24] <= 0000 (byte ofs 048) busA=610048
[mixw] pc=0007f506 mreg[25] <= 0000 (byte ofs 04a) busA=61004a
[mixw] pc=0007f506 mreg[26] <= 3e49 (byte ofs 04c) busA=61004c
[mixw] pc=0007f506 mreg[27] <= 1b00 (byte ofs 04e) busA=61004e
[intc] pc=0007f549 wr [d00006] = fe00 be=10
[exc] vec=41 sbr=0007f000 sp=0020fff8 retpc=00070289 handler=[0007f104]=0007f560 cur_op=c7
[intc] pc=0007f56e wr [d00006] = fd00 be=10
[exc] vec=40 sbr=0007f000 sp=0020fff8 retpc=00070285 handler=[0007f100]=0007f500 cur_op=f0
[mixw] pc=0007f506 mreg[18] <= 4000 (byte ofs 030) busA=610030
[mixw] pc=0007f506 mreg[19] <= 4000 (byte ofs 032) busA=610032
[mixw] pc=0007f506 mreg[1a] <= 4300 (byte ofs 034) busA=610034
[mixw] pc=0007f506 mreg[1b] <= 571b (byte ofs 036) busA=610036
[mixw] pc=0007f506 mreg[1c] <= 5216 (byte ofs 038) busA=610038
[mixw] pc=0007f506 mreg[1d] <= 0000 (byte ofs 03a) busA=61003a
[mixw] pc=0007f506 mreg[1e] <= 0000 (byte ofs 03c) busA=61003c
[mixw] pc=0007f506 mreg[1f] <= 0000 (byte ofs 03e) busA=61003e
[intc] pc=0007f549 wr [d00006] = fe00 be=10
[exc] vec=41 sbr=0007f000 sp=0020fff8 retpc=00070285 handler=[0007f104]=0007f560 cur_op=f0
[intc] pc=0007f56e wr [d00006] = fd00 be=10
[exc] vec=40 sbr=0007f000 sp=0020fff8 retpc=00070289 handler=[0007f100]=0007f500 cur_op=c7
[intc] pc=0007f549 wr [d00006] = fe00 be=10
[exc] vec=41 sbr=0007f000 sp=0020fff8 retpc=00070285 handler=[0007f104]=0007f560 cur_op=f0
[intc] pc=0007f56e wr [d00006] = fd00 be=10
[exc] vec=40 sbr=0007f000 sp=0020fff8 retpc=00070289 handler=[0007f100]=0007f500 cur_op=c7
[intc] pc=0007f549 wr [d00006] = fe00 be=10
[exc] vec=41 sbr=0007f000 sp=0020fff8 retpc=00070289 handler=[0007f104]=0007f560 cur_op=c7
[intc] pc=0007f56e wr [d00006] = fd00 be=10
[exc] vec=40 sbr=0007f000 sp=0020fff8 retpc=00070285 handler=[0007f100]=0007f500 cur_op=f0
[intc] pc=0007f549 wr [d00006] = fe00 be=10
[exc] vec=41 sbr=0007f000 sp=0020fff8 retpc=00070285 handler=[0007f104]=0007f560 cur_op=f0
[intc] pc=0007f56e wr [d00006] = fd00 be=10
[intc] pc=0007f549 wr [d00006] = fe00 be=10
[intc] pc=0007f56e wr [d00006] = fd00 be=10
[intc] pc=0007f549 wr [d00006] = fe00 be=10
[intc] pc=0007f56e wr [d00006] = fd00 be=10
[intc] pc=0007f549 wr [d00006] = fe00 be=10
[intc] pc=0007f56e wr [d00006] = fd00 be=10
[intc] pc=0007f549 wr [d00006] = fe00 be=10
[intc] pc=0007f56e wr [d00006] = fd00 be=10
[intc] pc=0007f5a0 wr [d0000a] = 0023 be=11
[intc] pc=0007f5aa wr [d00006] = ef00 be=10
[intc] pc=0007f5a0 wr [d0000a] = 0023 be=11
[intc] pc=0007f5aa wr [d00006] = ef00 be=10
[intc] pc=0007f5a0 wr [d0000a] = 0023 be=11
[intc] pc=0007f5aa wr [d00006] = ef00 be=10
[intc] pc=0007f5a0 wr [d0000a] = 0023 be=11
[intc] pc=0007f5aa wr [d00006] = ef00 be=10
--- last jumps (oldest first) ---
  00070289 -> 00070285
  00070289 -> 00070285
  00070289 -> 00070285
  00070289 -> 00070285
  00070289 -> 00070285
  00070289 -> 00070285
  00070289 -> 00070285
  00070289 -> 00070285
  00070289 -> 00070285
  00070289 -> 00070285
  00070289 -> 00070285
  00070289 -> 00070285
  00070289 -> 00070285
  00070289 -> 00070285
  00070289 -> 00070285
  00070289 -> 00070285
  00070289 -> 00070285
  00070289 -> 00070285
  00070289 -> 00070285
  00070289 -> 00070285
  00070289 -> 00070285
  00070289 -> 00070285
  00070289 -> 00070285
  00070289 -> 00070285
  00070289 -> 00070285
  00070289 -> 00070285
  00070289 -> 00070285
  00070289 -> 00070285
  00070289 -> 00070285
  00070289 -> 00070285
  00070289 -> 00070285
  00070289 -> 00070285
  00070289 -> 00070285
  00070289 -> 00070285
  00070289 -> 00070285
  00070289 -> 00070285
  00070289 -> 00070285
  00070289 -> 00070285
  00070289 -> 00070285
  00070289 -> 00070285
  00070289 -> 00070285
  00070289 -> 00070285
  00070289 -> 00070285
  00070289 -> 00070285
  00070289 -> 00070285
  00070289 -> 00070285
  00070289 -> 00070285
  00070289 -> 00070285
--- last non-ROM reads (oldest first) ---
  pc=00070285 rd [20f000] = 0000
  pc=00070285 rd [20f000] = 0000
  pc=00070285 rd [20f000] = 0000
  pc=00070285 rd [20f000] = 0000
  pc=00070285 rd [20f000] = 0000
  pc=00070285 rd [20f000] = 0000
  pc=00070285 rd [20f000] = 0000
  pc=00070285 rd [20f000] = 0000
  pc=00070285 rd [20f000] = 0000
  pc=00070285 rd [20f000] = 0000
  pc=00070285 rd [20f000] = 0000
  pc=00070285 rd [20f000] = 0000
  pc=00070285 rd [20f000] = 0000
  pc=00070285 rd [20f000] = 0000
  pc=00070285 rd [20f000] = 0000
  pc=00070285 rd [20f000] = 0000
  pc=00070285 rd [20f000] = 0000
  pc=00070285 rd [20f000] = 0000
  pc=00070285 rd [20f000] = 0000
  pc=00070285 rd [20f000] = 0000
  pc=00070285 rd [20f000] = 0000
  pc=00070285 rd [20f000] = 0000
  pc=00070285 rd [20f000] = 0000
  pc=00070285 rd [20f000] = 0000
ROMBOOT DONE
- D:\Arcade\AI\s32\verif\common\tb_core_romboot.sv:1675: Verilog $finish
- S i m u l a t i o n   R e p o r t: Verilator 5.050 2026-07-01
- Verilator: $finish at 666ms; walltime 66.944 s; speed 9.945 ms/s
- Verilator: cpu 65.391 s on 1 threads; allocated 34 MB

